experiment,algorithm,environment,episode,episode_reward,average_predicted_q,successful_landing,success_rate_100,thruster_activations,episode_steps,epsilon,mean_loss,global_step,episode_seconds
ddqn_modified,DDQN,Modified,1,-157.38704460207737,0.23927843570709229,0,0.0,46,65,0.9993565,,65,0.002902917010942474
ddqn_modified,DDQN,Modified,2,-552.7499898132546,0.23927843570709229,0,0.0,71,98,0.9983863,,163,0.003374540974618867
ddqn_modified,DDQN,Modified,3,-178.53059446485923,0.23927843570709229,0,0.0,96,115,0.9972478,,278,0.003851916000712663
ddqn_modified,DDQN,Modified,4,-185.83267658493395,0.23927843570709229,0,0.0,68,84,0.9964162,,362,0.0029016250045970082
ddqn_modified,DDQN,Modified,5,-340.4789498919425,0.23927843570709229,0,0.0,84,115,0.9952777,,477,0.003416249994188547
ddqn_modified,DDQN,Modified,6,-250.5570431686681,0.23927843570709229,0,0.0,77,104,0.9942481,,581,0.0030007080058567226
ddqn_modified,DDQN,Modified,7,-214.43848860135017,0.23927843570709229,0,0.0,55,75,0.9935056,,656,0.004098417004570365
ddqn_modified,DDQN,Modified,8,-338.1222313021237,0.23927843570709229,0,0.0,51,68,0.9928324,,724,0.002468082995619625
ddqn_modified,DDQN,Modified,9,-470.2569926603904,0.23927843570709229,0,0.0,78,104,0.9918028,,828,0.0032233750098384917
ddqn_modified,DDQN,Modified,10,-375.5684717592306,0.23927843570709229,0,0.0,99,129,0.9905257,,957,0.0038145839935168624
ddqn_modified,DDQN,Modified,11,-83.39365626302387,-0.04803473502397537,0,0.0,43,60,0.9899317,3.120059805757859,1017,0.012638542015338317
ddqn_modified,DDQN,Modified,12,-167.2617331505632,-1.2535295486450195,0,0.0,60,77,0.9891694,2.3048265816329363,1094,0.05281529200146906
ddqn_modified,DDQN,Modified,13,-136.94383404063248,-1.235807180404663,0,0.0,67,84,0.9883378,1.956028938293457,1178,0.0493866250035353
ddqn_modified,DDQN,Modified,14,-113.78039685775951,-1.0300787687301636,0,0.0,62,90,0.9874468,1.7200615962346395,1268,0.04973683398566209
ddqn_modified,DDQN,Modified,15,-342.8823064301972,-0.7317970991134644,0,0.0,83,117,0.9862885,1.8620045350657568,1385,0.0657721669995226
ddqn_modified,DDQN,Modified,16,-132.39635654138945,-0.3911594748497009,0,0.0,60,76,0.9855361,1.3426414920311225,1461,0.04124841699376702
ddqn_modified,DDQN,Modified,17,-284.18444123613494,-0.7111879587173462,0,0.0,67,95,0.9845956,1.5493143147543857,1556,0.05596762499772012
ddqn_modified,DDQN,Modified,18,-184.69843557555913,-0.6464627981185913,0,0.0,79,94,0.983665,1.3489354294031224,1650,0.05152883401024155
ddqn_modified,DDQN,Modified,19,-113.5988774947181,-0.39860063791275024,0,0.0,66,93,0.9827443,1.3047729557560337,1743,0.05356775000109337
ddqn_modified,DDQN,Modified,20,-123.19221425452128,-0.5830439329147339,0,0.0,52,63,0.9821206,1.6037028578538743,1806,0.036320416984381154
ddqn_modified,DDQN,Modified,21,-215.89077205795746,-0.291977196931839,0,0.0,54,71,0.9814177,1.6460260574666548,1877,0.04160049997153692
ddqn_modified,DDQN,Modified,22,-136.97884457409918,-0.36264169216156006,0,0.0,69,91,0.9805168,1.318527075943056,1968,0.05138212500605732
ddqn_modified,DDQN,Modified,23,2.9372692245046608,-0.588371753692627,0,0.0,65,85,0.9796753,1.6301144468433717,2053,0.048395250021712855
ddqn_modified,DDQN,Modified,24,-138.48317598245674,-0.2629120349884033,0,0.0,55,75,0.9789328,1.4931533761819205,2128,0.04185116701410152
ddqn_modified,DDQN,Modified,25,-76.13705704206322,-0.1346205770969391,1,0.04,65,84,0.9781012,1.3554166686676798,2212,0.04848033399321139
ddqn_modified,DDQN,Modified,26,-89.23563404110484,-0.08175898343324661,0,0.038461538461538464,61,75,0.9773587,1.4121489955981572,2287,0.0416157919971738
ddqn_modified,DDQN,Modified,27,-298.1540211602038,-0.5497550368309021,0,0.037037037037037035,65,83,0.976537,1.3530930228621127,2370,0.04890733299544081
ddqn_modified,DDQN,Modified,28,-255.66756778916226,-0.20516462624073029,0,0.03571428571428571,80,105,0.9754975,1.5231647060030982,2475,0.06296666600974277
ddqn_modified,DDQN,Modified,29,-94.10501770279066,-0.17262272536754608,0,0.034482758620689655,41,58,0.9749233,1.6468323828845188,2533,0.032219374988926575
ddqn_modified,DDQN,Modified,30,-314.7207084122174,-0.04808212071657181,0,0.03333333333333333,59,80,0.9741313,1.4818123187869787,2613,0.04803604100015946
ddqn_modified,DDQN,Modified,31,-193.57221104646038,0.1347171664237976,0,0.03225806451612903,98,131,0.9728344,1.147174473823482,2744,0.08650804200442508
ddqn_modified,DDQN,Modified,32,-87.14121513088308,-0.1226021945476532,0,0.03125,58,74,0.9721018,1.640952930257127,2818,0.0423392080119811
ddqn_modified,DDQN,Modified,33,-197.42888928933445,0.02781531773507595,0,0.030303030303030304,94,121,0.9709039,1.441847518948484,2939,0.07368324999697506
ddqn_modified,DDQN,Modified,34,-247.58924209909446,-0.27118808031082153,0,0.029411764705882353,81,104,0.9698743,1.3277757925769458,3043,0.0614348339731805
ddqn_modified,DDQN,Modified,35,-185.93884679127927,-0.13440561294555664,0,0.02857142857142857,73,103,0.9688546,1.4717614610218308,3146,0.05971074997796677
ddqn_modified,DDQN,Modified,36,-176.3051891999762,-0.15932278335094452,0,0.027777777777777776,86,114,0.967726,1.3716591967825305,3260,0.0771985000174027
ddqn_modified,DDQN,Modified,37,-126.88660964578558,-0.2343055158853531,0,0.02702702702702703,47,60,0.967132,1.3149789827565352,3320,0.032998249982483685
ddqn_modified,DDQN,Modified,38,-132.22697667231904,0.08531416207551956,0,0.02631578947368421,59,77,0.9663697,1.4595369884333054,3397,0.04889974999241531
ddqn_modified,DDQN,Modified,39,-123.43086893035004,-0.13629114627838135,0,0.02564102564102564,60,77,0.9656074,1.2157991025354955,3474,0.045830916991690174
ddqn_modified,DDQN,Modified,40,-192.81688053704045,0.2530980110168457,0,0.025,104,123,0.9643897,1.529519556499109,3597,0.06938691600225866
ddqn_modified,DDQN,Modified,41,-85.04589158448037,0.2584949731826782,0,0.024390243902439025,96,127,0.9631324,1.351640634180054,3724,0.07582970900693908
ddqn_modified,DDQN,Modified,42,-170.88517166693572,0.23076003789901733,0,0.023809523809523808,56,74,0.9623998,1.3143257053719986,3798,0.04142583298380487
ddqn_modified,DDQN,Modified,43,-216.24911516573889,0.375785768032074,0,0.023255813953488372,83,112,0.961291,1.2482455857098103,3910,0.07041904199286364
ddqn_modified,DDQN,Modified,44,-179.61050230584152,0.40333783626556396,0,0.022727272727272728,72,101,0.9602911,1.448478847889617,4011,0.059912249998888
ddqn_modified,DDQN,Modified,45,-128.2999777145552,0.3448634147644043,0,0.022222222222222223,48,66,0.9596377,1.602680373824004,4077,0.0389009999926202
ddqn_modified,DDQN,Modified,46,-195.03969330683987,0.4080638885498047,0,0.021739130434782608,67,84,0.9588061,1.300191960874058,4161,0.05405304199666716
ddqn_modified,DDQN,Modified,47,-155.75846985848028,0.2533935308456421,0,0.02127659574468085,75,93,0.9578854,1.5003225559829383,4254,0.05344779201550409
ddqn_modified,DDQN,Modified,48,-126.54698794888179,0.23222313821315765,0,0.020833333333333332,67,91,0.9569845,1.3607556385980857,4345,0.05284679200849496
ddqn_modified,DDQN,Modified,49,-160.44645297263673,0.200959250330925,0,0.02040816326530612,83,97,0.9560242,1.348525818475743,4442,0.05645737500162795
ddqn_modified,DDQN,Modified,50,1.2010851249472552,0.4830814003944397,0,0.02,68,82,0.9552124,1.39654885777613,4524,0.050721374980639666
ddqn_modified,DDQN,Modified,51,-201.0754131399906,0.8184359669685364,0,0.0196078431372549,76,96,0.9542619999999999,1.5287301146114867,4620,0.05523108399938792
ddqn_modified,DDQN,Modified,52,-57.63335318924973,0.7127954959869385,0,0.019230769230769232,86,120,0.953074,1.3801907210300366,4740,0.06886216599377804
ddqn_modified,DDQN,Modified,53,-487.8124204354106,0.5648175477981567,0,0.018867924528301886,72,90,0.952183,1.5241609692573548,4830,0.060218957980396226
ddqn_modified,DDQN,Modified,54,-78.98629312842647,0.6779633164405823,0,0.018518518518518517,51,68,0.9515098,1.458371312740971,4898,0.03802795801311731
ddqn_modified,DDQN,Modified,55,-145.32316937932316,0.3836578130722046,0,0.01818181818181818,57,77,0.9507475,1.572323521042799,4975,0.04481145800673403
ddqn_modified,DDQN,Modified,56,-128.75470254771184,0.9893487691879272,0,0.017857142857142856,76,103,0.9497278,1.4648372976525317,5078,0.058876374998362735
ddqn_modified,DDQN,Modified,57,-47.84282268952161,0.7617102861404419,0,0.017543859649122806,54,71,0.9490249,1.3956173326767667,5149,0.03774333299952559
ddqn_modified,DDQN,Modified,58,-112.65942466706632,0.756865382194519,0,0.017241379310344827,90,122,0.9478171,1.6562546799417401,5271,0.07237712500500493
ddqn_modified,DDQN,Modified,59,-216.82663449214,0.8935613632202148,0,0.01694915254237288,65,85,0.9469756,1.5500759373692905,5356,0.0557500830036588
ddqn_modified,DDQN,Modified,60,-155.76078846575172,1.0024363994598389,0,0.016666666666666666,74,101,0.9459757,1.6026873317095314,5457,0.05638875000295229
ddqn_modified,DDQN,Modified,61,-153.00098689971196,0.8613742589950562,0,0.01639344262295082,54,71,0.9452728,1.3927703671891924,5528,0.041998500004410744
ddqn_modified,DDQN,Modified,62,-136.62219088777758,1.0099998712539673,0,0.016129032258064516,48,68,0.9445996,1.692190461737268,5596,0.04078620800282806
ddqn_modified,DDQN,Modified,63,-262.9576783004846,1.4939268827438354,0,0.015873015873015872,73,104,0.94357,1.4818886458300626,5700,0.058412083017174155
ddqn_modified,DDQN,Modified,64,-273.6472563939718,1.0908317565917969,0,0.015625,77,98,0.9425998,1.5672719849615682,5798,0.05609029100742191
ddqn_modified,DDQN,Modified,65,-204.64499198830373,1.015575885772705,0,0.015384615384615385,67,94,0.9416692,1.5085360696341128,5892,0.05578191697713919
ddqn_modified,DDQN,Modified,66,-156.57492121285958,1.4212052822113037,0,0.015151515151515152,57,76,0.9409168,1.4134060236576356,5968,0.04841324998415075
ddqn_modified,DDQN,Modified,67,-122.45604404444211,1.6272647380828857,0,0.014925373134328358,59,88,0.9400456,1.8737929961220785,6056,0.05298512501758523
ddqn_modified,DDQN,Modified,68,-256.9109045038126,1.56519615650177,0,0.014705882352941176,79,96,0.9390952,1.5370136400063832,6152,0.05496554099954665
ddqn_modified,DDQN,Modified,69,-224.78074097928703,1.5103538036346436,0,0.014492753623188406,68,89,0.9382141,1.6312239350897542,6241,0.051251875003799796
ddqn_modified,DDQN,Modified,70,-303.4761427879301,1.6142665147781372,0,0.014285714285714285,69,97,0.9372538,1.3070346594778532,6338,0.05635970798903145
ddqn_modified,DDQN,Modified,71,-129.81860170625464,1.384780764579773,0,0.014084507042253521,79,111,0.9361549,1.6555255549448031,6449,0.06706487500923686
ddqn_modified,DDQN,Modified,72,-138.26628462299232,1.7455589771270752,0,0.013888888888888888,72,98,0.9351847,1.608929775503217,6547,0.05978116599726491
ddqn_modified,DDQN,Modified,73,-142.44762717381698,2.1125802993774414,0,0.0136986301369863,70,85,0.9343432,1.537751088773503,6632,0.05158729199320078
ddqn_modified,DDQN,Modified,74,-72.27537834375283,2.154306650161743,0,0.013513513513513514,44,66,0.9336898,1.7120966026277253,6698,0.06349358402076177
ddqn_modified,DDQN,Modified,75,-155.58304266266515,2.069972276687622,0,0.013333333333333334,51,66,0.9330364,1.3661583625909053,6764,0.06690512501518242
ddqn_modified,DDQN,Modified,76,-209.8813237895144,1.906998872756958,0,0.013157894736842105,61,89,0.9321553,1.7287920812207662,6853,0.05720766700687818
ddqn_modified,DDQN,Modified,77,-114.26549396735791,1.9723018407821655,0,0.012987012987012988,76,94,0.9312247,1.7470295644821006,6947,0.05671662499662489
ddqn_modified,DDQN,Modified,78,-138.9251850453562,2.1866250038146973,0,0.01282051282051282,65,85,0.9303832,1.628229063924621,7032,0.050228375010192394
ddqn_modified,DDQN,Modified,79,-102.35628856668556,2.197808265686035,0,0.012658227848101266,50,73,0.9296605,1.7202979991697285,7105,0.04271887501818128
ddqn_modified,DDQN,Modified,80,-147.68887184254277,2.509286642074585,0,0.0125,56,78,0.9288883,1.6073971279920676,7183,0.044640708016231656
ddqn_modified,DDQN,Modified,81,-80.91069343307674,2.5817131996154785,0,0.012345679012345678,52,63,0.9282646,1.8821605749073482,7246,0.036700084019685164
ddqn_modified,DDQN,Modified,82,-118.8425036445798,2.566176414489746,0,0.012195121951219513,102,130,0.9269776,1.626306579204706,7376,0.07436770800268278
ddqn_modified,DDQN,Modified,83,-112.13464269922856,2.264522075653076,0,0.012048192771084338,60,76,0.9262252,1.5127297369273085,7452,0.04397537498152815
ddqn_modified,DDQN,Modified,84,-142.3730542136094,2.7455790042877197,0,0.011904761904761904,58,78,0.925453,1.5228112599788568,7530,0.046352290984941646
ddqn_modified,DDQN,Modified,85,-173.35247164369855,3.027775287628174,0,0.011764705882352941,74,99,0.9244729,1.61521907963536,7629,0.05767645800369792
ddqn_modified,DDQN,Modified,86,-133.52828094887934,2.3460633754730225,0,0.011627906976744186,74,91,0.923572,1.7427290006653293,7720,0.050440624996554106
ddqn_modified,DDQN,Modified,87,-91.48879197032784,2.797562599182129,0,0.011494252873563218,88,103,0.9225523,1.7173144308108728,7823,0.06014383400906809
ddqn_modified,DDQN,Modified,88,-92.31742657719916,2.708467483520508,0,0.011363636363636364,47,61,0.9219484,1.4795352415960343,7884,0.034294624987524
ddqn_modified,DDQN,Modified,89,-205.26638976599065,2.477919578552246,0,0.011235955056179775,50,62,0.9213346,1.6823794260140388,7946,0.03605887497542426
ddqn_modified,DDQN,Modified,90,-208.9998350860431,2.8427326679229736,0,0.011111111111111112,71,86,0.9204832000000001,1.92616557104643,8032,0.0499837500101421
ddqn_modified,DDQN,Modified,91,-155.2669136190553,2.744098663330078,0,0.01098901098901099,84,106,0.9194338,1.6026794685507721,8138,0.05904920800821856
ddqn_modified,DDQN,Modified,92,-157.7453826260283,2.6996068954467773,0,0.010869565217391304,61,78,0.9186616,1.6297302014934711,8216,0.04530329199042171
ddqn_modified,DDQN,Modified,93,-180.09611251778668,2.9411888122558594,0,0.010752688172043012,82,105,0.9176221,1.62143227770215,8321,0.05860520800342783
ddqn_modified,DDQN,Modified,94,-223.9820086896877,2.547555446624756,0,0.010638297872340425,93,120,0.9164341,1.6932167035837968,8441,0.07607145799556747
ddqn_modified,DDQN,Modified,95,-138.10224205986566,3.020930528640747,0,0.010526315789473684,70,93,0.9155134,1.560217893892719,8534,0.058641958981752396
ddqn_modified,DDQN,Modified,96,-129.12580590183168,3.0462374687194824,0,0.010416666666666666,79,115,0.9143749,1.8796319098576255,8649,0.0699719589902088
ddqn_modified,DDQN,Modified,97,-183.63393424379768,2.9323105812072754,0,0.010309278350515464,87,102,0.9133651,1.5398609664510279,8751,0.06351616600295529
ddqn_modified,DDQN,Modified,98,-90.4446084467429,2.833505868911743,0,0.01020408163265306,66,84,0.9125335,1.4600162807674635,8835,0.049375750008039176
ddqn_modified,DDQN,Modified,99,-102.16817248495933,3.225492238998413,0,0.010101010101010102,49,64,0.9118999,1.8167064073495567,8899,0.037761000014143065
ddqn_modified,DDQN,Modified,100,-147.8959046568284,3.6665501594543457,0,0.01,93,124,0.9106723,1.5386859745748582,9023,0.07630725001217797
ddqn_modified,DDQN,Modified,101,-5.050038718583423,3.5787878036499023,1,0.02,53,64,0.9100387,1.7948791733942926,9087,0.037214791984297335
ddqn_modified,DDQN,Modified,102,-103.82687232556671,3.3775532245635986,0,0.02,75,94,0.9091081,1.578052633937369,9181,0.05412287497892976
ddqn_modified,DDQN,Modified,103,-140.74936292981283,3.4895358085632324,0,0.02,72,92,0.9081973,1.8473218640555507,9273,0.05418325000209734
ddqn_modified,DDQN,Modified,104,-82.80481383595597,3.4688942432403564,0,0.02,49,63,0.9075736,1.6498779356479645,9336,0.039290749991778284
ddqn_modified,DDQN,Modified,105,-206.87304065491696,3.6076712608337402,0,0.02,95,125,0.9063361,1.7080440902709961,9461,0.06901575002120808
ddqn_modified,DDQN,Modified,106,-150.88120269822878,3.8730015754699707,0,0.02,77,99,0.905356,1.5485017001628876,9560,0.059403833001852036
ddqn_modified,DDQN,Modified,107,-95.59431053340992,4.211396217346191,0,0.02,50,64,0.9047224,1.8289627716876566,9624,0.03987916698679328
ddqn_modified,DDQN,Modified,108,-135.9952163407753,4.099239349365234,0,0.02,66,84,0.9038908,1.930780020498094,9708,0.04896687500877306
ddqn_modified,DDQN,Modified,109,-120.36420148496445,3.9829394817352295,0,0.02,109,134,0.9025642,1.8118277156530922,9842,0.08027604199014604
ddqn_modified,DDQN,Modified,110,-186.2982073544308,3.598520278930664,0,0.02,71,86,0.9017128,1.7670942711275677,9928,0.05156320802052505
ddqn_modified,DDQN,Modified,111,-18.352864726633932,3.9779491424560547,1,0.03,57,72,0.901,1.8805983782642417,10000,0.040434124995954335
ddqn_modified,DDQN,Modified,112,-137.5197073705256,4.477351665496826,0,0.03,81,104,0.8999704,1.5514456113943687,10104,0.09317558299517259
ddqn_modified,DDQN,Modified,113,-82.69738985382187,4.024051189422607,0,0.03,61,75,0.8992279,1.8011961698532104,10179,0.045106542005669326
ddqn_modified,DDQN,Modified,114,-53.8635882018262,4.316194534301758,0,0.03,103,124,0.8980003,1.6728940471526115,10303,0.08518920899950899
ddqn_modified,DDQN,Modified,115,-146.37366802488606,4.076787948608398,0,0.03,83,94,0.8970697,1.6962121217808825,10397,0.05443854199256748
ddqn_modified,DDQN,Modified,116,-29.916381590880874,4.649701118469238,0,0.03,93,118,0.8959015,1.7300451579740492,10515,0.06901300000026822
ddqn_modified,DDQN,Modified,117,-193.67270381512876,4.96920108795166,0,0.03,67,80,0.8951095,1.9481650725007058,10595,0.04738000000361353
ddqn_modified,DDQN,Modified,118,-141.15771472390907,4.59981632232666,0,0.03,66,85,0.894268,1.7981774729840896,10680,0.050014916982036084
ddqn_modified,DDQN,Modified,119,-163.2494351251491,4.622718811035156,0,0.03,63,85,0.8934265,1.6699778378009795,10765,0.051228708995040506
ddqn_modified,DDQN,Modified,120,-162.59580718447765,4.854314804077148,0,0.03,76,97,0.8924662,1.9219789478889446,10862,0.0525881249923259
ddqn_modified,DDQN,Modified,121,-105.36076929108987,4.337441444396973,0,0.03,45,58,0.891892,1.7668603910454388,10920,0.036114583985181525
ddqn_modified,DDQN,Modified,122,-151.71985762769344,4.244875431060791,0,0.03,115,135,0.8905555,1.7800452291965485,11055,0.08170454198261723
ddqn_modified,DDQN,Modified,123,-141.98368711379905,4.047652721405029,0,0.03,52,64,0.8899219,1.537407552357763,11119,0.03845845800242387
ddqn_modified,DDQN,Modified,124,-98.62867675407462,4.885839462280273,0,0.03,54,66,0.8892685,1.8024682113618562,11185,0.03872204100480303
ddqn_modified,DDQN,Modified,125,-110.11822506898514,4.574459552764893,0,0.02,59,82,0.8884567,1.741502682610256,11267,0.05126104099326767
ddqn_modified,DDQN,Modified,126,-232.45521314270502,4.780810356140137,0,0.02,93,114,0.8873281,1.7462253737867923,11381,0.06558583298465237
ddqn_modified,DDQN,Modified,127,-126.74771950102235,4.602428913116455,0,0.02,77,101,0.8863282,1.9147836595478624,11482,0.05954749998636544
ddqn_modified,DDQN,Modified,128,-142.5185167238883,4.540773868560791,0,0.02,74,95,0.8853877,1.7875119030475617,11577,0.055825832998380065
ddqn_modified,DDQN,Modified,129,-51.682027748806206,4.195466041564941,1,0.03,77,101,0.8843878000000001,1.7044742010017433,11678,0.06084379201638512
ddqn_modified,DDQN,Modified,130,-57.55540608021892,4.559975624084473,1,0.04,83,97,0.8834275,1.7061246599733215,11775,0.07159483298892155
ddqn_modified,DDQN,Modified,131,-185.17687290142163,4.185893535614014,0,0.04,58,77,0.8826652,2.1313249805530945,11852,0.04914212500443682
ddqn_modified,DDQN,Modified,132,-118.61714053736013,4.215976715087891,0,0.04,57,79,0.8818831,1.6538820221454282,11931,0.04886383400298655
ddqn_modified,DDQN,Modified,133,-136.6078461964615,3.8958044052124023,0,0.04,69,83,0.8810614,1.7616740587245987,12014,0.05735975000425242
ddqn_modified,DDQN,Modified,134,-123.00375138779404,4.031680107116699,0,0.04,71,93,0.8801407,1.6201494134241534,12107,0.06503716699080542
ddqn_modified,DDQN,Modified,135,-120.16781584174262,4.216730117797852,0,0.04,65,85,0.8792992,2.1796848872128654,12192,0.050280541996471584
ddqn_modified,DDQN,Modified,136,-67.92240661266919,4.54945182800293,0,0.04,66,79,0.8785171,1.534230813949923,12271,0.04857366700889543
ddqn_modified,DDQN,Modified,137,-202.86310527601668,4.519951820373535,0,0.04,103,130,0.8772301,1.689073069049762,12401,0.08222625000053085
ddqn_modified,DDQN,Modified,138,-102.86150648241367,3.9050281047821045,0,0.04,78,109,0.876151,1.8477142628179777,12510,0.0650858330191113
ddqn_modified,DDQN,Modified,139,-110.39015300063782,3.3847837448120117,0,0.04,61,76,0.8753986,1.595182519602148,12586,0.04757866699947044
ddqn_modified,DDQN,Modified,140,-134.71860411548892,3.9408726692199707,0,0.04,89,108,0.8743294,1.9314374725023906,12694,0.06617179099703208
ddqn_modified,DDQN,Modified,141,-87.83934311128324,3.8646421432495117,0,0.04,61,80,0.8735374,2.216950798779726,12774,0.04853900001035072
ddqn_modified,DDQN,Modified,142,-148.19147226424343,3.647090435028076,0,0.04,96,122,0.8723296,1.7121305636695174,12896,0.07164404200739227
ddqn_modified,DDQN,Modified,143,-111.26023031218402,4.04442024230957,0,0.04,61,84,0.871498,1.9411764141349566,12980,0.04708774999016896
ddqn_modified,DDQN,Modified,144,-19.219465432712724,3.5800909996032715,1,0.05,67,80,0.870706,1.645915562286973,13060,0.046357749990420416
ddqn_modified,DDQN,Modified,145,-158.47137520111482,3.6985487937927246,0,0.05,76,102,0.8696962,1.8862395391744726,13162,0.05858495898428373
ddqn_modified,DDQN,Modified,146,-140.85481965168506,3.898073673248291,0,0.05,63,80,0.8689042,2.0778291318565607,13242,0.044198457995662466
ddqn_modified,DDQN,Modified,147,-112.54365210497161,3.8917202949523926,0,0.05,57,78,0.868132,2.1830809727693214,13320,0.04454841697588563
ddqn_modified,DDQN,Modified,148,-85.4593376486537,4.101045608520508,0,0.05,85,123,0.8669143,2.151402110491342,13443,0.07388449998688884
ddqn_modified,DDQN,Modified,149,-105.90872284389118,3.634617805480957,0,0.05,52,64,0.8662807,2.1065658582374454,13507,0.036281874985434115
ddqn_modified,DDQN,Modified,150,-10.590200450680193,3.3828883171081543,1,0.06,48,64,0.8656471,1.9837131118401885,13571,0.03484120799112134
ddqn_modified,DDQN,Modified,151,-45.064876215657236,3.2303168773651123,1,0.07,66,84,0.8648155,1.297727501818112,13655,0.04961295801331289
ddqn_modified,DDQN,Modified,152,-103.85213739869022,3.3969240188598633,0,0.07,69,90,0.8639245,1.5924599091211955,13745,0.052313667023554444
ddqn_modified,DDQN,Modified,153,-140.20092386728302,3.188356637954712,0,0.07,75,105,0.862885,1.3171517621903193,13850,0.06068862500251271
ddqn_modified,DDQN,Modified,154,-171.98984047735962,3.6028530597686768,0,0.07,77,102,0.8618752000000001,1.8358750223529106,13952,0.06756170900189318
ddqn_modified,DDQN,Modified,155,-93.83359285076081,2.8849992752075195,0,0.07,59,72,0.8611624,1.9181789139078722,14024,0.0434078749967739
ddqn_modified,DDQN,Modified,156,-197.5539860948186,2.760918617248535,0,0.07,75,91,0.8602615,1.8355046726845123,14115,0.052832000015769154
ddqn_modified,DDQN,Modified,157,-106.88729610037866,2.853825569152832,0,0.07,48,66,0.8596081,1.9853648073745496,14181,0.03837737502180971
ddqn_modified,DDQN,Modified,158,-57.27091172553817,2.84468150138855,0,0.07,42,63,0.8589844,2.0375171899795532,14244,0.038038875005440786
ddqn_modified,DDQN,Modified,159,-158.0676338595213,2.9917774200439453,0,0.07,58,70,0.8582914,1.8704581916332246,14314,0.04276820900849998
ddqn_modified,DDQN,Modified,160,-72.58991290284716,2.9520790576934814,0,0.07,47,67,0.8576281,1.9428515643326205,14381,0.03803583301487379
ddqn_modified,DDQN,Modified,161,-106.66984492306145,2.877249240875244,0,0.07,56,74,0.8568955,1.733219171295295,14455,0.04438700000173412
ddqn_modified,DDQN,Modified,162,-125.65181734406445,2.45719313621521,0,0.07,71,93,0.8559748,2.0515776141997306,14548,0.0568081249948591
ddqn_modified,DDQN,Modified,163,-40.83051182410233,2.3208706378936768,1,0.08,69,85,0.8551333,2.034859378898845,14633,0.055924540996784344
ddqn_modified,DDQN,Modified,164,-97.26932112196813,2.7212510108947754,0,0.08,59,71,0.8544304,1.4998566424342947,14704,0.04180737500428222
ddqn_modified,DDQN,Modified,165,-133.80072339989022,2.567002058029175,0,0.08,54,75,0.8536878999999999,1.7948590743541717,14779,0.05170229100622237
ddqn_modified,DDQN,Modified,166,-68.05086203260066,2.3730247020721436,0,0.08,102,133,0.8523712,2.231538432209115,14912,0.07555145802325569
ddqn_modified,DDQN,Modified,167,-126.08786650290878,2.5451622009277344,0,0.08,74,93,0.8514505,1.4677859463037983,15005,0.06246675000875257
ddqn_modified,DDQN,Modified,168,-86.54962298967982,1.863939881324768,0,0.08,61,83,0.8506288,1.9497981010431267,15088,0.061751000001095235
ddqn_modified,DDQN,Modified,169,-91.58589126337965,2.1556410789489746,0,0.08,95,116,0.8494804,1.9561243242230908,15204,0.06867558299563825
ddqn_modified,DDQN,Modified,170,-92.90805231254177,1.8867648839950562,0,0.08,67,92,0.8485696,1.6363121310006017,15296,0.05877729199710302
ddqn_modified,DDQN,Modified,171,-40.52073732647086,2.0662856101989746,0,0.08,78,94,0.847639,2.070251817398883,15390,0.058028833009302616
ddqn_modified,DDQN,Modified,172,-118.47874095232655,2.3500800132751465,0,0.08,40,59,0.8470549,1.9483134473784496,15449,0.034731749998172745
ddqn_modified,DDQN,Modified,173,19.095622802926215,1.4311020374298096,0,0.08,61,75,0.8463124,1.9866941388448078,15524,0.043473583995364606
ddqn_modified,DDQN,Modified,174,-28.563295473665292,1.9616105556488037,1,0.09,72,94,0.8453818,1.9189690899975755,15618,0.05632570802117698
ddqn_modified,DDQN,Modified,175,-147.64842790271265,1.5362834930419922,0,0.09,65,84,0.8445502,1.8380736719284738,15702,0.0535522080026567
ddqn_modified,DDQN,Modified,176,-169.03046904014604,2.3025777339935303,0,0.09,73,92,0.8436394,1.5853453550649725,15794,0.05408866697689518
ddqn_modified,DDQN,Modified,177,-106.77659511697975,1.9604095220565796,0,0.09,69,95,0.8426989,1.686737235282597,15889,0.05559524998534471
ddqn_modified,DDQN,Modified,178,-121.38315795587795,1.5440304279327393,0,0.09,47,65,0.8420554,1.8058878568502572,15954,0.037015915993833914
ddqn_modified,DDQN,Modified,179,-117.59304316234005,1.458552360534668,0,0.09,84,107,0.8409961,1.723032655838494,16061,0.0604036669828929
ddqn_modified,DDQN,Modified,180,-125.56734465729028,1.881564974784851,0,0.09,66,92,0.8400853,1.8267293381302252,16153,0.0541344579833094
ddqn_modified,DDQN,Modified,181,-118.31033998717083,1.4556093215942383,0,0.09,63,84,0.8392537,1.759808488190174,16237,0.04729300001054071
ddqn_modified,DDQN,Modified,182,-143.60958108208757,1.1622885465621948,0,0.09,81,106,0.8382043,1.6096862165151902,16343,0.062099583010422066
ddqn_modified,DDQN,Modified,183,-151.2126873793845,1.1496995687484741,0,0.09,66,85,0.8373628,1.721646184430403,16428,0.047044333012308925
ddqn_modified,DDQN,Modified,184,-100.82012652193602,1.5943067073822021,0,0.09,62,77,0.8366005,1.987163169817491,16505,0.04558687499957159
ddqn_modified,DDQN,Modified,185,-64.09390109578217,0.6811758279800415,1,0.1,67,85,0.835759,1.8094360404154834,16590,0.04922020799131133
ddqn_modified,DDQN,Modified,186,-93.84078523257438,0.987188458442688,0,0.1,82,113,0.8346403,2.017360289539911,16703,0.06519987501087599
ddqn_modified,DDQN,Modified,187,-171.2891431413173,1.2253172397613525,0,0.1,90,107,0.833581,1.6660771609466767,16810,0.05977979101589881
ddqn_modified,DDQN,Modified,188,-128.79848076483947,1.2274298667907715,0,0.1,76,96,0.8326306,1.7111054764439662,16906,0.053811166988452896
ddqn_modified,DDQN,Modified,189,-172.90640316040293,1.1035505533218384,0,0.1,65,91,0.8317297,1.5109337234235072,16997,0.050583333999384195
ddqn_modified,DDQN,Modified,190,-104.79673752418768,0.3942893445491791,0,0.1,54,73,0.831007,2.0290499398969626,17070,0.045697583991568536
ddqn_modified,DDQN,Modified,191,-98.09442825652182,0.1671144664287567,0,0.1,77,94,0.8300764,1.6520389546739294,17164,0.056616334011778235
ddqn_modified,DDQN,Modified,192,-225.44872931625548,0.1807434856891632,0,0.1,90,114,0.8289478,2.091655948182993,17278,0.06950170898926444
ddqn_modified,DDQN,Modified,193,-59.14502595160597,0.8407833576202393,1,0.11,57,74,0.8282152,1.734041601822183,17352,0.04032637499039993
ddqn_modified,DDQN,Modified,194,-164.4740238664439,1.0257115364074707,0,0.11,78,103,0.8271955,1.779228949141734,17455,0.06687616699491628
ddqn_modified,DDQN,Modified,195,-101.70340045430568,-0.3425101637840271,0,0.11,77,103,0.8261758,1.509457344569049,17558,0.06303412502165884
ddqn_modified,DDQN,Modified,196,-83.03698623443834,-0.217110276222229,0,0.11,59,68,0.8255026,2.3541347515933655,17626,0.041983458009781316
ddqn_modified,DDQN,Modified,197,-108.83709639114237,-0.18342667818069458,0,0.11,62,80,0.8247106,1.640545143559575,17706,0.046849625010509044
ddqn_modified,DDQN,Modified,198,-120.69842166532793,-0.35530656576156616,0,0.11,64,82,0.8238988,2.0892764097306786,17788,0.04616537498077378
ddqn_modified,DDQN,Modified,199,-96.94486386307685,0.17075857520103455,0,0.11,50,70,0.8232058,2.2777232302086694,17858,0.04038625000976026
ddqn_modified,DDQN,Modified,200,-140.82284422423484,0.1427074670791626,0,0.11,88,110,0.8221168,2.0184744745492935,17968,0.06257400001049973
ddqn_modified,DDQN,Modified,201,-27.060700273998904,-0.4409100413322449,0,0.1,107,140,0.8207308,1.9610239150268691,18108,0.0777827079873532
ddqn_modified,DDQN,Modified,202,-188.9484559684238,-0.6716114282608032,0,0.1,86,106,0.8196814,1.765077995241813,18214,0.05881408299319446
ddqn_modified,DDQN,Modified,203,-85.45287977465934,-0.4423924684524536,0,0.1,63,77,0.8189191,1.7722192754993191,18291,0.04542683399631642
ddqn_modified,DDQN,Modified,204,-96.79447210792948,-0.3869030773639679,0,0.1,68,81,0.8181172,1.5220826978300825,18372,0.049467917007859796
ddqn_modified,DDQN,Modified,205,-120.39971193737075,-0.13868260383605957,0,0.1,91,115,0.8169787,1.635188897277998,18487,0.06762004099437036
ddqn_modified,DDQN,Modified,206,-58.50164475093604,-0.7970044016838074,0,0.1,56,64,0.8163450999999999,2.051688892301172,18551,0.03840137500083074
ddqn_modified,DDQN,Modified,207,-134.85336314798673,-0.9386693239212036,0,0.1,68,86,0.8154937,2.071811329486758,18637,0.051217000000178814
ddqn_modified,DDQN,Modified,208,-99.81376772229022,-0.9632693529129028,0,0.1,63,81,0.8146918,1.7823482913735471,18718,0.04764458301360719
ddqn_modified,DDQN,Modified,209,-80.77052823091566,-0.8096277117729187,0,0.1,63,81,0.8138898999999999,2.2662006031583855,18799,0.047042125021107495
ddqn_modified,DDQN,Modified,210,-218.21448171501407,-0.49147167801856995,0,0.1,79,110,0.8128009,2.0099288902499457,18909,0.06308166601229459
ddqn_modified,DDQN,Modified,211,-93.35132359226753,-1.759108543395996,0,0.09,88,114,0.8116723,1.7208106214540047,19023,0.06547879098798148
ddqn_modified,DDQN,Modified,212,-143.36484899655773,-1.4495081901550293,0,0.09,49,60,0.8110783,2.376119939982891,19083,0.03507491698837839
ddqn_modified,DDQN,Modified,213,-86.77517236358665,-1.221571683883667,0,0.09,96,116,0.8099299,2.2752733722586056,19199,0.06617862501298077
ddqn_modified,DDQN,Modified,214,-139.63992635119098,-1.6786988973617554,0,0.09,61,79,0.8091478,1.7607351201999037,19278,0.04425083298701793
ddqn_modified,DDQN,Modified,215,-12.096550812603091,-1.1769039630889893,1,0.1,46,63,0.8085241,2.28798836942703,19341,0.03498283299268223
ddqn_modified,DDQN,Modified,216,-101.56800730645611,-1.3115216493606567,0,0.1,45,70,0.8078311,2.0739754898207527,19411,0.039890582993393764
ddqn_modified,DDQN,Modified,217,-130.39138479213418,-1.915865182876587,0,0.1,90,121,0.8066332,2.058373875608129,19532,0.07472104200860485
ddqn_modified,DDQN,Modified,218,-128.77504293260068,-1.388169765472412,0,0.1,77,100,0.8056432,2.1809316271543504,19632,0.05980708298739046
ddqn_modified,DDQN,Modified,219,-98.43271370839233,-2.198317527770996,0,0.1,70,89,0.8047621,1.8611193654242526,19721,0.05098100000759587
ddqn_modified,DDQN,Modified,220,-112.26804855200498,-1.684699535369873,0,0.1,69,85,0.8039206,2.1958863244337192,19806,0.04680454099434428
ddqn_modified,DDQN,Modified,221,-99.4719855889801,-1.9562878608703613,0,0.1,71,95,0.8029801,2.11264670397106,19901,0.057691833993885666
ddqn_modified,DDQN,Modified,222,-123.37582936767615,-1.785812258720398,0,0.1,55,65,0.8023366000000001,1.6542792402780973,19966,0.03804420799133368
ddqn_modified,DDQN,Modified,223,-84.21964795956924,-2.360790252685547,0,0.1,45,61,0.8017327,2.3553683708925717,20027,0.0368190000008326
ddqn_modified,DDQN,Modified,224,-118.5034522404284,-2.3801119327545166,0,0.1,62,80,0.8009407,1.7889788798987865,20107,0.053289915987988934
ddqn_modified,DDQN,Modified,225,-132.54982270745222,-2.4522900581359863,0,0.1,63,87,0.8000794,2.0160037022212456,20194,0.05048862501280382
ddqn_modified,DDQN,Modified,226,-65.96699514032201,-2.6046319007873535,0,0.1,59,74,0.7993468,2.142471185004389,20268,0.04217695799889043
ddqn_modified,DDQN,Modified,227,-89.07691349520107,-2.176469087600708,0,0.1,58,83,0.7985251,2.215738943901407,20351,0.04641300000366755
ddqn_modified,DDQN,Modified,228,-76.1141141278387,-2.5635242462158203,0,0.1,79,108,0.7974559,2.6027025138890303,20459,0.06338691699784249
ddqn_modified,DDQN,Modified,229,-160.21754558268458,-3.0494844913482666,0,0.09,67,95,0.7965154,2.127677217282747,20554,0.0557038749975618
ddqn_modified,DDQN,Modified,230,-195.78689428325055,-2.816403388977051,0,0.08,74,95,0.7955749,2.16944321080258,20649,0.05520954099483788
ddqn_modified,DDQN,Modified,231,-98.0856717144939,-3.0101356506347656,0,0.08,56,68,0.7949017,2.019210980657269,20717,0.043662959011271596
ddqn_modified,DDQN,Modified,232,-39.79673707192583,-2.89727783203125,0,0.08,59,76,0.7941493,2.760155802494601,20793,0.046375334000913426
ddqn_modified,DDQN,Modified,233,-101.66668202431578,-2.9540390968322754,0,0.08,53,76,0.7933969000000001,1.9687859945391353,20869,0.04504937498131767
ddqn_modified,DDQN,Modified,234,-107.63713589884864,-2.630206823348999,0,0.08,53,69,0.7927138,1.843013944833175,20938,0.03951791700092144
ddqn_modified,DDQN,Modified,235,-29.968269469822047,-3.4107935428619385,0,0.08,77,96,0.7917634,1.8941286349048216,21034,0.05994783397181891
ddqn_modified,DDQN,Modified,236,-130.41469111099286,-3.5966427326202393,0,0.08,59,80,0.7909714,2.3192499302327634,21114,0.04760191700188443
ddqn_modified,DDQN,Modified,237,-91.02673112305254,-3.3068487644195557,0,0.08,52,71,0.7902685,1.6281670264794792,21185,0.04154866700991988
ddqn_modified,DDQN,Modified,238,-105.1620634517346,-3.3561301231384277,0,0.08,82,105,0.789229,2.3773190645944506,21290,0.06475908402353525
ddqn_modified,DDQN,Modified,239,-324.5954540091422,-3.196528673171997,0,0.08,105,124,0.7880014,2.2677924539293013,21414,0.07601441699080169
ddqn_modified,DDQN,Modified,240,-94.0293137106678,-4.349654197692871,0,0.08,77,104,0.7869718,2.202485166776639,21518,0.05931870898348279
ddqn_modified,DDQN,Modified,241,-176.76429776536446,-3.3658719062805176,0,0.08,46,60,0.7863778,2.3189535309871037,21578,0.0340400840213988
ddqn_modified,DDQN,Modified,242,-94.22827825572189,-3.766049385070801,0,0.08,86,106,0.7853284,2.3741231872788013,21684,0.05898312499630265
ddqn_modified,DDQN,Modified,243,-22.931984821804484,-3.9856855869293213,1,0.09,74,97,0.7843681,2.113586816591086,21781,0.05632879200857133
ddqn_modified,DDQN,Modified,244,-113.17296216114278,-3.839857578277588,0,0.08,80,107,0.7833088,2.670256948638185,21888,0.06360454199602827
ddqn_modified,DDQN,Modified,245,-114.86887368165762,-4.231870651245117,0,0.08,42,68,0.7826356,2.6416738830945072,21956,0.03944829202373512
ddqn_modified,DDQN,Modified,246,-125.18323624470385,-4.660040378570557,0,0.08,57,73,0.7819129,1.6080825626850128,22029,0.044469666987424716
ddqn_modified,DDQN,Modified,247,-59.81281484854541,-4.556199550628662,0,0.08,48,62,0.7812991,2.1956563880366664,22091,0.03684600000269711
ddqn_modified,DDQN,Modified,248,-105.35959405714844,-4.32940673828125,0,0.08,64,93,0.7803784,2.394963207744783,22184,0.057001541019417346
ddqn_modified,DDQN,Modified,249,-133.51033441633842,-5.029008865356445,0,0.08,63,92,0.7794676,2.4403406692587812,22276,0.0576815840031486
ddqn_modified,DDQN,Modified,250,-141.33915837845527,-5.114163398742676,0,0.07,70,89,0.7785865000000001,3.027799493476246,22365,0.05789858297794126
ddqn_modified,DDQN,Modified,251,-116.59259135923017,-4.78135871887207,0,0.06,66,80,0.7777944999999999,2.091172035411,22445,0.06235045799985528
ddqn_modified,DDQN,Modified,252,-115.84896904609077,-5.808980941772461,0,0.06,64,87,0.7769332,2.363336004402446,22532,0.06444495898904279
ddqn_modified,DDQN,Modified,253,-77.40468015171105,-6.0913286209106445,0,0.06,43,57,0.7763689,1.9407944365551597,22589,0.03360320799401961
ddqn_modified,DDQN,Modified,254,-91.67504369246159,-6.600762367248535,0,0.06,97,124,0.7751413,3.1792894815725665,22713,0.073636416986119
ddqn_modified,DDQN,Modified,255,-161.13925337614737,-5.310372352600098,0,0.06,85,103,0.7741216,2.1714311597995386,22816,0.058293750014854595
ddqn_modified,DDQN,Modified,256,-126.93956937699573,-5.550568580627441,0,0.06,67,95,0.7731811,2.349294358805606,22911,0.06062416700297035
ddqn_modified,DDQN,Modified,257,-125.78676248981351,-6.286267280578613,0,0.06,78,91,0.7722802,2.278847396373749,23002,0.06873433297732845
ddqn_modified,DDQN,Modified,258,-102.68376789420266,-6.918798446655273,0,0.06,56,81,0.7714783000000001,2.1960281689225893,23083,0.07658991601783782
ddqn_modified,DDQN,Modified,259,-109.04592961900599,-6.802345275878906,0,0.06,74,92,0.7705675,2.6428817125118296,23175,0.06231283300439827
ddqn_modified,DDQN,Modified,260,-73.49758176965955,-6.810400009155273,0,0.06,69,96,0.7696171,2.1948069451997676,23271,0.06318854101118632
ddqn_modified,DDQN,Modified,261,-68.40543577371417,-6.770684719085693,0,0.06,53,72,0.7689043,2.349192873471313,23343,0.04304516699630767
ddqn_modified,DDQN,Modified,262,-228.02580507015733,-6.428293228149414,0,0.06,73,88,0.7680331,2.0916218137876554,23431,0.05543629199382849
ddqn_modified,DDQN,Modified,263,20.180252169713285,-6.613094329833984,0,0.05,46,60,0.7674391,2.7805950820446013,23491,0.03894166598911397
ddqn_modified,DDQN,Modified,264,-103.09503767035488,-7.731703758239746,0,0.05,64,88,0.7665679,2.3211761269379747,23579,0.05493741697864607
ddqn_modified,DDQN,Modified,265,-122.76890608366952,-6.542033672332764,0,0.05,71,99,0.7655878,2.6412719626619356,23678,0.05926704200101085
ddqn_modified,DDQN,Modified,266,-32.23079497600905,-7.482670783996582,1,0.06,92,118,0.7644196,1.9544529152118553,23796,0.07064858300145715
ddqn_modified,DDQN,Modified,267,-140.18536491493765,-7.562610626220703,0,0.06,65,85,0.7635781,2.1721091845456293,23881,0.05087695800466463
ddqn_modified,DDQN,Modified,268,-69.08848523335746,-7.245351791381836,0,0.06,49,64,0.7629445,2.0587198426946998,23945,0.040006791008636355
ddqn_modified,DDQN,Modified,269,-152.0185942347398,-7.872886657714844,0,0.06,78,98,0.7619743,2.5530853639451827,24043,0.059455999988131225
ddqn_modified,DDQN,Modified,270,-127.1140398945805,-8.274739265441895,0,0.06,98,123,0.7607566,2.5840190377661854,24166,0.06717191700590774
ddqn_modified,DDQN,Modified,271,-107.96194494287968,-7.926958084106445,0,0.06,75,106,0.7597072,2.1010050306904993,24272,0.0648608339834027
ddqn_modified,DDQN,Modified,272,-32.13829736090209,-7.666284084320068,1,0.07,55,79,0.7589251,2.201064857501018,24351,0.04860579100204632
ddqn_modified,DDQN,Modified,273,-104.79315826464591,-7.626489639282227,0,0.07,70,89,0.7580439999999999,2.139632182174854,24440,0.05424600001424551
ddqn_modified,DDQN,Modified,274,-135.24755842631743,-8.579721450805664,0,0.06,66,82,0.7572322,3.020549724014794,24522,0.05176249999203719
ddqn_modified,DDQN,Modified,275,-87.6143849760185,-8.171331405639648,0,0.06,52,78,0.75646,2.7838678249181847,24600,0.046930915996199474
ddqn_modified,DDQN,Modified,276,-28.38405379896429,-9.078831672668457,0,0.06,58,72,0.7557472000000001,2.8713214869300523,24672,0.04246150000835769
ddqn_modified,DDQN,Modified,277,-117.73721134996373,-8.51967716217041,0,0.06,80,111,0.7546482999999999,2.3612399898670815,24783,0.07176262498251162
ddqn_modified,DDQN,Modified,278,-123.99683975589497,-8.843578338623047,0,0.06,63,80,0.7538563,2.1933311998844145,24863,0.04907195799751207
ddqn_modified,DDQN,Modified,279,-126.54935803760092,-8.655097961425781,0,0.06,99,117,0.752698,2.3115885759520736,24980,0.0673977919796016
ddqn_modified,DDQN,Modified,280,-86.38591991287448,-9.106475830078125,0,0.06,56,68,0.7520248,2.0676087951835465,25048,0.04053500000736676
ddqn_modified,DDQN,Modified,281,-105.4438149812118,-9.120828628540039,0,0.06,62,80,0.7512328,2.3053715851157905,25128,0.04416829199180938
ddqn_modified,DDQN,Modified,282,-77.78900225259092,-9.180024147033691,0,0.06,67,89,0.7503517,2.4480319676104556,25217,0.05215233299531974
ddqn_modified,DDQN,Modified,283,-188.7032478998084,-8.932428359985352,0,0.06,94,107,0.7492924,2.1047679848760086,25324,0.06228708298294805
ddqn_modified,DDQN,Modified,284,-35.54116621834278,-9.152690887451172,1,0.07,96,127,0.7480351000000001,2.2780706157365183,25451,0.07358925000880845
ddqn_modified,DDQN,Modified,285,-63.35215585623288,-8.931389808654785,0,0.06,57,80,0.7472430999999999,2.8990080919116736,25531,0.050712875003227964
ddqn_modified,DDQN,Modified,286,-139.07232613214398,-9.512706756591797,0,0.06,53,68,0.7465699,3.7840657646165177,25599,0.04127979199984111
ddqn_modified,DDQN,Modified,287,-35.93533123777655,-9.249154090881348,1,0.07,74,107,0.7455106,2.354219637463026,25706,0.06375854098587297
ddqn_modified,DDQN,Modified,288,-107.94855411587,-9.618903160095215,0,0.07,51,69,0.7448275,2.5191431062808936,25775,0.04324141700635664
ddqn_modified,DDQN,Modified,289,-124.46564635488306,-9.829436302185059,0,0.07,62,86,0.7439761,2.2329533082801243,25861,0.04890404100297019
ddqn_modified,DDQN,Modified,290,-69.1984977247455,-9.346855163574219,0,0.07,72,90,0.7430851,2.7479090429014628,25951,0.05411558301420882
ddqn_modified,DDQN,Modified,291,-77.09827495433674,-10.059064865112305,0,0.07,70,111,0.7419861999999999,2.996258901583182,26062,0.06350958297844045
ddqn_modified,DDQN,Modified,292,-118.06435116077421,-10.144811630249023,0,0.07,63,78,0.741214,2.7568478729480352,26140,0.045579666999401525
ddqn_modified,DDQN,Modified,293,-123.2343142136906,-10.078407287597656,0,0.06,59,75,0.7404715,2.4097574190298716,26215,0.04214733297703788
ddqn_modified,DDQN,Modified,294,-103.30330728981893,-9.773139953613281,0,0.06,78,105,0.7394320000000001,2.2571677375407444,26320,0.06319341599009931
ddqn_modified,DDQN,Modified,295,-145.43606570521675,-9.516888618469238,0,0.06,73,92,0.7385212,2.2174880880376566,26412,0.05243254199740477
ddqn_modified,DDQN,Modified,296,-129.49078274039988,-10.244604110717773,0,0.06,74,93,0.7376005,2.0685567048288163,26505,0.05829129202174954
ddqn_modified,DDQN,Modified,297,-101.74498441740081,-9.821072578430176,0,0.06,65,83,0.7367788,2.3009366278188774,26588,0.04877675001625903
ddqn_modified,DDQN,Modified,298,-130.52857351006907,-10.531571388244629,0,0.06,65,80,0.7359868,2.538022280856967,26668,0.05926370801171288
ddqn_modified,DDQN,Modified,299,-84.70013238264605,-10.077005386352539,0,0.06,60,73,0.7352641,2.5276025566336227,26741,0.04208379201008938
ddqn_modified,DDQN,Modified,300,-79.80538977425532,-10.032332420349121,0,0.06,85,115,0.7341256,2.419541207085485,26856,0.06917283401708119
ddqn_modified,DDQN,Modified,301,-135.81861574481505,-10.081448554992676,0,0.06,83,103,0.7331059,2.961406036198718,26959,0.06411558398394845
ddqn_modified,DDQN,Modified,302,-80.62861108252997,-11.174590110778809,0,0.06,54,72,0.7323931,2.5750579784313836,27031,0.04308862498146482
ddqn_modified,DDQN,Modified,303,-89.45297326204542,-10.975963592529297,0,0.06,73,95,0.7314526,2.8497772828528753,27126,0.05578937500831671
ddqn_modified,DDQN,Modified,304,-58.04661442795637,-10.545089721679688,0,0.06,53,64,0.7308190000000001,2.1632661651819944,27190,0.03759345901198685
ddqn_modified,DDQN,Modified,305,-138.5967275952754,-10.524690628051758,0,0.06,77,99,0.7298389,2.8265523793119374,27289,0.05903554099495523
ddqn_modified,DDQN,Modified,306,-110.30843636287408,-10.513882637023926,0,0.06,82,103,0.7288192,2.590028625668831,27392,0.06195812500664033
ddqn_modified,DDQN,Modified,307,-121.55397556060208,-10.629003524780273,0,0.06,62,98,0.727849,2.2160514434989618,27490,0.05873412499204278
ddqn_modified,DDQN,Modified,308,-98.94596304941983,-11.648580551147461,0,0.06,60,83,0.7270273,2.7579636487616113,27573,0.05038116700598039
ddqn_modified,DDQN,Modified,309,-88.27846040039779,-11.261285781860352,0,0.06,68,82,0.7262154999999999,2.8798124964644267,27655,0.05039762498927303
ddqn_modified,DDQN,Modified,310,-84.22441300465486,-11.515872955322266,0,0.06,76,89,0.7253343999999999,2.8647473608509877,27744,0.051208916993346065
ddqn_modified,DDQN,Modified,311,-116.98138489734822,-11.025911331176758,0,0.06,87,105,0.7242949,2.6285802452337172,27849,0.06404100000509061
ddqn_modified,DDQN,Modified,312,-99.12797758103687,-11.442964553833008,0,0.06,54,68,0.7236217,3.0945218608659855,27917,0.039701417001197115
ddqn_modified,DDQN,Modified,313,-125.03924158057146,-12.33256721496582,0,0.06,72,92,0.7227109,2.3847282185502676,28009,0.05793695800821297
ddqn_modified,DDQN,Modified,314,-65.44121491535248,-12.170658111572266,0,0.06,47,65,0.7220674,3.589499298425821,28074,0.04046912500052713
ddqn_modified,DDQN,Modified,315,-57.34872652936053,-11.88502311706543,1,0.06,66,85,0.7212259,2.9048127616153043,28159,0.053189291997114196
ddqn_modified,DDQN,Modified,316,-109.04099452483501,-11.458014488220215,0,0.06,63,98,0.7202557,2.5718793090508907,28257,0.05794625001726672
ddqn_modified,DDQN,Modified,317,-79.6799566640648,-11.959810256958008,0,0.06,50,61,0.7196518000000001,2.5108193491326003,28318,0.039371457998640835
ddqn_modified,DDQN,Modified,318,-113.71203700000585,-11.362958908081055,0,0.06,69,84,0.7188202,1.9736830712783904,28402,0.05245662500965409
ddqn_modified,DDQN,Modified,319,-95.09362875509258,-12.478921890258789,0,0.06,92,105,0.7177807,3.307226266179766,28507,0.07835533400066197
ddqn_modified,DDQN,Modified,320,-95.85029110185297,-12.447253227233887,0,0.06,59,83,0.716959,2.5716211372111215,28590,0.05202420899877325
ddqn_modified,DDQN,Modified,321,-131.18130839663698,-12.39118766784668,0,0.06,95,113,0.7158403,2.79126848161748,28703,0.07866112497868016
ddqn_modified,DDQN,Modified,322,-152.2294809719191,-13.2931547164917,0,0.06,73,90,0.7149493,2.6355101340346865,28793,0.054662665992509574
ddqn_modified,DDQN,Modified,323,-74.5334336472502,-12.573969841003418,0,0.06,75,97,0.713989,3.097697308383037,28890,0.058333749999292195
ddqn_modified,DDQN,Modified,324,-53.21699414005077,-12.019213676452637,1,0.07,62,101,0.7129890999999999,2.5980060791025066,28991,0.05994937501964159
ddqn_modified,DDQN,Modified,325,-119.62526391120367,-12.990657806396484,0,0.07,53,65,0.7123456,2.359080629165356,29056,0.03573058301117271
ddqn_modified,DDQN,Modified,326,-74.40409082280124,-13.348799705505371,0,0.07,63,71,0.7116427000000001,3.012658271991031,29127,0.0459007500030566
ddqn_modified,DDQN,Modified,327,-101.63705633226706,-12.96959114074707,0,0.07,67,77,0.7108804,2.2108133044335747,29204,0.04896395801915787
ddqn_modified,DDQN,Modified,328,-49.57685937399985,-13.436077117919922,1,0.08,74,92,0.7099696,3.3956233101046602,29296,0.05241762500372715
ddqn_modified,DDQN,Modified,329,-73.8645511121507,-12.322614669799805,0,0.08,69,84,0.709138,2.1916101901304152,29380,0.050480332982260734
ddqn_modified,DDQN,Modified,330,-155.37390638359417,-13.060098648071289,0,0.08,75,97,0.7081777,2.477557389392066,29477,0.060366124991560355
ddqn_modified,DDQN,Modified,331,-108.95987753992846,-13.212947845458984,0,0.08,73,85,0.7073362000000001,3.1138560694806716,29562,0.049943250021897256
ddqn_modified,DDQN,Modified,332,-110.83716729678909,-13.690071105957031,0,0.08,82,101,0.7063363,3.2115503921367154,29663,0.059047625021776184
ddqn_modified,DDQN,Modified,333,-124.09562598984118,-14.156915664672852,0,0.08,60,91,0.7054354,2.8777341731302033,29754,0.049882916995557025
ddqn_modified,DDQN,Modified,334,-104.32191452049075,-13.630792617797852,0,0.08,88,108,0.7043661999999999,2.536772562397851,29862,0.06347975000971928
ddqn_modified,DDQN,Modified,335,-171.10663654488496,-13.609479904174805,0,0.08,79,117,0.7032079,2.2669775776374035,29979,0.07408950000535697
ddqn_modified,DDQN,Modified,336,-98.88395824350462,-14.509838104248047,0,0.08,59,73,0.7024851999999999,3.0710340419860733,30052,0.045525416993768886
ddqn_modified,DDQN,Modified,337,-132.75425454950758,-14.499053001403809,0,0.08,61,75,0.7017427,2.5374482607841493,30127,0.0511337089992594
ddqn_modified,DDQN,Modified,338,-76.85532870097714,-14.526609420776367,0,0.08,57,74,0.7010101,2.9978403038269765,30201,0.04394770800718106
ddqn_modified,DDQN,Modified,339,-92.60514486553711,-14.414738655090332,0,0.08,82,112,0.6999013000000001,3.294863353350333,30313,0.0955550420039799
ddqn_modified,DDQN,Modified,340,-132.33748511346818,-14.779294967651367,0,0.08,66,85,0.6990598,2.6212228235076456,30398,0.06828512498759665
ddqn_modified,DDQN,Modified,341,-96.1575614800872,-14.548377990722656,0,0.08,81,106,0.6980104,2.060548776163245,30504,0.08598866700776853
ddqn_modified,DDQN,Modified,342,-80.31208817272308,-15.209957122802734,0,0.08,84,103,0.6969907,2.998276386446166,30607,0.07400654099183157
ddqn_modified,DDQN,Modified,343,-53.235536947776204,-16.36849594116211,0,0.07,56,66,0.6963372999999999,2.3906122021602862,30673,0.04506516698165797
ddqn_modified,DDQN,Modified,344,-100.20298255254956,-14.895805358886719,0,0.07,73,103,0.6953176000000001,2.5571139489562764,30776,0.06121891699149273
ddqn_modified,DDQN,Modified,345,-105.09966385438166,-15.64431381225586,0,0.07,59,79,0.6945355,2.7665500727635397,30855,0.048968083021463826
ddqn_modified,DDQN,Modified,346,-33.65810490425228,-14.665946960449219,0,0.07,86,114,0.6934069,2.9917536587045905,30969,0.07050741699640639
ddqn_modified,DDQN,Modified,347,-111.01914658004942,-16.184459686279297,0,0.07,49,75,0.6926644,3.2992891963322957,31044,0.045449124998413026
ddqn_modified,DDQN,Modified,348,-71.24035981423229,-15.114826202392578,0,0.07,55,72,0.6919516,2.6680327157179513,31116,0.04218854199280031
ddqn_modified,DDQN,Modified,349,-77.0124987926873,-15.078516960144043,0,0.07,43,59,0.6913674999999999,3.1113078078981173,31175,0.03516945900628343
ddqn_modified,DDQN,Modified,350,-66.3147317104833,-15.625848770141602,0,0.07,72,99,0.6903874,2.186454957783824,31274,0.05627237498993054
ddqn_modified,DDQN,Modified,351,-78.21180115033621,-15.683561325073242,0,0.07,54,68,0.6897142,2.6440028942683163,31342,0.04148833401268348
ddqn_modified,DDQN,Modified,352,-79.7840135208397,-15.83739948272705,0,0.07,64,84,0.6888826,3.1365263181782903,31426,0.0537808750232216
ddqn_modified,DDQN,Modified,353,-41.32958590613357,-16.64238739013672,1,0.08,63,95,0.6879421,2.5636613513294018,31521,0.05584808299317956
ddqn_modified,DDQN,Modified,354,-136.35726333969234,-16.322406768798828,0,0.08,72,94,0.6870115,2.69036654589024,31615,0.05738987500080839
ddqn_modified,DDQN,Modified,355,24.95065044631555,-16.829750061035156,1,0.09,59,77,0.6862492,3.035253819707152,31692,0.04778766699018888
ddqn_modified,DDQN,Modified,356,-82.38673951292043,-16.569913864135742,0,0.09,44,60,0.6856552,2.244083434343338,31752,0.03657020902028307
ddqn_modified,DDQN,Modified,357,-83.10743915959813,-15.800270080566406,0,0.09,80,102,0.6846454,2.8271890802710664,31854,0.05983300000661984
ddqn_modified,DDQN,Modified,358,-86.57032078686402,-17.025602340698242,0,0.09,49,70,0.6839523999999999,2.3335907007966723,31924,0.06264512499910779
ddqn_modified,DDQN,Modified,359,-106.87413641650122,-16.234119415283203,0,0.09,53,77,0.6831901,2.0427532552124616,32001,0.04512420800165273
ddqn_modified,DDQN,Modified,360,-113.86854613154244,-17.359012603759766,0,0.09,80,90,0.6822991,2.42972906894154,32091,0.05037545901723206
ddqn_modified,DDQN,Modified,361,-100.75671542466463,-16.427804946899414,0,0.09,49,63,0.6816754,2.4626721228872026,32154,0.03746204200433567
ddqn_modified,DDQN,Modified,362,-107.49417080725897,-16.604799270629883,0,0.09,84,104,0.6806458,2.319479365188342,32258,0.0601634579943493
ddqn_modified,DDQN,Modified,363,-124.40379826870404,-17.007123947143555,0,0.09,68,92,0.679735,2.5929686349371206,32350,0.0532575840188656
ddqn_modified,DDQN,Modified,364,-92.76822875456818,-16.69368553161621,0,0.09,61,76,0.6789826,3.3529677328310514,32426,0.04454404101124965
ddqn_modified,DDQN,Modified,365,-93.13339079081253,-16.804492950439453,0,0.09,99,126,0.6777352000000001,2.640942526951669,32552,0.07147837500087917
ddqn_modified,DDQN,Modified,366,-120.17142107575413,-17.469820022583008,0,0.08,74,93,0.6768145,2.8837916101178815,32645,0.05412254101247527
ddqn_modified,DDQN,Modified,367,-175.9854323874504,-18.374801635742188,0,0.08,66,88,0.6759432999999999,2.8209663290869105,32733,0.05113437498221174
ddqn_modified,DDQN,Modified,368,-224.51444715814466,-17.296293258666992,0,0.08,91,105,0.6749038,2.946823893842243,32838,0.06030512499273755
ddqn_modified,DDQN,Modified,369,-91.31197521331202,-17.750974655151367,0,0.08,47,63,0.6742801,2.490997602069189,32901,0.03585379201103933
ddqn_modified,DDQN,Modified,370,-82.51261350413483,-16.97246742248535,0,0.08,64,82,0.6734682999999999,3.1154716523682198,32983,0.046522874996298924
ddqn_modified,DDQN,Modified,371,-117.23032328372821,-18.32982635498047,0,0.08,72,87,0.672607,2.2574941282984855,33070,0.051687583996681497
ddqn_modified,DDQN,Modified,372,-107.57782150212444,-17.641199111938477,0,0.07,56,90,0.671716,2.793634373611874,33160,0.05199391697533429
ddqn_modified,DDQN,Modified,373,-71.25785432225213,-17.804336547851562,0,0.07,74,87,0.6708547,3.1390578500155746,33247,0.04943962499964982
ddqn_modified,DDQN,Modified,374,-111.0292319190471,-18.38604736328125,0,0.07,63,86,0.6700033,2.661473179972449,33333,0.04841008401126601
ddqn_modified,DDQN,Modified,375,-176.34798363361003,-18.101634979248047,0,0.07,78,92,0.6690925000000001,2.4225657161163245,33425,0.050958665990037844
ddqn_modified,DDQN,Modified,376,-136.58704844027437,-18.739004135131836,0,0.07,66,79,0.6683104,2.314860353741465,33504,0.0462139580049552
ddqn_modified,DDQN,Modified,377,-63.65835439520712,-18.818368911743164,0,0.07,71,89,0.6674293,2.670569079645564,33593,0.051239791995612904
ddqn_modified,DDQN,Modified,378,-271.57478848957294,-18.770809173583984,0,0.07,82,104,0.6663996999999999,2.958861755637022,33697,0.06430945798638277
ddqn_modified,DDQN,Modified,379,-112.53083733768509,-18.910104751586914,0,0.07,105,127,0.6651424,2.7075854117476097,33824,0.08827041700715199
ddqn_modified,DDQN,Modified,380,-90.61125321661939,-17.97826385498047,0,0.07,82,105,0.6641029,2.8038610401607693,33929,0.06154812499880791
ddqn_modified,DDQN,Modified,381,-92.72829333115114,-18.97742462158203,0,0.07,65,77,0.6633406,2.99821459163319,34006,0.0442532500019297
ddqn_modified,DDQN,Modified,382,-89.12259144354232,-19.134353637695312,0,0.07,48,69,0.6626575,2.8109635503395745,34075,0.04187087499303743
ddqn_modified,DDQN,Modified,383,-66.05509436567637,-19.225418090820312,0,0.07,92,127,0.6614002,2.663182855121733,34202,0.07481808299780823
ddqn_modified,DDQN,Modified,384,-134.62832618318694,-18.323545455932617,0,0.06,90,122,0.6601924,2.7146679539172376,34324,0.07062054201378487
ddqn_modified,DDQN,Modified,385,-61.868242394564554,-18.583946228027344,0,0.06,82,99,0.6592123000000001,3.1213905516296925,34423,0.057234250009059906
ddqn_modified,DDQN,Modified,386,-126.9600340980804,-20.363780975341797,0,0.06,88,108,0.6581431,2.5468837282171957,34531,0.06317812501220033
ddqn_modified,DDQN,Modified,387,-96.09237090787582,-19.899375915527344,0,0.05,78,114,0.6570145000000001,3.1098127129830813,34645,0.07584879198111594
ddqn_modified,DDQN,Modified,388,-91.7003849854795,-19.827468872070312,0,0.05,68,83,0.6561928,2.94681498444224,34728,0.05039337498601526
ddqn_modified,DDQN,Modified,389,-158.32476988556388,-18.80416488647461,0,0.05,87,110,0.6551038,2.790453052520752,34838,0.06364949999260716
ddqn_modified,DDQN,Modified,390,-80.02516666761234,-19.596935272216797,0,0.05,87,116,0.6539554,2.869954506641832,34954,0.06753141697845422
ddqn_modified,DDQN,Modified,391,-130.10304976763152,-21.011249542236328,0,0.05,70,93,0.6530347000000001,2.9661739513438237,35047,0.05687537498306483
ddqn_modified,DDQN,Modified,392,-81.85660289812799,-21.219409942626953,0,0.05,63,74,0.6523021,3.3574749497143,35121,0.04515529199852608
ddqn_modified,DDQN,Modified,393,-105.20576794810341,-20.548385620117188,0,0.05,88,124,0.6510745,2.4845157179140274,35245,0.07439816699479707
ddqn_modified,DDQN,Modified,394,-61.21329081207827,-21.753372192382812,0,0.05,77,107,0.6500152,3.868681311607361,35352,0.06153320800513029
ddqn_modified,DDQN,Modified,395,-95.68407429728299,-21.29914093017578,0,0.05,88,106,0.6489658,2.570208546125664,35458,0.06126045799464919
ddqn_modified,DDQN,Modified,396,-28.29906118556518,-21.596160888671875,0,0.05,68,76,0.6482133999999999,2.803854053742007,35534,0.04449600001680665
ddqn_modified,DDQN,Modified,397,-100.00437685801036,-21.69367027282715,0,0.05,71,95,0.6472728999999999,2.9049471597922474,35629,0.05987945801462047
ddqn_modified,DDQN,Modified,398,-75.0786583014515,-21.72205352783203,0,0.05,48,60,0.6466789,2.1190375039974847,35689,0.036264458001824096
ddqn_modified,DDQN,Modified,399,-77.43092738113212,-21.71739387512207,0,0.05,66,81,0.645877,2.935423329288577,35770,0.04610754200257361
ddqn_modified,DDQN,Modified,400,-124.59796948585668,-21.74221420288086,0,0.05,73,91,0.6449761,3.5748944190832286,35861,0.05145745797199197
ddqn_modified,DDQN,Modified,401,-69.30606122794481,-21.436979293823242,0,0.05,55,63,0.6443524,3.1046515920805553,35924,0.03823258401826024
ddqn_modified,DDQN,Modified,402,-17.39344752648792,-22.33338737487793,1,0.06,84,119,0.6431743000000001,3.501316933070912,36043,0.06848912499845028
ddqn_modified,DDQN,Modified,403,-82.04304412592695,-22.282407760620117,0,0.06,52,62,0.6425605000000001,2.979771708769183,36105,0.03539258299861103
ddqn_modified,DDQN,Modified,404,-63.87570074989679,-22.913223266601562,0,0.06,57,70,0.6418675,3.9295593244688853,36175,0.04111474999808706
ddqn_modified,DDQN,Modified,405,-82.49943003749848,-22.35198402404785,0,0.06,58,77,0.6411051999999999,2.4355423535619463,36252,0.0446040419919882
ddqn_modified,DDQN,Modified,406,-99.49886903162424,-21.652616500854492,0,0.06,67,83,0.6402835,2.5796480401452766,36335,0.04989812499843538
ddqn_modified,DDQN,Modified,407,-109.41130189562844,-22.118816375732422,0,0.06,56,75,0.639541,2.67441588083903,36410,0.0434480830153916
ddqn_modified,DDQN,Modified,408,-173.50596053395284,-22.94951820373535,0,0.06,91,128,0.6382738,2.618696258869022,36538,0.074274750018958
ddqn_modified,DDQN,Modified,409,-201.967310082786,-22.52288246154785,0,0.06,91,118,0.6371055999999999,2.7050176884158184,36656,0.07015533300000243
ddqn_modified,DDQN,Modified,410,-184.35544458608604,-22.576461791992188,0,0.06,72,108,0.6360364000000001,2.7936362778698958,36764,0.06288970899186097
ddqn_modified,DDQN,Modified,411,-108.65513556303945,-22.660343170166016,0,0.06,80,100,0.6350464,2.929294774532318,36864,0.0598858330049552
ddqn_modified,DDQN,Modified,412,-131.6660230377003,-23.35858154296875,0,0.06,81,103,0.6340266999999999,2.900728377323706,36967,0.05940974998520687
ddqn_modified,DDQN,Modified,413,-123.64640165723844,-23.408334732055664,0,0.06,75,93,0.633106,2.288441907334071,37060,0.05545754201011732
ddqn_modified,DDQN,Modified,414,-98.32758231674356,-22.945030212402344,0,0.06,66,87,0.6322447,2.391347421996895,37147,0.05017512501217425
ddqn_modified,DDQN,Modified,415,-91.34831276640622,-23.26636505126953,0,0.05,60,76,0.6314923,3.0004095701794875,37223,0.04575212500640191
ddqn_modified,DDQN,Modified,416,-84.11265585215622,-22.784042358398438,0,0.05,63,72,0.6307795,3.109274740848276,37295,0.044470041000749916
ddqn_modified,DDQN,Modified,417,-64.24746451380165,-23.601165771484375,0,0.05,67,77,0.6300171999999999,2.4922600016965495,37372,0.046338917018147185
ddqn_modified,DDQN,Modified,418,-96.84439463038547,-23.05953025817871,0,0.05,58,70,0.6293242,3.0125411570072176,37442,0.04118395800469443
ddqn_modified,DDQN,Modified,419,-33.68755405187181,-22.559825897216797,1,0.06,86,113,0.6282055,2.427090039295433,37555,0.06362470798194408
ddqn_modified,DDQN,Modified,420,-49.7473772122208,-22.193981170654297,0,0.06,106,136,0.6268591,2.8919158832115284,37691,0.07707858399953693
ddqn_modified,DDQN,Modified,421,-175.92383364958943,-22.134700775146484,0,0.06,83,105,0.6258196,2.992471678484054,37796,0.06219366702134721
ddqn_modified,DDQN,Modified,422,-80.98101818722583,-22.46758270263672,0,0.06,61,75,0.6250770999999999,2.776933580239614,37871,0.048689084011130035
ddqn_modified,DDQN,Modified,423,-55.966870426030965,-22.42252540588379,0,0.06,74,90,0.6241861,3.0582766281233895,37961,0.05349333299091086
ddqn_modified,DDQN,Modified,424,-84.32732451858962,-23.59988021850586,0,0.05,58,68,0.6235128999999999,2.758594180731212,38029,0.041071540996199474
ddqn_modified,DDQN,Modified,425,-89.81050807958943,-23.57858657836914,0,0.05,93,127,0.6222556,3.804908642149347,38156,0.07433474998106249
ddqn_modified,DDQN,Modified,426,-102.05361912017817,-23.489002227783203,0,0.05,58,70,0.6215626000000001,2.776256763083594,38226,0.0413364999985788
ddqn_modified,DDQN,Modified,427,-107.00900363301955,-23.356658935546875,0,0.05,80,100,0.6205726,2.869009274840355,38326,0.05739579099463299
ddqn_modified,DDQN,Modified,428,-113.87782870151187,-24.133764266967773,0,0.04,85,111,0.6194737,2.3545389223743127,38437,0.0673851250030566
ddqn_modified,DDQN,Modified,429,-59.3725215560661,-24.418596267700195,0,0.04,70,84,0.6186421,2.851877673041253,38521,0.05115483302506618
ddqn_modified,DDQN,Modified,430,-23.926628980668113,-24.597564697265625,1,0.05,65,83,0.6178204,3.116168481757842,38604,0.04895779199432582
ddqn_modified,DDQN,Modified,431,-50.399729718479705,-23.728267669677734,0,0.05,69,80,0.6170283999999999,2.8153238222002983,38684,0.046098708000499755
ddqn_modified,DDQN,Modified,432,-105.87535200380336,-24.022287368774414,0,0.05,89,114,0.6158998,2.9465887426284323,38798,0.06709804199635983
ddqn_modified,DDQN,Modified,433,-45.981345019783326,-24.530559539794922,0,0.05,61,76,0.6151474,3.0603471272870113,38874,0.045134458981920034
ddqn_modified,DDQN,Modified,434,-74.82702317228397,-24.018604278564453,0,0.05,95,116,0.613999,3.2361332352819114,38990,0.0662313329812605
ddqn_modified,DDQN,Modified,435,-107.97465879530701,-25.413433074951172,0,0.05,90,112,0.6128902,3.039407399083887,39102,0.0675455000018701
ddqn_modified,DDQN,Modified,436,-48.998359418964185,-24.8667049407959,0,0.05,78,112,0.6117814,3.0065892056695054,39214,0.06498158298199996
ddqn_modified,DDQN,Modified,437,-11.554350168704019,-25.710708618164062,1,0.06,88,122,0.6105735999999999,3.1942773290344926,39336,0.07093183300457895
ddqn_modified,DDQN,Modified,438,-49.899680479136784,-25.01470947265625,0,0.06,51,77,0.6098113000000001,2.92866305097357,39413,0.0473212499928195
ddqn_modified,DDQN,Modified,439,-50.03926814738187,-25.652244567871094,0,0.06,115,134,0.6084847,3.149837034406947,39547,0.07792979199439287
ddqn_modified,DDQN,Modified,440,-134.74168377562648,-26.828950881958008,0,0.06,63,78,0.6077125,3.855780849089989,39625,0.0465952499944251
ddqn_modified,DDQN,Modified,441,-103.17871524603436,-25.939186096191406,0,0.06,109,139,0.6063364,2.8363048974558605,39764,0.10034570799325593
ddqn_modified,DDQN,Modified,442,-37.92296395092572,-25.181739807128906,0,0.06,90,116,0.6051880000000001,2.969436386278991,39880,0.06983216700609773
ddqn_modified,DDQN,Modified,443,-74.55532411057362,-26.528749465942383,0,0.06,93,119,0.6040099,2.999069731776454,39999,0.07445558300241828
ddqn_modified,DDQN,Modified,444,-73.49234608502967,-27.503707885742188,0,0.06,80,105,0.6029704,3.4036472263790314,40104,0.06315549998544157
ddqn_modified,DDQN,Modified,445,-72.71926018441326,-27.689449310302734,0,0.06,79,92,0.6020596,2.662963903468588,40196,0.05424012499861419
ddqn_modified,DDQN,Modified,446,-100.87085844343339,-27.624046325683594,0,0.06,106,128,0.6007924,3.1543340822681785,40324,0.07459425000706688
ddqn_modified,DDQN,Modified,447,-89.66334464851933,-27.411128997802734,0,0.06,59,79,0.6000103,2.971469227271744,40403,0.046545499993953854
ddqn_modified,DDQN,Modified,448,-92.42139737241324,-26.645816802978516,0,0.06,76,116,0.5988619,2.3108427714684914,40519,0.06630533299176022
ddqn_modified,DDQN,Modified,449,-89.83269072394717,-26.555377960205078,0,0.06,69,85,0.5980204,2.941120993389803,40604,0.04993554099928588
ddqn_modified,DDQN,Modified,450,-118.54592186023677,-26.3497257232666,0,0.06,67,96,0.59707,2.978724463532368,40700,0.057332040974870324
ddqn_modified,DDQN,Modified,451,-39.206529371001345,-26.826004028320312,0,0.06,70,79,0.5962879000000001,3.5870220027392423,40779,0.04676387499785051
ddqn_modified,DDQN,Modified,452,29.956610682949275,-27.331640243530273,1,0.07,61,73,0.5955652,3.16378681463738,40852,0.04309429199201986
ddqn_modified,DDQN,Modified,453,-95.23647361338641,-26.694616317749023,0,0.06,66,73,0.5948424999999999,3.074746890427315,40925,0.044532708008773625
ddqn_modified,DDQN,Modified,454,-75.38880709450068,-26.542739868164062,0,0.06,84,109,0.5937634,2.9601850876020728,41034,0.06554808298824355
ddqn_modified,DDQN,Modified,455,-100.55497072463676,-26.953929901123047,0,0.05,95,107,0.5927041,3.3187865497909974,41141,0.06227229197975248
ddqn_modified,DDQN,Modified,456,-126.68535852727757,-27.283842086791992,0,0.05,66,96,0.5917536999999999,2.8761117750157914,41237,0.056584500009194016
ddqn_modified,DDQN,Modified,457,-126.26451675936015,-25.94858741760254,0,0.05,87,106,0.5907043,3.7009614374277726,41343,0.06020858298870735
ddqn_modified,DDQN,Modified,458,-103.45175339894284,-27.03445053100586,0,0.05,87,121,0.5895064,3.3669746656063175,41464,0.0692961250024382
ddqn_modified,DDQN,Modified,459,-109.1630532641689,-27.52634620666504,0,0.05,60,79,0.5887243,3.242067035240463,41543,0.057396500022150576
ddqn_modified,DDQN,Modified,460,-65.05266468974041,-27.186065673828125,0,0.05,68,87,0.587863,2.504400616404654,41630,0.050928209006087855
ddqn_modified,DDQN,Modified,461,-95.84687322512393,-27.205076217651367,0,0.05,76,103,0.5868433,2.974412680250927,41733,0.059160292003070936
ddqn_modified,DDQN,Modified,462,-69.54454692275743,-27.1284236907959,0,0.05,55,78,0.5860711000000001,2.7240220499344363,41811,0.04468137500225566
ddqn_modified,DDQN,Modified,463,-62.823307292179265,-27.096961975097656,0,0.05,81,105,0.5850316,4.098600007806506,41916,0.061264999996637926
ddqn_modified,DDQN,Modified,464,-84.71379653953699,-27.915847778320312,0,0.05,63,85,0.5841901,3.172551465735716,42001,0.05103412497555837
ddqn_modified,DDQN,Modified,465,-59.707016820644704,-27.95514678955078,0,0.05,50,62,0.5835763,3.213608869621831,42063,0.03794112498871982
ddqn_modified,DDQN,Modified,466,-49.09892992669833,-27.981191635131836,0,0.05,78,89,0.5826952000000001,2.846170101942641,42152,0.05169604197726585
ddqn_modified,DDQN,Modified,467,-147.37676847261582,-28.863908767700195,0,0.05,93,120,0.5815072,3.3052981689572336,42272,0.07204191701021045
ddqn_modified,DDQN,Modified,468,-92.76911665088926,-27.50316619873047,0,0.05,74,88,0.580636,4.013456133956259,42360,0.05204795900499448
ddqn_modified,DDQN,Modified,469,-47.154123853005096,-28.16952896118164,0,0.05,67,81,0.5798341,2.9734651711252003,42441,0.04733616701560095
ddqn_modified,DDQN,Modified,470,-131.44762582721467,-29.11239242553711,0,0.05,58,62,0.5792203,3.129709013046757,42503,0.03815258399117738
ddqn_modified,DDQN,Modified,471,-111.70445608855582,-28.959484100341797,0,0.05,83,95,0.5782798,2.8574502838285345,42598,0.056300041993381456
ddqn_modified,DDQN,Modified,472,-48.033036042460516,-28.546794891357422,0,0.05,74,86,0.5774284000000001,2.4859851363093353,42684,0.05433199999970384
ddqn_modified,DDQN,Modified,473,-4.370986009625433,-28.434450149536133,1,0.06,94,132,0.5761216,3.21858712850195,42816,0.08611875001224689
ddqn_modified,DDQN,Modified,474,-98.25131725867287,-29.13477325439453,0,0.06,72,105,0.5750821,3.3421690906797137,42921,0.06079841702012345
ddqn_modified,DDQN,Modified,475,24.120388263979862,-29.146808624267578,1,0.07,98,133,0.5737654000000001,3.277376569303355,43054,0.07539558399002999
ddqn_modified,DDQN,Modified,476,-58.76524147159027,-30.790054321289062,0,0.07,69,84,0.5729337999999999,2.957420982775234,43138,0.04909687500912696
ddqn_modified,DDQN,Modified,477,-13.859678437155935,-29.467632293701172,0,0.07,70,87,0.5720725,3.6299798337892555,43225,0.0519972920010332
ddqn_modified,DDQN,Modified,478,-310.1424021612404,-30.62578582763672,0,0.07,265,309,0.5690134,3.0192374004515243,43534,0.18849458298063837
ddqn_modified,DDQN,Modified,479,-97.58741322354615,-31.259029388427734,0,0.07,107,137,0.5676571,3.413020906657198,43671,0.08334654200007208
ddqn_modified,DDQN,Modified,480,-80.4951374055891,-30.733694076538086,0,0.07,89,121,0.5664592,3.1232301105152476,43792,0.07232429200666957
ddqn_modified,DDQN,Modified,481,-93.76839578358046,-30.82445526123047,0,0.07,56,76,0.5657068000000001,2.8716592796539007,43868,0.04361254099057987
ddqn_modified,DDQN,Modified,482,-83.81490179539063,-31.59846305847168,0,0.07,81,101,0.5647069,3.0188507272465395,43969,0.05817737500183284
ddqn_modified,DDQN,Modified,483,-63.06866233971107,-31.423248291015625,0,0.07,61,70,0.5640139,2.892970013618469,44039,0.03939854199416004
ddqn_modified,DDQN,Modified,484,-90.53079308889295,-31.298236846923828,0,0.07,67,90,0.5631229,3.288163200351927,44129,0.05030025000451133
ddqn_modified,DDQN,Modified,485,-73.8685463418366,-32.16679382324219,0,0.07,64,85,0.5622814,2.756516394895666,44214,0.05116533400723711
ddqn_modified,DDQN,Modified,486,-98.08998813593936,-31.922725677490234,0,0.07,92,113,0.5611627,3.233388415480082,44327,0.06650579199776985
ddqn_modified,DDQN,Modified,487,-91.94242416939522,-30.72739028930664,0,0.07,67,88,0.5602914999999999,3.5472140874374998,44415,0.05403504098649137
ddqn_modified,DDQN,Modified,488,-259.995392970138,-31.95535659790039,0,0.07,566,874,0.5516388999999999,3.2828364542747255,45289,0.5346750410099048
ddqn_modified,DDQN,Modified,489,-312.03427129311694,-32.239906311035156,0,0.07,116,143,0.5502232,3.2404805913671746,45432,0.09641675002058037
ddqn_modified,DDQN,Modified,490,-122.72729978746287,-31.97988510131836,0,0.07,79,91,0.5493223,3.1243880725168918,45523,0.05811120898579247
ddqn_modified,DDQN,Modified,491,-73.4194798816542,-31.53835105895996,0,0.07,72,90,0.5484313000000001,2.98673543466462,45613,0.05274754099082202
ddqn_modified,DDQN,Modified,492,-37.42163242129697,-31.64301109313965,0,0.07,98,123,0.5472136000000001,3.103355288505554,45736,0.07053333299700171
ddqn_modified,DDQN,Modified,493,-85.22740788165238,-31.861797332763672,0,0.07,53,63,0.5465899000000001,2.7583349933699957,45799,0.03987158299423754
ddqn_modified,DDQN,Modified,494,-47.973484674368194,-33.11344909667969,0,0.07,105,124,0.5453623,3.3461070599094516,45923,0.07593245798489079
ddqn_modified,DDQN,Modified,495,-41.4591174601608,-32.13245391845703,1,0.08,122,147,0.543907,3.5177176647445783,46070,0.08949262500391342
ddqn_modified,DDQN,Modified,496,-59.428948262835895,-32.59147644042969,0,0.08,77,94,0.5429764,3.3465564231923284,46164,0.06484770801034756
ddqn_modified,DDQN,Modified,497,-21.33261648680357,-32.602203369140625,1,0.09,91,119,0.5417983,3.1994423966447845,46283,0.08913708300678991
ddqn_modified,DDQN,Modified,498,-83.48269678958326,-32.789642333984375,0,0.09,69,96,0.5408479,3.0630324383576712,46379,0.08026545797474682
ddqn_modified,DDQN,Modified,499,-19.315736266965256,-32.8616828918457,1,0.1,89,112,0.5397391,3.2417579979768822,46491,0.08177004198660143
ddqn_modified,DDQN,Modified,500,-56.73000613972995,-34.18722152709961,0,0.1,115,150,0.5382541000000001,3.3930594960848492,46641,0.10980862498399802
ddqn_modified,DDQN,Modified,501,-81.29599677426401,-33.31058120727539,0,0.1,75,84,0.5374225,2.920630078230585,46725,0.05768525000894442
ddqn_modified,DDQN,Modified,502,-102.36296305163648,-34.12442398071289,0,0.09,109,137,0.5360662,3.3120138301466504,46862,0.11195245798444375
ddqn_modified,DDQN,Modified,503,-93.6619275088207,-33.92852020263672,0,0.09,114,133,0.5347495,3.7356117484264804,46995,0.1033089580014348
ddqn_modified,DDQN,Modified,504,-84.47615911230687,-34.698585510253906,0,0.09,88,113,0.5336308000000001,3.425966996007261,47108,0.08302841600379907
ddqn_modified,DDQN,Modified,505,17.407650073435406,-33.894676208496094,1,0.1,85,105,0.5325913,2.9223600796290805,47213,0.08268233298440464
ddqn_modified,DDQN,Modified,506,-85.58006426984068,-34.21731185913086,0,0.1,65,79,0.5318092,3.241328836241855,47292,0.05852658400544897
ddqn_modified,DDQN,Modified,507,-77.5398492670006,-35.23347473144531,0,0.1,66,85,0.5309676999999999,2.306027826140909,47377,0.06197179199079983
ddqn_modified,DDQN,Modified,508,-87.52968496760158,-33.67961120605469,0,0.1,69,79,0.5301856,3.5660533942753756,47456,0.05658920799032785
ddqn_modified,DDQN,Modified,509,-44.640654954445026,-35.620704650878906,1,0.11,80,90,0.5292946000000001,3.55142583515909,47546,0.06710399998701178
ddqn_modified,DDQN,Modified,510,-63.55005736852622,-34.419654846191406,0,0.11,71,90,0.5284036,3.230189135339525,47636,0.08318449999205768
ddqn_modified,DDQN,Modified,511,-25.30582381123932,-35.171630859375,0,0.11,100,111,0.5273047,3.178752610812316,47747,0.09766583298915066
ddqn_modified,DDQN,Modified,512,-64.7639455447916,-35.69243621826172,0,0.11,109,142,0.5258989000000001,3.732648101071237,47889,0.11244900000747293
ddqn_modified,DDQN,Modified,513,3.5528496230041426,-34.540077209472656,1,0.12,67,85,0.5250574,2.300423691553228,47974,0.06951829200261272
ddqn_modified,DDQN,Modified,514,-90.71663444088358,-34.66115951538086,0,0.12,83,96,0.524107,3.7002527633061013,48070,0.06665500000235625
ddqn_modified,DDQN,Modified,515,-92.20213111365464,-34.42587661743164,0,0.12,86,107,0.5230477,3.1508424075964454,48177,0.07598216697806492
ddqn_modified,DDQN,Modified,516,-8.07685803682741,-34.249900817871094,1,0.13,89,115,0.5219092,2.9399558062138764,48292,0.14337941698613577
ddqn_modified,DDQN,Modified,517,-1.0796886382075286,-34.63224792480469,1,0.14,64,77,0.5211469,3.344503478570418,48369,0.05641395802376792
ddqn_modified,DDQN,Modified,518,-99.13565642087916,-35.37784957885742,0,0.14,71,87,0.5202856,2.556387629317141,48456,0.05042574999970384
ddqn_modified,DDQN,Modified,519,-11.409466558232083,-34.93133544921875,1,0.14,77,107,0.5192262999999999,3.1259703569323105,48563,0.06114820798393339
ddqn_modified,DDQN,Modified,520,-16.654537962676443,-34.854225158691406,0,0.14,75,84,0.5183947,3.965106126807985,48647,0.04890204197727144
ddqn_modified,DDQN,Modified,521,-40.69386473887858,-34.6297607421875,0,0.14,75,83,0.5175730000000001,3.042920323739569,48730,0.047787124989554286
ddqn_modified,DDQN,Modified,522,-138.99507284989846,-34.418251037597656,0,0.14,98,122,0.5163652,2.9535528729196456,48852,0.07067670798278414
ddqn_modified,DDQN,Modified,523,-9.25703628730922,-35.15911102294922,1,0.15,67,82,0.5155533999999999,3.176542793105288,48934,0.04814037500182167
ddqn_modified,DDQN,Modified,524,-13.624744088157577,-35.00923156738281,1,0.16,95,121,0.5143555,3.1385967302913507,49055,0.07348849999834783
ddqn_modified,DDQN,Modified,525,-160.38562818422298,-35.41173553466797,0,0.16,96,128,0.5130882999999999,3.307078629732132,49183,0.0745974580058828
ddqn_modified,DDQN,Modified,526,-78.92232556261308,-34.636817932128906,0,0.16,83,105,0.5120488000000001,2.960150882743654,49288,0.06181524999556132
ddqn_modified,DDQN,Modified,527,-72.24313776897208,-35.804996490478516,0,0.16,85,117,0.5108905,3.3025529048381705,49405,0.07135095799458213
ddqn_modified,DDQN,Modified,528,-41.20246470594901,-36.071449279785156,0,0.16,107,132,0.5095837000000001,3.0707297361258306,49537,0.08075529200141318
ddqn_modified,DDQN,Modified,529,-83.52080004005171,-36.40662384033203,0,0.16,85,104,0.5085541,2.8851069601682515,49641,0.061119207995943725
ddqn_modified,DDQN,Modified,530,-71.22689026584145,-35.542415618896484,0,0.15,75,93,0.5076334,2.9382766895396735,49734,0.05452404200332239
ddqn_modified,DDQN,Modified,531,-58.52086220546533,-36.04786682128906,0,0.15,68,85,0.5067919,3.308182521427379,49819,0.04895354199106805
ddqn_modified,DDQN,Modified,532,-76.39637936000862,-34.3482780456543,0,0.15,91,125,0.5055544000000001,3.5600617318153382,49944,0.08063483299338259
ddqn_modified,DDQN,Modified,533,-606.4180614713715,-37.99721908569336,0,0.15,735,921,0.49643649999999995,3.185743377340733,50865,0.5348442089743912
ddqn_modified,DDQN,Modified,534,-74.56840815948881,-37.4568977355957,0,0.15,87,122,0.49522869999999997,2.9096246342189978,50987,0.07782124998630024
ddqn_modified,DDQN,Modified,535,-51.53358583386524,-37.67131042480469,0,0.15,96,103,0.494209,3.4010187734677952,51090,0.057288666983367875
ddqn_modified,DDQN,Modified,536,-88.09892599626592,-37.72638702392578,0,0.15,75,99,0.4932289000000001,3.5775696569018893,51189,0.061069457995472476
ddqn_modified,DDQN,Modified,537,-98.90416884309694,-37.13378143310547,0,0.14,78,94,0.49229829999999997,3.1094497404199966,51283,0.05512479197932407
ddqn_modified,DDQN,Modified,538,-90.55777385945711,-36.03254699707031,0,0.14,81,115,0.49115980000000004,2.767281400639078,51398,0.06659758399473503
ddqn_modified,DDQN,Modified,539,-113.86323111026861,-36.59585189819336,0,0.14,80,89,0.49027869999999996,3.25421377179328,51487,0.05103341702488251
ddqn_modified,DDQN,Modified,540,-76.66273471635613,-38.00532531738281,0,0.14,93,101,0.4892788,3.163990539489406,51588,0.05771475000074133
ddqn_modified,DDQN,Modified,541,-77.2104879735741,-37.163482666015625,0,0.14,52,60,0.4886847999999999,3.4048050940036774,51648,0.036306583002442494
ddqn_modified,DDQN,Modified,542,-115.93766404615339,-38.101585388183594,0,0.14,128,145,0.4872493,3.138181545816619,51793,0.08687616701354273
ddqn_modified,DDQN,Modified,543,-60.62064724284612,-38.381072998046875,0,0.14,107,149,0.48577420000000004,2.981640522111982,51942,0.09607525001047179
ddqn_modified,DDQN,Modified,544,-79.31938720900563,-37.529876708984375,0,0.14,75,86,0.4849228,3.2373695380465928,52028,0.05098362499848008
ddqn_modified,DDQN,Modified,545,-109.27602807594602,-37.711082458496094,0,0.14,90,104,0.4838932,2.838179064484743,52132,0.06208187498850748
ddqn_modified,DDQN,Modified,546,-25.847746503847887,-37.77301025390625,0,0.14,106,126,0.4826458,3.087116342688364,52258,0.07366587498108856
ddqn_modified,DDQN,Modified,547,-58.48775622629295,-38.3577880859375,0,0.14,68,79,0.4818637,2.897473160979114,52337,0.048005040996940807
ddqn_modified,DDQN,Modified,548,-58.79646449372552,-37.39811706542969,0,0.14,83,113,0.4807450000000001,2.920393217981389,52450,0.06711008300771937
ddqn_modified,DDQN,Modified,549,13.044328325930131,-37.69860076904297,1,0.15,81,91,0.4798441,2.6097778907189,52541,0.05308162499568425
ddqn_modified,DDQN,Modified,550,-101.30895755916397,-38.001094818115234,0,0.15,86,96,0.4788937,3.145308999965588,52637,0.05608983398997225
ddqn_modified,DDQN,Modified,551,-257.73403453867013,-38.889156341552734,0,0.15,616,698,0.4719835,3.2238014156804726,53335,0.4131252500228584
ddqn_modified,DDQN,Modified,552,-1.7861360469985357,-39.55221939086914,1,0.15,71,83,0.47116179999999996,3.1207495080419334,53418,0.04990233399439603
ddqn_modified,DDQN,Modified,553,43.30532730756249,-40.1961555480957,1,0.16,92,108,0.4700926000000001,4.450624848957415,53526,0.06512016701162793
ddqn_modified,DDQN,Modified,554,-95.17717523022355,-39.24372100830078,0,0.16,85,112,0.46898380000000006,3.921045508235693,53638,0.07885608400101773
ddqn_modified,DDQN,Modified,555,-130.86018544645293,-39.79262161254883,0,0.16,68,74,0.4682512,2.840600180464822,53712,0.045695000007981434
ddqn_modified,DDQN,Modified,556,19.230011062521882,-39.30746078491211,0,0.16,79,98,0.46728099999999995,3.7968688011169434,53810,0.0592917499889154
ddqn_modified,DDQN,Modified,557,-53.048017244422496,-39.02719497680664,0,0.16,64,84,0.4664494,3.3008218663079396,53894,0.04721679200883955
ddqn_modified,DDQN,Modified,558,-32.932265114807095,-38.97017288208008,0,0.16,162,205,0.4644199,2.8841290744339547,54099,0.12120066699571908
ddqn_modified,DDQN,Modified,559,-52.119932248132436,-39.6585693359375,0,0.16,85,133,0.46310319999999994,2.8055814997594157,54232,0.07948674997896887
ddqn_modified,DDQN,Modified,560,3.077005605435467,-38.52996063232422,1,0.17,129,157,0.46154890000000004,3.176370703111029,54389,0.09584820800228044
ddqn_modified,DDQN,Modified,561,-97.60471869266277,-38.6365852355957,0,0.17,58,67,0.4608856,3.1716388713068038,54456,0.04424287498113699
ddqn_modified,DDQN,Modified,562,-98.22144450857108,-39.53712463378906,0,0.17,82,99,0.4599055000000001,3.0439013724375252,54555,0.05930475000059232
ddqn_modified,DDQN,Modified,563,13.61696878353542,-38.596927642822266,1,0.18,135,161,0.45831160000000004,3.4017865576359054,54716,0.09662525000749156
ddqn_modified,DDQN,Modified,564,-2.084772879674631,-40.03815460205078,1,0.19,119,140,0.45692559999999993,3.289853659272194,54856,0.08177987500675954
ddqn_modified,DDQN,Modified,565,-82.58422534944731,-39.267608642578125,0,0.19,97,116,0.4557772,3.380013403707537,54972,0.06520508299581707
ddqn_modified,DDQN,Modified,566,-94.72714546810558,-39.17106628417969,0,0.19,74,109,0.4546981,3.270437975542261,55081,0.0663321669853758
ddqn_modified,DDQN,Modified,567,-100.70147532243863,-38.98423767089844,0,0.19,91,102,0.45368829999999993,3.4625359148371455,55183,0.06073054202715866
ddqn_modified,DDQN,Modified,568,-109.85675390153749,-39.463138580322266,0,0.19,154,166,0.45204489999999997,2.9024314535669533,55349,0.09992350000538863
ddqn_modified,DDQN,Modified,569,-73.75593851204792,-40.624202728271484,0,0.19,119,145,0.45060940000000005,2.855471422754485,55494,0.09253841699683107
ddqn_modified,DDQN,Modified,570,-83.49690629639909,-39.740474700927734,0,0.19,101,129,0.4493323,3.2933428966721823,55623,0.07543341699056327
ddqn_modified,DDQN,Modified,571,-32.82553103988664,-38.69064712524414,0,0.19,83,90,0.44844130000000004,3.1513866047064463,55713,0.055879624997032806
ddqn_modified,DDQN,Modified,572,-129.6300185017576,-39.626407623291016,0,0.19,106,134,0.4471147,3.0959463466459245,55847,0.08516645900090225
ddqn_modified,DDQN,Modified,573,-305.26327666146545,-40.655731201171875,0,0.18,277,308,0.4440655,3.0121146070879776,56155,0.1796719590201974
ddqn_modified,DDQN,Modified,574,-128.43884379781514,-40.86358642578125,0,0.18,289,332,0.44077869999999997,3.023195568696562,56487,0.20756308399722911
ddqn_modified,DDQN,Modified,575,-40.8380987457884,-40.087467193603516,0,0.17,82,95,0.43983820000000007,3.059576680785731,56582,0.05585608401452191
ddqn_modified,DDQN,Modified,576,-61.15112695157125,-40.522369384765625,0,0.17,60,73,0.4391155,3.142036008508238,56655,0.04275279099238105
ddqn_modified,DDQN,Modified,577,-81.59088808668292,-40.456180572509766,0,0.17,66,73,0.4383928,4.491851816438649,56728,0.04176366698811762
ddqn_modified,DDQN,Modified,578,-27.4818848947875,-40.817325592041016,0,0.17,107,118,0.4372246000000001,2.8433479131278343,56846,0.06933491700328887
ddqn_modified,DDQN,Modified,579,-79.73806690149675,-39.64442443847656,0,0.17,122,154,0.4357000000000001,3.6138508149555753,57000,0.0896335419965908
ddqn_modified,DDQN,Modified,580,-33.54509093231415,-39.669010162353516,0,0.17,81,93,0.4347793,3.147319012431688,57093,0.05739820798044093
ddqn_modified,DDQN,Modified,581,-102.85656006845464,-40.227874755859375,0,0.17,154,193,0.43286859999999994,3.4215864690474276,57286,0.11252495800727047
ddqn_modified,DDQN,Modified,582,-32.66068925963209,-40.06585693359375,1,0.18,63,78,0.43209639999999994,2.8902854338670387,57364,0.05258187500294298
ddqn_modified,DDQN,Modified,583,-77.13689963996859,-38.37223815917969,0,0.18,129,149,0.4306213,3.3056826839511024,57513,0.08597033299156465
ddqn_modified,DDQN,Modified,584,-44.695375562275004,-38.810386657714844,0,0.18,84,99,0.42964120000000006,3.167267038364603,57612,0.05769741698168218
ddqn_modified,DDQN,Modified,585,-29.67784867195654,-38.18544387817383,0,0.18,86,94,0.42871059999999994,3.0457618521883134,57706,0.055937666998943314
ddqn_modified,DDQN,Modified,586,-12.81466792841536,-38.249244689941406,1,0.19,95,116,0.4275622,2.8018162373838753,57822,0.06930041601299308
ddqn_modified,DDQN,Modified,587,-18.75877276469891,-37.544593811035156,1,0.2,81,107,0.4265029,2.5352758185885778,57929,0.06505879099131562
ddqn_modified,DDQN,Modified,588,-72.26685359320831,-39.364620208740234,0,0.2,66,98,0.4255327000000001,3.096982308796474,58027,0.0585300829843618
ddqn_modified,DDQN,Modified,589,37.234344611297885,-38.163150787353516,1,0.21,117,153,0.424018,3.249104267631481,58180,0.09192666699527763
ddqn_modified,DDQN,Modified,590,-21.198654848330758,-38.22096633911133,1,0.22,69,91,0.4231171,2.9782056310674645,58271,0.05383616700419225
ddqn_modified,DDQN,Modified,591,-146.00860059674784,-39.04412078857422,0,0.22,81,105,0.42207760000000005,2.922664277326493,58376,0.05763737502275035
ddqn_modified,DDQN,Modified,592,-38.309178423653236,-40.15283203125,0,0.22,120,152,0.42057279999999997,2.7520521557644795,58528,0.09129366601700895
ddqn_modified,DDQN,Modified,593,-80.30233480184394,-38.682411193847656,0,0.22,85,94,0.4196422000000001,2.676966833307388,58622,0.06374141701962799
ddqn_modified,DDQN,Modified,594,-89.7271469363612,-38.86243438720703,0,0.22,79,114,0.41851360000000004,3.042722645558809,58736,0.09082616699743085
ddqn_modified,DDQN,Modified,595,-72.36990083461541,-38.590240478515625,0,0.21,83,120,0.4173256000000001,2.9954952508211137,58856,0.07116162497550249
ddqn_modified,DDQN,Modified,596,-37.25458029688443,-39.04651641845703,0,0.21,93,117,0.4161673,2.94091364970574,58973,0.07244537500082515
ddqn_modified,DDQN,Modified,597,-87.48348741984451,-37.79792022705078,0,0.2,92,108,0.4150981,3.4115164241305105,59081,0.09080054200603627
ddqn_modified,DDQN,Modified,598,-83.99597135490217,-38.493473052978516,0,0.2,109,146,0.4136527000000001,3.092369543771221,59227,0.08878941700095311
ddqn_modified,DDQN,Modified,599,-47.074507004544344,-39.16350555419922,0,0.19,75,84,0.41282109999999994,2.9644164187567577,59311,0.05415387501125224
ddqn_modified,DDQN,Modified,600,15.398688244001832,-38.93077087402344,0,0.19,90,97,0.4118607999999999,3.1862199957837762,59408,0.060122541995951906
ddqn_modified,DDQN,Modified,601,-47.39684270811965,-39.6102294921875,0,0.19,85,99,0.4108807,2.7759310753658566,59507,0.05873604098451324
ddqn_modified,DDQN,Modified,602,-25.334797167172468,-38.559139251708984,0,0.19,108,118,0.40971250000000003,3.0280780625545374,59625,0.07121679201372899
ddqn_modified,DDQN,Modified,603,13.16452086728654,-39.56922149658203,1,0.2,100,122,0.40850470000000005,3.2347302114377254,59747,0.07725370800471865
ddqn_modified,DDQN,Modified,604,-57.87619758846274,-39.96528244018555,0,0.2,85,101,0.4075048,3.0057440913549742,59848,0.0626513330207672
ddqn_modified,DDQN,Modified,605,-13.663860074292032,-39.13821029663086,0,0.19,76,93,0.4065841,2.9160258910989247,59941,0.05551462501171045
ddqn_modified,DDQN,Modified,606,-26.29074951759405,-38.298622131347656,0,0.19,60,76,0.4058317,2.91714035915701,60017,0.045024000020930544
ddqn_modified,DDQN,Modified,607,-108.29808141182322,-37.43183135986328,0,0.19,88,110,0.4047427,2.9837077059529045,60127,0.06742154201492667
ddqn_modified,DDQN,Modified,608,-86.58822306089054,-37.66148376464844,0,0.19,103,119,0.40356460000000005,3.0580093685318444,60246,0.07227750000311062
ddqn_modified,DDQN,Modified,609,-88.75223465969192,-38.32008743286133,0,0.18,89,104,0.402535,2.835791554588538,60350,0.06305595798767172
ddqn_modified,DDQN,Modified,610,-26.350385251315814,-38.25693130493164,0,0.18,111,135,0.4011985,3.1222941632624024,60485,0.08168779200059362
ddqn_modified,DDQN,Modified,611,-45.956260865263125,-39.15288543701172,0,0.18,76,85,0.40035699999999996,2.7119381483863383,60570,0.05245879199355841
ddqn_modified,DDQN,Modified,612,-44.69159046859782,-38.42398452758789,0,0.18,75,94,0.39942640000000007,3.1326249349624553,60664,0.05634762498084456
ddqn_modified,DDQN,Modified,613,-102.57589115165254,-39.20081329345703,0,0.17,90,98,0.3984561999999999,2.620577098763719,60762,0.05905487498966977
ddqn_modified,DDQN,Modified,614,-90.48111446182246,-39.66425704956055,0,0.17,81,101,0.3974563,3.034068471134299,60863,0.06535870899097063
ddqn_modified,DDQN,Modified,615,-38.014459012508354,-40.416378021240234,0,0.17,138,164,0.39583270000000004,2.9565489292144775,61027,0.09596237499499694
ddqn_modified,DDQN,Modified,616,-85.28845081584342,-38.88755416870117,0,0.16,78,91,0.39493180000000006,3.1336372330948548,61118,0.054471832991112024
ddqn_modified,DDQN,Modified,617,-50.66764714234538,-41.014862060546875,0,0.15,83,97,0.39397150000000003,2.622521265265868,61215,0.060253000003285706
ddqn_modified,DDQN,Modified,618,-16.221074169187553,-38.66188049316406,1,0.16,68,86,0.3931201,2.6689244869143463,61301,0.05205687502166256
ddqn_modified,DDQN,Modified,619,-47.65828004702006,-40.67082595825195,0,0.15,79,92,0.3922093,2.726586678105852,61393,0.05511958300485276
ddqn_modified,DDQN,Modified,620,-40.607279659940026,-40.36164093017578,0,0.15,89,111,0.39111039999999997,2.7965028608167493,61504,0.06876354198902845
ddqn_modified,DDQN,Modified,621,-68.27258313634255,-39.44443893432617,0,0.15,65,81,0.39030849999999995,2.805956976649202,61585,0.05270787500194274
ddqn_modified,DDQN,Modified,622,-81.06583711301406,-39.6453857421875,0,0.15,131,168,0.38864529999999997,2.853290669620037,61753,0.09753895798348822
ddqn_modified,DDQN,Modified,623,-97.53563369748777,-40.38243103027344,0,0.14,100,123,0.3874276,3.010997041938751,61876,0.08660441701067612
ddqn_modified,DDQN,Modified,624,-86.60642738148506,-39.689109802246094,0,0.13,100,112,0.3863188000000001,2.666022983512708,61988,0.07057604199508205
ddqn_modified,DDQN,Modified,625,-221.97921367830827,-39.601951599121094,0,0.13,385,434,0.3820222,2.950597912897163,62422,0.27268979197833687
ddqn_modified,DDQN,Modified,626,-91.5778529687005,-39.844642639160156,0,0.13,118,138,0.380656,2.6304524977138075,62560,0.08494608299224637
ddqn_modified,DDQN,Modified,627,-321.67992209818385,-41.60920715332031,0,0.13,862,1000,0.370756,2.8558232122063636,63560,0.625663374987198
ddqn_modified,DDQN,Modified,628,-63.30226334451666,-41.226810455322266,0,0.13,78,91,0.3698551,2.842688242812733,63651,0.05565199998090975
ddqn_modified,DDQN,Modified,629,-69.54798013566037,-40.32367706298828,0,0.13,81,100,0.36886509999999995,3.0474195432662965,63751,0.06003495800541714
ddqn_modified,DDQN,Modified,630,-50.25154799403557,-40.52717208862305,0,0.13,102,122,0.36765729999999996,3.2863814224962327,63873,0.07633191702188924
ddqn_modified,DDQN,Modified,631,-75.87724205537624,-41.290985107421875,0,0.13,90,112,0.36654849999999994,3.4484532177448273,63985,0.07650037499843165
ddqn_modified,DDQN,Modified,632,-152.85112359944964,-39.15509033203125,0,0.13,481,551,0.3610936,2.7950191013176946,64536,0.35462695799651556
ddqn_modified,DDQN,Modified,633,-59.912521708792916,-39.65924835205078,0,0.13,82,98,0.3601234,2.9169012004015396,64634,0.06310991701320745
ddqn_modified,DDQN,Modified,634,-52.697833343067835,-38.98727035522461,0,0.13,103,135,0.3587869,2.9599612085907547,64769,0.08182054100325331
ddqn_modified,DDQN,Modified,635,-14.549792587694,-40.381656646728516,0,0.13,109,136,0.35744049999999994,2.847164375378805,64905,0.1378227910026908
ddqn_modified,DDQN,Modified,636,-9.201287287612757,-39.953826904296875,0,0.13,123,154,0.35591589999999995,2.986951558620899,65059,0.09655195899540558
ddqn_modified,DDQN,Modified,637,-91.58196373247648,-39.909324645996094,0,0.13,320,383,0.3521242,2.755628863607312,65442,0.23056545801227912
ddqn_modified,DDQN,Modified,638,-21.49504203405506,-38.184383392333984,0,0.13,118,137,0.3507679,2.946776642851586,65579,0.08118045798619278
ddqn_modified,DDQN,Modified,639,-29.491213920210015,-38.46842956542969,0,0.13,97,131,0.349471,2.6066424851199144,65710,0.07891408298746683
ddqn_modified,DDQN,Modified,640,-23.93936641524772,-38.442298889160156,0,0.13,95,111,0.3483721000000001,2.652001413139137,65821,0.06743191700661555
ddqn_modified,DDQN,Modified,641,54.66699301392018,-38.139678955078125,1,0.14,112,154,0.3468475000000001,2.675119301328411,65975,0.0933986250020098
ddqn_modified,DDQN,Modified,642,-41.00619953295873,-38.94905090332031,0,0.14,73,98,0.34587729999999994,2.351745610942646,66073,0.06622441700892523
ddqn_modified,DDQN,Modified,643,-42.63405529361879,-38.84622573852539,0,0.14,96,107,0.34481799999999996,2.5518226055341344,66180,0.06336962501518428
ddqn_modified,DDQN,Modified,644,-63.99061136733968,-39.27589797973633,0,0.14,83,88,0.3439468,2.6393452991138804,66268,0.05443358299089596
ddqn_modified,DDQN,Modified,645,-36.52356804984525,-38.100040435791016,0,0.14,97,131,0.34264990000000006,2.647330806910537,66399,0.08250795901403762
ddqn_modified,DDQN,Modified,646,-30.094544274592423,-39.558937072753906,0,0.14,84,95,0.34170940000000005,2.6818744816278155,66494,0.05810133300838061
ddqn_modified,DDQN,Modified,647,-60.64887293814466,-39.41163635253906,0,0.14,126,162,0.3401056,2.646755952893952,66656,0.0955865420110058
ddqn_modified,DDQN,Modified,648,-1.6287149107166812,-40.57696533203125,0,0.14,102,116,0.33895720000000007,2.4254748867503526,66772,0.07006758399074897
ddqn_modified,DDQN,Modified,649,-86.29861544408668,-39.776031494140625,0,0.13,61,81,0.33815530000000005,2.5327144898014304,66853,0.04798212499008514
ddqn_modified,DDQN,Modified,650,-59.85406947607919,-39.76233673095703,0,0.13,62,68,0.3374821,2.5424187945968963,66921,0.04005945799872279
ddqn_modified,DDQN,Modified,651,-61.67559488576999,-40.43000030517578,0,0.13,100,127,0.3362248,2.613150614922441,67048,0.07701099998666905
ddqn_modified,DDQN,Modified,652,-60.86031779615321,-40.3355712890625,0,0.12,92,116,0.33507639999999994,2.57183431345841,67164,0.06678362502134405
ddqn_modified,DDQN,Modified,653,-32.75069808818127,-41.06918716430664,0,0.11,122,148,0.3336112,2.906676894909627,67312,0.0849667500006035
ddqn_modified,DDQN,Modified,654,-127.7060956406757,-40.106868743896484,0,0.11,75,83,0.33278949999999996,2.6656511691679436,67395,0.050331916980212554
ddqn_modified,DDQN,Modified,655,-75.07189445921821,-41.29638671875,0,0.11,74,80,0.33199750000000006,2.8401361107826233,67475,0.0465302919910755
ddqn_modified,DDQN,Modified,656,-72.62693643800036,-40.50877380371094,0,0.11,110,139,0.33062140000000007,2.5604727281083304,67614,0.08303804098977707
ddqn_modified,DDQN,Modified,657,-80.24100987543054,-40.455631256103516,0,0.11,86,104,0.3295918,2.573765476162617,67718,0.06360491600935347
ddqn_modified,DDQN,Modified,658,-342.6290041752661,-40.96561050415039,0,0.11,255,299,0.32663169999999997,2.6361837399045758,68017,0.18231662499601953
ddqn_modified,DDQN,Modified,659,-52.59716477577709,-39.85383987426758,0,0.11,107,114,0.32550310000000005,2.461507326678226,68131,0.06791124999290332
ddqn_modified,DDQN,Modified,660,-19.095541202789192,-39.4074592590332,0,0.1,86,102,0.3244933,2.863882138448603,68233,0.060855082992929965
ddqn_modified,DDQN,Modified,661,-65.40362190691329,-39.228092193603516,0,0.1,145,163,0.32287960000000004,2.7809166052590117,68396,0.09223558299709111
ddqn_modified,DDQN,Modified,662,-291.7026792194464,-38.19261932373047,0,0.1,866,1000,0.3129796,2.686097968697548,69396,0.5945716249989346
ddqn_modified,DDQN,Modified,663,-23.24279262672202,-37.99373245239258,0,0.09,125,145,0.3115441,2.897684798158448,69541,0.08493924999493174
ddqn_modified,DDQN,Modified,664,-69.63890410998,-37.16675567626953,0,0.08,84,100,0.31055410000000006,2.634544813632965,69641,0.06035012501524761
ddqn_modified,DDQN,Modified,665,-82.3063195778589,-37.97684097290039,0,0.08,94,119,0.309376,2.8672288345689534,69760,0.08122204197570682
ddqn_modified,DDQN,Modified,666,-225.45605445940168,-37.545814514160156,0,0.08,243,291,0.3064951,2.7387323660129534,70051,0.17043358299997635
ddqn_modified,DDQN,Modified,667,-0.5608985839233469,-38.10570526123047,0,0.08,129,138,0.30512890000000004,2.7340507969476175,70189,0.08062954200431705
ddqn_modified,DDQN,Modified,668,-0.2284249780594365,-36.82991409301758,1,0.09,85,115,0.3039904,2.46488924752111,70304,0.07865987499826588
ddqn_modified,DDQN,Modified,669,-18.8389167307393,-37.69043731689453,0,0.09,99,122,0.3027826,2.6783379819549498,70426,0.07125954199000262
ddqn_modified,DDQN,Modified,670,-334.10890989161413,-34.971160888671875,0,0.09,892,1000,0.2928826,2.7030169508457185,71426,0.5908883749798406
ddqn_modified,DDQN,Modified,671,-64.5125954013667,-34.913475036621094,0,0.09,76,83,0.29206089999999996,2.4513344692896646,71509,0.05513354198774323
ddqn_modified,DDQN,Modified,672,-300.2067487064687,-32.4725227355957,0,0.09,859,1000,0.28216090000000005,2.5733804554343225,72509,0.6075203329965007
ddqn_modified,DDQN,Modified,673,-253.03187004190212,-32.38261032104492,0,0.09,764,1000,0.27226090000000003,2.5047256512641907,73509,0.6046134170028381
ddqn_modified,DDQN,Modified,674,-39.830338049397696,-32.18631362915039,0,0.09,106,119,0.27108279999999996,2.6619945233609497,73628,0.07281075001810677
ddqn_modified,DDQN,Modified,675,-77.04756775889373,-32.47270584106445,0,0.09,112,141,0.26968690000000006,2.4346827429237097,73769,0.08562033300404437
ddqn_modified,DDQN,Modified,676,-303.2151998196613,-32.66452407836914,0,0.09,874,1000,0.25978690000000004,2.5638896858096123,74769,0.6018027919926681
ddqn_modified,DDQN,Modified,677,-29.59187070206231,-31.875656127929688,0,0.09,141,164,0.2581633,2.6197858678131567,74933,0.09791854198556393
ddqn_modified,DDQN,Modified,678,-146.07960232007852,-32.7275276184082,0,0.09,367,426,0.25394590000000006,2.3669624626636505,75359,0.26220658401143737
ddqn_modified,DDQN,Modified,679,-24.04197129571557,-31.79914093017578,0,0.09,96,104,0.2529163,2.5496216943630805,75463,0.06600979197537526
ddqn_modified,DDQN,Modified,680,5.499251875460814,-32.421382904052734,0,0.09,102,111,0.2518174000000001,2.8351422279804677,75574,0.06913870800053701
ddqn_modified,DDQN,Modified,681,-214.76603046716758,-32.443233489990234,0,0.09,195,214,0.2496988,2.5095780068468825,75788,0.16122208299930207
ddqn_modified,DDQN,Modified,682,2.687385939388548,-32.92970275878906,0,0.08,113,130,0.24841180000000007,2.817179240630223,75918,0.07594666702789254
ddqn_modified,DDQN,Modified,683,-383.6542048092257,-32.99742889404297,0,0.08,835,974,0.23876920000000001,2.5206685823214374,76892,0.5977946660132147
ddqn_modified,DDQN,Modified,684,-369.1682516668302,-31.138288497924805,0,0.08,859,1000,0.2288692000000001,2.4067741327881813,77892,0.6951809999882244
ddqn_modified,DDQN,Modified,685,-145.27610216630438,-29.454944610595703,0,0.08,186,228,0.22661200000000004,2.566437630276931,78120,0.25424683300661854
ddqn_modified,DDQN,Modified,686,-453.05127650932974,-30.168155670166016,0,0.07,695,845,0.2182465,2.4025825367171385,78965,1.0374504169740248
ddqn_modified,DDQN,Modified,687,-140.6442786391562,-28.99921226501465,0,0.06,107,130,0.21695949999999997,2.3408888147427485,79095,0.15785858299932443
ddqn_modified,DDQN,Modified,688,-306.74465513184964,-27.828569412231445,0,0.06,822,1000,0.20705949999999995,2.397471107363701,80095,0.8278556250152178
ddqn_modified,DDQN,Modified,689,-14.667768816426161,-26.808780670166016,0,0.05,115,153,0.20554480000000008,2.3188212198369644,80248,0.12178829198819585
ddqn_modified,DDQN,Modified,690,-43.64087397595623,-26.185470581054688,0,0.04,90,116,0.20439640000000003,2.427017185194739,80364,0.11225483298767358
ddqn_modified,DDQN,Modified,691,-285.8954166715002,-24.502511978149414,0,0.04,827,1000,0.1944964,2.348359242618084,81364,0.8264665419992525
ddqn_modified,DDQN,Modified,692,-279.77058834251255,-23.79193115234375,0,0.04,820,1000,0.1845964,2.2957828627824783,82364,0.8340234169736505
ddqn_modified,DDQN,Modified,693,-289.0878939113742,-21.92483901977539,0,0.04,828,1000,0.17469639999999997,2.3297872560620307,83364,0.6200144169852138
ddqn_modified,DDQN,Modified,694,-448.7384980367846,-20.832901000976562,0,0.04,809,989,0.16490530000000003,2.2934299180674,84353,0.6364236250228714
ddqn_modified,DDQN,Modified,695,8.870943141835014,-20.58563995361328,0,0.04,116,129,0.1636282,2.2099694896113964,84482,0.08113249999587424
ddqn_modified,DDQN,Modified,696,-297.9212788549198,-18.65188217163086,0,0.04,831,1000,0.15372819999999998,2.25702785384655,85482,0.6664736249949783
ddqn_modified,DDQN,Modified,697,-282.4028289714307,-16.95199966430664,0,0.04,802,1000,0.14382819999999996,2.270127437889576,86482,0.8716518750006799
ddqn_modified,DDQN,Modified,698,-297.8857907932652,-14.543177604675293,0,0.04,810,1000,0.13392819999999994,2.1811124243736266,87482,0.6292677090095822
ddqn_modified,DDQN,Modified,699,-345.45991676912246,-14.48965835571289,0,0.04,806,1000,0.12402819999999992,2.2595868168473245,88482,0.6303041659994051
ddqn_modified,DDQN,Modified,700,-249.0722855439565,-11.456620216369629,0,0.04,840,1000,0.11412820000000001,2.214443953871727,89482,0.6201770420011599
ddqn_modified,DDQN,Modified,701,-268.21848654034477,-8.209547996520996,0,0.04,817,1000,0.1042282000000001,2.177780615746975,90482,0.6298543750017416
ddqn_modified,DDQN,Modified,702,-269.6546357240344,-8.966447830200195,0,0.04,779,1000,0.09432820000000008,2.1618591477274895,91482,0.6754270420060493
ddqn_modified,DDQN,Modified,703,-32.11659380035489,-4.790705680847168,0,0.03,94,134,0.09300160000000002,2.17198065812908,91616,0.08100066700717434
ddqn_modified,DDQN,Modified,704,-310.1243531462899,-3.195861339569092,0,0.03,796,1000,0.0831016,2.1075098158717154,92616,0.6143281660042703
ddqn_modified,DDQN,Modified,705,-260.6443648986221,-2.894918918609619,0,0.03,750,1000,0.07320159999999998,2.06268178999424,93616,0.608158333983738
ddqn_modified,DDQN,Modified,706,-270.430753417539,-1.5816118717193604,0,0.03,777,1000,0.06330159999999996,2.042955787599087,94616,0.6281420839950442
ddqn_modified,DDQN,Modified,707,-332.07429334703744,-2.421037435531616,0,0.03,795,1000,0.05340160000000005,2.0613973767757416,95616,0.6212776659813244
ddqn_modified,DDQN,Modified,708,-241.16656911615485,-3.9106621742248535,0,0.03,750,1000,0.04350160000000003,2.0291332895755767,96616,0.6185120420122985
ddqn_modified,DDQN,Modified,709,-285.28802400885223,-2.5577199459075928,0,0.03,728,1000,0.03360160000000001,1.9451730634570121,97616,0.6362519160029478
ddqn_modified,DDQN,Modified,710,-238.06019583569793,-1.4469401836395264,0,0.03,416,547,0.028186299999999997,2.004203241638553,98163,0.33181025000521913
ddqn_modified,DDQN,Modified,711,-298.0506680005788,-2.920093297958374,0,0.03,737,1000,0.018286299999999978,2.0519783823490143,99163,0.6018299580027815
ddqn_modified,DDQN,Modified,712,-291.97748606301957,-0.7964035272598267,0,0.03,709,1000,0.010000000000000009,1.8819204615950584,100163,0.5953211250016466
ddqn_modified,DDQN,Modified,713,-284.0165941511728,-1.6336771249771118,0,0.03,726,1000,0.010000000000000009,1.9894801238775253,101163,0.6001116670086049
ddqn_modified,DDQN,Modified,714,-316.61171214403174,-0.3677293658256531,0,0.03,734,1000,0.010000000000000009,1.8738852902054786,102163,0.6155287079745904
ddqn_modified,DDQN,Modified,715,-294.4641921132741,0.0629362165927887,0,0.03,724,1000,0.010000000000000009,1.8510323619246483,103163,0.6102086669998243
ddqn_modified,DDQN,Modified,716,-277.1363640852256,0.9564536809921265,0,0.03,747,1000,0.010000000000000009,1.762708474367857,104163,0.5950484579952899
ddqn_modified,DDQN,Modified,717,-270.88997594201334,1.3098472356796265,0,0.03,714,1000,0.010000000000000009,1.7861849650740624,105163,0.6280429580074269
ddqn_modified,DDQN,Modified,718,-280.24075487707637,2.062351703643799,0,0.02,736,1000,0.010000000000000009,1.6980833622515201,106163,0.6259605840023141
ddqn_modified,DDQN,Modified,719,35.57359521431874,2.3964450359344482,1,0.03,537,790,0.010000000000000009,1.6274284313373928,106953,0.47896791601669975
ddqn_modified,DDQN,Modified,720,-188.1006798740852,4.3416547775268555,0,0.03,707,1000,0.010000000000000009,1.6602871067523957,107953,0.6032856660021935
ddqn_modified,DDQN,Modified,721,-221.98972754638692,6.009305953979492,0,0.03,739,1000,0.010000000000000009,1.6153563723564148,108953,0.6028579999983776
ddqn_modified,DDQN,Modified,722,-302.30040269469555,4.941079616546631,0,0.03,732,1000,0.010000000000000009,1.6264488666951655,109953,0.6261065419821534
ddqn_modified,DDQN,Modified,723,-256.5784295205707,5.440695285797119,0,0.03,734,1000,0.010000000000000009,1.5801878252625465,110953,0.7314949999854434
ddqn_modified,DDQN,Modified,724,-244.19997601984338,7.818483829498291,0,0.03,728,1000,0.010000000000000009,1.5217969132065774,111953,0.8366879999812227
ddqn_modified,DDQN,Modified,725,-98.55939457916584,9.664298057556152,0,0.03,704,860,0.010000000000000009,1.4791279695408288,112813,0.6958832500095014
ddqn_modified,DDQN,Modified,726,-267.55935734333684,12.367256164550781,0,0.03,712,1000,0.010000000000000009,1.5263613131046294,113813,0.758758374984609
ddqn_modified,DDQN,Modified,727,-274.27596623994856,15.562629699707031,0,0.03,759,1000,0.010000000000000009,1.4693675437271596,114813,0.6157304999942426
ddqn_modified,DDQN,Modified,728,-265.27434014253714,15.955909729003906,0,0.03,735,1000,0.010000000000000009,1.446992757588625,115813,0.623658249998698
ddqn_modified,DDQN,Modified,729,-226.19806168008364,16.86587142944336,0,0.03,715,1000,0.010000000000000009,1.4983901686370373,116813,0.6407566250127275
ddqn_modified,DDQN,Modified,730,-274.7462938749302,19.29720687866211,0,0.03,752,1000,0.010000000000000009,1.5194578125178815,117813,0.6522347920108587
ddqn_modified,DDQN,Modified,731,-254.04517869700686,18.420841217041016,0,0.03,814,1000,0.010000000000000009,1.4131709111332893,118813,0.6146026250207797
ddqn_modified,DDQN,Modified,732,-223.88218446183035,19.41468048095703,0,0.03,696,1000,0.010000000000000009,1.3949091016054154,119813,0.6346595830109436
ddqn_modified,DDQN,Modified,733,-283.04035660732137,21.21173858642578,0,0.03,794,1000,0.010000000000000009,1.4072307951152325,120813,0.6160896660003345
ddqn_modified,DDQN,Modified,734,-265.8484171714084,19.70334815979004,0,0.03,752,1000,0.010000000000000009,1.3841241136789322,121813,0.5978315419924911
ddqn_modified,DDQN,Modified,735,-191.97386048182386,21.879688262939453,0,0.03,709,1000,0.010000000000000009,1.398820497572422,122813,0.6059505419980269
ddqn_modified,DDQN,Modified,736,-230.66877882118203,19.2564640045166,0,0.03,761,1000,0.010000000000000009,1.3515932157933712,123813,0.60969362501055
ddqn_modified,DDQN,Modified,737,-379.15134978604243,21.881816864013672,0,0.03,626,814,0.010000000000000009,1.3432399306894813,124627,0.4857394159771502
ddqn_modified,DDQN,Modified,738,-223.38464861971303,20.982181549072266,0,0.03,728,1000,0.010000000000000009,1.309102236866951,125627,0.6401943750097416
ddqn_modified,DDQN,Modified,739,-241.68710397037648,19.40060806274414,0,0.03,746,1000,0.010000000000000009,1.3186018228828906,126627,0.6214365410269238
ddqn_modified,DDQN,Modified,740,-250.09312287854908,18.904678344726562,0,0.03,731,1000,0.010000000000000009,1.25868778565526,127627,0.6174112919834442
ddqn_modified,DDQN,Modified,741,-219.75386555132982,19.70432472229004,0,0.02,750,1000,0.010000000000000009,1.2404471196234226,128627,0.6337597499950789
ddqn_modified,DDQN,Modified,742,-217.91011200354546,20.201915740966797,0,0.02,771,1000,0.010000000000000009,1.2401063214242458,129627,0.6132121249975171
ddqn_modified,DDQN,Modified,743,-232.44200095912768,20.610132217407227,0,0.02,748,1000,0.010000000000000009,1.2659674430787564,130627,0.6013568330090493
ddqn_modified,DDQN,Modified,744,-229.28250427738746,19.894306182861328,0,0.02,743,1000,0.010000000000000009,1.225452275633812,131627,0.6168943330121692
ddqn_modified,DDQN,Modified,745,-258.730421504086,21.40886688232422,0,0.02,767,1000,0.010000000000000009,1.2439383110702038,132627,0.6021527090051677
ddqn_modified,DDQN,Modified,746,-243.82618151740428,20.2177734375,0,0.02,758,1000,0.010000000000000009,1.1977000921964644,133627,0.6238791670184582
ddqn_modified,DDQN,Modified,747,-297.677516974881,20.10968780517578,0,0.02,498,595,0.010000000000000009,1.1833934723830022,134222,0.34869099999195896
ddqn_modified,DDQN,Modified,748,-272.8876595252256,18.6153564453125,0,0.02,764,1000,0.010000000000000009,1.1773614112436772,135222,0.616771583998343
ddqn_modified,DDQN,Modified,749,-261.33878983430463,19.663475036621094,0,0.02,726,1000,0.010000000000000009,1.1188784725368024,136222,0.6090692919970024
ddqn_modified,DDQN,Modified,750,-214.29549930266313,22.581350326538086,0,0.02,739,1000,0.010000000000000009,1.1436916403472424,137222,0.6225489999924321
ddqn_modified,DDQN,Modified,751,-121.62327088808146,21.619735717773438,0,0.02,282,297,0.010000000000000009,1.1338366638329695,137519,0.18167266601813026
ddqn_modified,DDQN,Modified,752,-260.3377916017674,24.07295799255371,0,0.02,757,1000,0.010000000000000009,1.1122762729525566,138519,0.6091407920175698
ddqn_modified,DDQN,Modified,753,-191.13643717295614,23.584287643432617,0,0.02,730,1000,0.010000000000000009,1.0540000212192535,139519,0.6042184999969322
ddqn_modified,DDQN,Modified,754,-243.782173145742,22.190967559814453,0,0.02,779,1000,0.010000000000000009,0.9993656076788903,140519,0.6418282079976052
ddqn_modified,DDQN,Modified,755,-217.80958781156957,24.702178955078125,0,0.02,774,1000,0.010000000000000009,0.989564249008894,141519,0.6502569589938503
ddqn_modified,DDQN,Modified,756,-115.82230984703241,23.088354110717773,0,0.02,121,168,0.010000000000000009,1.0536926156353383,141687,0.10496924998005852
ddqn_modified,DDQN,Modified,757,-126.15099331492418,22.597026824951172,0,0.02,121,157,0.010000000000000009,0.9942979941702192,141844,0.09381987500819378
ddqn_modified,DDQN,Modified,758,-230.7942508743152,23.317604064941406,0,0.02,752,1000,0.010000000000000009,0.9583982540369034,142844,0.6243669170071371
ddqn_modified,DDQN,Modified,759,-33.300228420111836,23.03164291381836,0,0.02,89,124,0.010000000000000009,0.9788905824384382,142968,0.0775482919998467
ddqn_modified,DDQN,Modified,760,-218.9867429151071,21.14556884765625,0,0.02,758,1000,0.010000000000000009,1.0010569325387477,143968,0.6357106250070501
ddqn_modified,DDQN,Modified,761,-209.41994317317122,21.13498878479004,0,0.02,767,1000,0.010000000000000009,0.939601594209671,144968,0.7381300829874817
ddqn_modified,DDQN,Modified,762,-196.75969269150647,22.076282501220703,0,0.02,766,1000,0.010000000000000009,0.9059824959337711,145968,0.7693605000094976
ddqn_modified,DDQN,Modified,763,-261.88922915637863,23.168275833129883,0,0.02,731,1000,0.010000000000000009,0.9278006698191166,146968,0.6110161669785157
ddqn_modified,DDQN,Modified,764,-253.3932280582657,23.120418548583984,0,0.02,746,1000,0.010000000000000009,0.9123978133499623,147968,0.5998641669866629
ddqn_modified,DDQN,Modified,765,-251.90002973635586,22.67013931274414,0,0.02,727,1000,0.010000000000000009,0.8351196429431439,148968,0.6652785839978606
ddqn_modified,DDQN,Modified,766,-249.0788606087344,22.431325912475586,0,0.02,902,1000,0.010000000000000009,0.8554328125417232,149968,0.620438916987041
ddqn_modified,DDQN,Modified,767,-211.5980274978242,23.398263931274414,0,0.02,790,1000,0.010000000000000009,0.8319573647230863,150968,0.6052720829902682
ddqn_modified,DDQN,Modified,768,159.4144266228917,21.717723846435547,1,0.02,381,571,0.010000000000000009,0.7296001874106152,151539,0.34604633299750276
ddqn_modified,DDQN,Modified,769,141.6035274989045,22.989654541015625,1,0.03,347,497,0.010000000000000009,0.7634762524359183,152036,0.3097658750193659
ddqn_modified,DDQN,Modified,770,192.5122102585617,23.878673553466797,1,0.04,304,471,0.010000000000000009,0.7333520724578522,152507,0.3079487080103718
ddqn_modified,DDQN,Modified,771,-37.72925070154383,23.040897369384766,0,0.04,119,134,0.010000000000000009,0.6978171672394027,152641,0.08303675000206567
ddqn_modified,DDQN,Modified,772,168.84512727205555,23.128541946411133,1,0.05,298,420,0.010000000000000009,0.7524027721512885,153061,0.2577687079901807
ddqn_modified,DDQN,Modified,773,291.8416458734405,23.539278030395508,1,0.06,127,256,0.010000000000000009,0.7561235326575115,153317,0.15296529099578038
ddqn_modified,DDQN,Modified,774,-0.23417523800145545,23.890945434570312,0,0.06,152,173,0.010000000000000009,0.779345608860082,153490,0.11663866700837389
ddqn_modified,DDQN,Modified,775,-52.7500685957323,23.147415161132812,0,0.06,172,228,0.010000000000000009,0.7470830448886805,153718,0.14029391598887742
ddqn_modified,DDQN,Modified,776,108.47614848508844,23.43901824951172,0,0.06,463,647,0.010000000000000009,0.7040768009847983,154365,0.3951828329882119
ddqn_modified,DDQN,Modified,777,229.60804212604071,22.585535049438477,1,0.07,272,447,0.010000000000000009,0.73450187155331,154812,0.27643629198428243
ddqn_modified,DDQN,Modified,778,25.468992609238626,23.802520751953125,0,0.07,105,129,0.010000000000000009,0.6155387710693271,154941,0.09787095899810083
ddqn_modified,DDQN,Modified,779,275.69369994572486,23.377492904663086,1,0.08,109,166,0.010000000000000009,0.7992110512701862,155107,0.1096395000058692
ddqn_modified,DDQN,Modified,780,256.23140809314015,23.324050903320312,1,0.09,239,357,0.010000000000000009,0.7143671804365992,155464,0.21968262500013225
ddqn_modified,DDQN,Modified,781,8.290090786495064,25.29796028137207,1,0.1,182,248,0.010000000000000009,0.7077424605527232,155712,0.14977804099908099
ddqn_modified,DDQN,Modified,782,26.201519385089014,22.67285919189453,0,0.1,89,147,0.010000000000000009,0.6485488611419185,155859,0.09108270797878504
ddqn_modified,DDQN,Modified,783,216.29173656956374,24.030118942260742,1,0.11,273,412,0.010000000000000009,0.7087391913660521,156271,0.25198287499370053
ddqn_modified,DDQN,Modified,784,11.876643080874175,23.54898452758789,0,0.11,99,124,0.010000000000000009,0.6669477157054409,156395,0.07515874999808148
ddqn_modified,DDQN,Modified,785,231.76555010196958,23.125064849853516,0,0.11,151,315,0.010000000000000009,0.6728234352100463,156710,0.1934272499929648
ddqn_modified,DDQN,Modified,786,217.51575459249864,23.080154418945312,0,0.11,161,314,0.010000000000000009,0.6656746199935865,157024,0.18853195800329559
ddqn_modified,DDQN,Modified,787,270.60750761333827,21.3272705078125,1,0.12,239,358,0.010000000000000009,0.7178876280118633,157382,0.22895275001064874
ddqn_modified,DDQN,Modified,788,263.5154243291255,21.184999465942383,1,0.13,128,221,0.010000000000000009,0.6532087119726034,157603,0.14201962502556853
ddqn_modified,DDQN,Modified,789,165.2116350044299,21.237152099609375,1,0.14,326,460,0.010000000000000009,0.7155549581931985,158063,0.27717312501044944
ddqn_modified,DDQN,Modified,790,-56.11854702391748,19.843645095825195,0,0.14,155,211,0.010000000000000009,0.651333051693948,158274,0.1286555000115186
ddqn_modified,DDQN,Modified,791,292.3193837053384,17.325334548950195,1,0.15,141,230,0.010000000000000009,0.7353850324516711,158504,0.1419072499847971
ddqn_modified,DDQN,Modified,792,-37.105085003526696,16.58169174194336,0,0.15,150,185,0.010000000000000009,0.688960203206217,158689,0.11299804199370556
ddqn_modified,DDQN,Modified,793,-93.7059604788092,19.0120792388916,0,0.15,373,467,0.010000000000000009,0.692548455498969,159156,0.2971075840177946
ddqn_modified,DDQN,Modified,794,194.70296405283509,17.87737274169922,1,0.16,245,364,0.010000000000000009,0.6725078577196205,159520,0.23390666701016016
ddqn_modified,DDQN,Modified,795,0.7959033473399728,17.6031436920166,0,0.16,127,177,0.010000000000000009,0.681448811780935,159697,0.11185795802157372
ddqn_modified,DDQN,Modified,796,262.37479939148915,18.559633255004883,1,0.17,178,241,0.010000000000000009,0.6641842764937531,159938,0.16251587501028553
ddqn_modified,DDQN,Modified,797,-0.8435177246919352,16.221969604492188,0,0.17,112,139,0.010000000000000009,0.6294538726051935,160077,0.11705804101075046
ddqn_modified,DDQN,Modified,798,-10.057929907541592,17.535484313964844,0,0.17,106,137,0.010000000000000009,0.6610233160483576,160214,0.10358454199740663
ddqn_modified,DDQN,Modified,799,164.00440009772313,16.871715545654297,1,0.18,373,584,0.010000000000000009,0.6807577133127679,160798,0.3798850000021048
ddqn_modified,DDQN,Modified,800,-12.88518939562168,15.478903770446777,0,0.18,204,241,0.010000000000000009,0.6368258063723932,161039,0.17411087499931455
