experiment,algorithm,environment,episode,episode_reward,average_predicted_q,successful_landing,success_rate_100,thruster_activations,episode_steps,epsilon,mean_loss,global_step,episode_seconds
ddqn_original,DDQN,Original,1,-132.79218864697737,0.23927843570709229,0,0.0,51,71,0.9992971,,71,0.002663749997736886
ddqn_original,DDQN,Original,2,-436.56909383114413,0.23927843570709229,0,0.0,66,93,0.9983764,,164,0.0026268749788869172
ddqn_original,DDQN,Original,3,-112.57906434871666,0.23927843570709229,0,0.0,104,124,0.9971488,,288,0.003396125015569851
ddqn_original,DDQN,Original,4,-74.44868944262682,0.23927843570709229,0,0.0,67,86,0.9962974,,374,0.0024611250264570117
ddqn_original,DDQN,Original,5,-141.56012349174068,0.23927843570709229,0,0.0,104,139,0.9949213,,513,0.004100417019799352
ddqn_original,DDQN,Original,6,-168.37205971687894,0.23927843570709229,0,0.0,82,113,0.9938026,,626,0.003327916987473145
ddqn_original,DDQN,Original,7,-170.35344794293002,0.23927843570709229,0,0.0,69,88,0.9929314,,714,0.002685207989998162
ddqn_original,DDQN,Original,8,-264.70882489618236,0.23927843570709229,0,0.0,43,63,0.9923077,,777,0.00233854100224562
ddqn_original,DDQN,Original,9,-262.5808424437788,0.23927843570709229,0,0.0,88,114,0.9911791,,891,0.003354625019710511
ddqn_original,DDQN,Original,10,-256.15527652180396,-0.014106258749961853,0,0.0,94,126,0.9899317,2.1203352914136997,1017,0.01403991601546295
ddqn_original,DDQN,Original,11,-57.57213286969477,-0.3430136442184448,1,0.09090909090909091,51,65,0.9892882,2.219105806717506,1082,0.03653520901571028
ddqn_original,DDQN,Original,12,-174.41318395705673,-0.0773221030831337,0,0.08333333333333333,67,86,0.9884368,1.9144621560739916,1168,0.04813945898786187
ddqn_original,DDQN,Original,13,-304.36791046885253,0.0984421968460083,0,0.07692307692307693,68,92,0.987526,2.113535762157129,1260,0.05427174997748807
ddqn_original,DDQN,Original,14,-285.8178739310762,0.3991754651069641,0,0.07142857142857142,74,102,0.9865162,1.5774441595171012,1362,0.05999116599559784
ddqn_original,DDQN,Original,15,-245.4514514552244,0.4771430790424347,0,0.06666666666666667,86,122,0.9853084,1.5061259488346146,1484,0.07411229200079106
ddqn_original,DDQN,Original,16,-108.63808069210727,0.6590551137924194,0,0.0625,65,84,0.9844768,1.8343670348681154,1568,0.047299291007220745
ddqn_original,DDQN,Original,17,-214.14884353047543,0.5872335433959961,0,0.058823529411764705,86,104,0.9834472,1.3967904159082816,1672,0.06009487499250099
ddqn_original,DDQN,Original,18,-182.98975393433926,0.7199113368988037,0,0.05555555555555555,62,85,0.9826057,1.32305151013767,1757,0.048060207976959646
ddqn_original,DDQN,Original,19,-78.73077270348924,0.563880443572998,1,0.10526315789473684,81,104,0.9815761,1.3970834887944734,1861,0.05848891701316461
ddqn_original,DDQN,Original,20,-76.49577888820804,0.882949948310852,0,0.1,57,74,0.9808435,1.5122275042372781,1935,0.04305595898767933
ddqn_original,DDQN,Original,21,-187.8189628082826,0.8763673305511475,0,0.09523809523809523,51,71,0.9801406,1.5109237241493145,2006,0.041011458000866696
ddqn_original,DDQN,Original,22,-378.976284564861,1.1735295057296753,0,0.09090909090909091,80,104,0.979111,1.423494791612029,2110,0.05810700001893565
ddqn_original,DDQN,Original,23,-350.931393128135,0.9021624326705933,0,0.08695652173913043,69,87,0.9782497,1.305523802836736,2197,0.04980025000986643
ddqn_original,DDQN,Original,24,-26.12492062597829,1.279348611831665,0,0.08333333333333333,75,97,0.9772894,1.0543102350124378,2294,0.05383599997730926
ddqn_original,DDQN,Original,25,-79.34739316663712,1.1241852045059204,0,0.08,76,99,0.9763093,1.4079187032249239,2393,0.06352429100661539
ddqn_original,DDQN,Original,26,-174.04953037016494,1.4288303852081299,0,0.07692307692307693,50,61,0.9757054000000001,1.1173747980692348,2454,0.03560195799218491
ddqn_original,DDQN,Original,27,-95.25530755257863,1.5481160879135132,0,0.07407407407407407,58,83,0.9748837,1.3900707654924278,2537,0.05203954197349958
ddqn_original,DDQN,Original,28,-173.95004001929502,1.3553982973098755,0,0.07142857142857142,92,120,0.9736957,1.1696453588704268,2657,0.06897512500290759
ddqn_original,DDQN,Original,29,-102.61867303539958,1.5459765195846558,0,0.06896551724137931,47,67,0.9730324,0.972897059881865,2724,0.03851154100266285
ddqn_original,DDQN,Original,30,-240.45209280436234,1.572299838066101,0,0.06666666666666667,67,87,0.9721711,1.1964819700210945,2811,0.04947229099343531
ddqn_original,DDQN,Original,31,-164.4777383179071,1.6203426122665405,0,0.06451612903225806,118,146,0.9707257,1.1933769699543306,2957,0.08766037499299273
ddqn_original,DDQN,Original,32,-89.86141799444442,1.809293508529663,0,0.0625,52,74,0.9699931,1.23351247789892,3031,0.04216870799427852
ddqn_original,DDQN,Original,33,-200.88504419582492,2.0535008907318115,0,0.06060606060606061,84,113,0.9688744,1.086942976950544,3144,0.06585574999917299
ddqn_original,DDQN,Original,34,-20.861567569051147,2.0613224506378174,0,0.058823529411764705,98,134,0.9675478,1.2278379901353993,3278,0.07878808400710113
ddqn_original,DDQN,Original,35,-251.54951266806418,2.222071409225464,0,0.05714285714285714,86,110,0.9664588,1.1659116734157908,3388,0.06449491600506008
ddqn_original,DDQN,Original,36,-335.83121238224254,2.350282669067383,0,0.05555555555555555,84,106,0.9654094,1.1347883473730311,3494,0.06202979100635275
ddqn_original,DDQN,Original,37,-106.60034290065909,2.6671195030212402,0,0.05405405405405406,64,74,0.9646768,1.1793905228779122,3568,0.04195670800982043
ddqn_original,DDQN,Original,38,-112.47209530404459,2.862553596496582,0,0.05263157894736842,59,71,0.9639739,1.299894297416781,3639,0.040877874998841435
ddqn_original,DDQN,Original,39,-88.76444891780899,2.675096273422241,0,0.05128205128205128,65,89,0.9630928,1.1395337467782953,3728,0.05138891699607484
ddqn_original,DDQN,Original,40,-161.5842808128482,2.5714449882507324,0,0.05,88,113,0.9619740999999999,1.1215649771347511,3841,0.0649210829869844
ddqn_original,DDQN,Original,41,-195.9844236321396,2.530223846435547,0,0.04878048780487805,88,120,0.9607861,1.1150666768973072,3961,0.06882962500094436
ddqn_original,DDQN,Original,42,-187.7570128910893,3.4587597846984863,0,0.047619047619047616,51,71,0.9600832,1.260284768443712,4032,0.0384733340179082
ddqn_original,DDQN,Original,43,-166.0493440904047,3.4414725303649902,0,0.046511627906976744,98,127,0.9588259,1.3069676008280806,4159,0.07552795900846832
ddqn_original,DDQN,Original,44,-137.57097739083127,3.4370291233062744,0,0.045454545454545456,98,126,0.9575785,1.0695803919954905,4285,0.07926512500853278
ddqn_original,DDQN,Original,45,-80.07166481476928,3.3662405014038086,0,0.044444444444444446,48,62,0.9569647,1.1759715178801167,4347,0.03472258400870487
ddqn_original,DDQN,Original,46,-168.1927124970615,3.2698757648468018,0,0.043478260869565216,93,110,0.9558757,1.1624694827605377,4457,0.06499600000097416
ddqn_original,DDQN,Original,47,-114.54999423291304,4.230160713195801,0,0.0425531914893617,86,107,0.9548164,1.3192269158697574,4564,0.06158770798356272
ddqn_original,DDQN,Original,48,-217.08396163890478,4.166256904602051,0,0.041666666666666664,73,94,0.9538858,1.136203777758365,4658,0.05295000001206063
ddqn_original,DDQN,Original,49,-34.151859632071364,4.208146572113037,0,0.04081632653061224,91,119,0.9527077,1.3598495244729418,4777,0.07221870799548924
ddqn_original,DDQN,Original,50,-233.19273696283517,4.235601425170898,0,0.04,56,70,0.9520147,1.2472172236868313,4847,0.04179991700220853
ddqn_original,DDQN,Original,51,28.86554717661332,3.8449249267578125,0,0.0392156862745098,94,130,0.9507277,1.2524292920644466,4977,0.07618029200239107
ddqn_original,DDQN,Original,52,-271.3247604276918,5.024603843688965,0,0.038461538461538464,83,111,0.9496288,1.5146463055599917,5088,0.06310070797917433
ddqn_original,DDQN,Original,53,-162.56297693929193,4.968483924865723,0,0.03773584905660377,97,132,0.948322,1.2521355954760856,5220,0.07779162499355152
ddqn_original,DDQN,Original,54,-84.38989610221118,4.737114906311035,0,0.037037037037037035,52,65,0.9476785,1.2456168525494062,5285,0.03844887498416938
ddqn_original,DDQN,Original,55,-196.1858263838483,4.875251770019531,0,0.03636363636363636,65,88,0.9468073,1.2282417589290575,5373,0.050755832984577864
ddqn_original,DDQN,Original,56,-341.3336073577725,4.932224273681641,0,0.03571428571428571,85,114,0.9456787,1.1611856829963232,5487,0.06313229101942852
ddqn_original,DDQN,Original,57,-164.48791096033838,5.930341720581055,0,0.03508771929824561,47,64,0.9450451,1.6873673398513347,5551,0.03774108301149681
ddqn_original,DDQN,Original,58,-116.90038464531119,5.605973720550537,0,0.034482758620689655,95,133,0.9437284,1.2533104975980924,5684,0.0751212079776451
ddqn_original,DDQN,Original,59,-79.30384989856657,5.745034694671631,0,0.03389830508474576,40,58,0.9431542,1.3916691174281055,5742,0.03320687499945052
ddqn_original,DDQN,Original,60,-126.06719178591563,5.947597503662109,0,0.03333333333333333,77,99,0.9421741,1.3052599570064833,5841,0.05510908298310824
ddqn_original,DDQN,Original,61,-299.6004706967545,5.961632251739502,0,0.03278688524590164,53,71,0.9414712,1.4386056384570163,5912,0.04187887499574572
ddqn_original,DDQN,Original,62,-133.6198769482151,5.757980823516846,0,0.03225806451612903,56,76,0.9407188,1.3293504334594075,5988,0.04419508299906738
ddqn_original,DDQN,Original,63,-186.1988809664035,6.795628547668457,0,0.031746031746031744,82,113,0.9396001,1.3238766264598982,6101,0.06767762498930097
ddqn_original,DDQN,Original,64,-130.1729212564489,6.799711227416992,0,0.03125,101,128,0.9383329,1.44140440877527,6229,0.08217441700980999
ddqn_original,DDQN,Original,65,-423.23461172518614,7.0694499015808105,0,0.03076923076923077,76,108,0.9372637,1.3669452969398763,6337,0.06233700001030229
ddqn_original,DDQN,Original,66,-91.1833997130413,6.649432182312012,0,0.030303030303030304,59,81,0.9364618,1.1273222893108557,6418,0.04330008299439214
ddqn_original,DDQN,Original,67,-105.63487963246727,8.809738159179688,0,0.029850746268656716,69,92,0.935551,1.2429575538667648,6510,0.05209574999753386
ddqn_original,DDQN,Original,68,-95.78075532704722,8.131182670593262,0,0.029411764705882353,87,109,0.9344719,1.6098518403024848,6619,0.060385041986592114
ddqn_original,DDQN,Original,69,-106.20974021206214,8.18862247467041,0,0.028985507246376812,65,93,0.9335512,1.4464592408108454,6712,0.05295654200017452
ddqn_original,DDQN,Original,70,-122.57297540387263,8.159079551696777,0,0.02857142857142857,74,101,0.9325513,1.3825096675369999,6813,0.057047125010285527
ddqn_original,DDQN,Original,71,-93.35978420635448,8.023370742797852,0,0.028169014084507043,107,138,0.9311851,1.4412904668437398,6951,0.07787041700794362
ddqn_original,DDQN,Original,72,-127.51909255990152,9.832371711730957,0,0.027777777777777776,77,103,0.9301654,1.6132925611387179,7054,0.08727462502429262
ddqn_original,DDQN,Original,73,-127.56119647763661,9.663365364074707,0,0.0273972602739726,45,72,0.9294526,1.4558092941426568,7126,0.06618841699673794
ddqn_original,DDQN,Original,74,-81.809868175139,9.60322093963623,0,0.02702702702702703,61,78,0.9286804,1.4295004554666007,7204,0.05286229198100045
ddqn_original,DDQN,Original,75,-47.104839450136254,9.676416397094727,0,0.02666666666666667,61,80,0.9278884000000001,1.4766624270007014,7284,0.04745579100563191
ddqn_original,DDQN,Original,76,-118.26517743607546,9.35653305053711,0,0.02631578947368421,77,90,0.9269974,1.550371600356367,7374,0.05137499998090789
ddqn_original,DDQN,Original,77,-107.4863033513722,9.350282669067383,0,0.025974025974025976,64,83,0.9261757,1.7017250136438622,7457,0.047562292020302266
ddqn_original,DDQN,Original,78,-136.67017265239753,10.492805480957031,0,0.02564102564102564,68,92,0.9252649,1.6880079595291095,7549,0.05270641599781811
ddqn_original,DDQN,Original,79,-37.15159254727291,10.538124084472656,0,0.02531645569620253,57,74,0.9245323,1.7068356497062218,7623,0.04116074999910779
ddqn_original,DDQN,Original,80,-96.75470267818814,10.658918380737305,0,0.025,68,87,0.923671,1.462010524738794,7710,0.04880020799464546
ddqn_original,DDQN,Original,81,-79.5994267792501,10.807832717895508,0,0.024691358024691357,55,68,0.9229978,1.6402962563888115,7778,0.03907237498788163
ddqn_original,DDQN,Original,82,-116.13890155345493,10.586669921875,0,0.024390243902439025,111,136,0.9216514,1.4226302561514519,7914,0.07933987499563955
ddqn_original,DDQN,Original,83,-126.89651523804238,12.030731201171875,0,0.024096385542168676,81,96,0.920701,1.6460836930200458,8010,0.061941334017319605
ddqn_original,DDQN,Original,84,-227.55088707258003,11.832300186157227,0,0.023809523809523808,59,73,0.9199783,1.706392353732292,8083,0.042101875005755574
ddqn_original,DDQN,Original,85,-112.42047447887379,11.613029479980469,0,0.023529411764705882,69,89,0.9190972,1.448884438765183,8172,0.05051429200102575
ddqn_original,DDQN,Original,86,-131.69736801589914,11.821434020996094,0,0.023255813953488372,70,93,0.9181765,1.6799280883804444,8265,0.05217037501279265
ddqn_original,DDQN,Original,87,-289.434711866013,11.788759231567383,0,0.022988505747126436,81,98,0.9172063,1.430374878401659,8363,0.05594037499395199
ddqn_original,DDQN,Original,88,-223.72152018466124,11.498957633972168,0,0.022727272727272728,48,65,0.9165628,1.3950783034929863,8428,0.0374350409838371
ddqn_original,DDQN,Original,89,-94.22295406619591,12.18105697631836,0,0.02247191011235955,55,75,0.9158203,1.6069726200898489,8503,0.04182183399097994
ddqn_original,DDQN,Original,90,-149.35736148136175,12.719435691833496,0,0.022222222222222223,52,72,0.9151075,1.4891529000467725,8575,0.04064170800847933
ddqn_original,DDQN,Original,91,-202.708047309601,12.543930053710938,0,0.02197802197802198,75,103,0.9140878,1.410939346962762,8678,0.056780500017339364
ddqn_original,DDQN,Original,92,-213.8090812775877,12.766864776611328,0,0.021739130434782608,75,84,0.9132562,1.6260741088716757,8762,0.04723304099752568
ddqn_original,DDQN,Original,93,-228.82599227951528,12.518472671508789,0,0.021505376344086023,99,129,0.9119791,1.5046218163514322,8891,0.07207245900644921
ddqn_original,DDQN,Original,94,-74.44305033861087,14.73233699798584,0,0.02127659574468085,83,117,0.9108208,1.4450999858797107,9008,0.06755291699664667
ddqn_original,DDQN,Original,95,-98.04867809761961,13.755695343017578,0,0.021052631578947368,94,114,0.9096922000000001,1.5375985809062656,9122,0.06849804101511836
ddqn_original,DDQN,Original,96,-266.10116888322125,13.373844146728516,0,0.020833333333333332,103,135,0.9083557,1.5515009227726195,9257,0.07624958400265314
ddqn_original,DDQN,Original,97,-53.58719392791713,13.823415756225586,1,0.030927835051546393,93,119,0.9071776,1.4385736915243774,9376,0.068576582998503
ddqn_original,DDQN,Original,98,-74.49371696243998,13.607576370239258,0,0.030612244897959183,57,77,0.9064153,1.5089110968174873,9453,0.04422316700220108
ddqn_original,DDQN,Original,99,-75.28122752136744,14.529949188232422,0,0.030303030303030304,61,73,0.9056926,1.8251705226832873,9526,0.042428041982930154
ddqn_original,DDQN,Original,100,-152.65714369662447,14.8169527053833,0,0.03,90,114,0.904564,1.5343339466734935,9640,0.0681259169941768
ddqn_original,DDQN,Original,101,-70.13130687269133,15.19129753112793,0,0.03,50,67,0.9039007,1.5819047587131387,9707,0.03877141702105291
ddqn_original,DDQN,Original,102,-67.11896094207671,15.135578155517578,0,0.03,92,111,0.9028018,1.797954029059625,9818,0.0794872080150526
ddqn_original,DDQN,Original,103,-157.1863899990954,14.91191577911377,0,0.03,85,104,0.9017722,1.5355147068890243,9922,0.059521791990846395
ddqn_original,DDQN,Original,104,-43.62052053349452,14.562989234924316,0,0.03,52,69,0.9010891,1.6572302117727804,9991,0.03964708399144001
ddqn_original,DDQN,Original,105,-194.51912070544694,15.37120246887207,0,0.03,91,115,0.8999506,1.5613994295182436,10106,0.06364008301170543
ddqn_original,DDQN,Original,106,-176.31988062366128,15.797232627868652,0,0.03,98,118,0.8987824,1.4725149508755087,10224,0.06612316699465737
ddqn_original,DDQN,Original,107,-103.43714545948288,15.4910888671875,0,0.03,51,61,0.8981785,1.5338622185050463,10285,0.03379816701635718
ddqn_original,DDQN,Original,108,-57.72760617895297,15.386600494384766,0,0.03,87,100,0.8971884999999999,1.6253004369139672,10385,0.05597120799939148
ddqn_original,DDQN,Original,109,-308.2056243989772,15.753729820251465,0,0.03,92,115,0.89605,1.4456785056902015,10500,0.06579662501462735
ddqn_original,DDQN,Original,110,-324.3566968576165,16.61028289794922,0,0.03,79,96,0.8950996,1.8438954046772171,10596,0.05307299998821691
ddqn_original,DDQN,Original,111,24.916860943274415,16.93789291381836,0,0.02,56,72,0.8943868,1.4616187289357185,10668,0.041719417000422254
ddqn_original,DDQN,Original,112,-72.48693063597574,16.969844818115234,0,0.02,83,112,0.893278,1.5315285029688053,10780,0.0679891660111025
ddqn_original,DDQN,Original,113,13.358296535093388,16.64682960510254,0,0.02,77,99,0.8922979,1.5575087278178243,10879,0.060036332986783236
ddqn_original,DDQN,Original,114,-66.01257023571381,17.8349666595459,0,0.02,130,156,0.8907535,1.7666593505403934,11035,0.09392404099344276
ddqn_original,DDQN,Original,115,-404.9837126410501,17.892711639404297,0,0.02,96,115,0.889615,1.5365469028120455,11150,0.07385420898208395
ddqn_original,DDQN,Original,116,-52.113070333904645,18.247774124145508,1,0.03,93,127,0.8883577,1.6339690266397056,11277,0.07085725001525134
ddqn_original,DDQN,Original,117,-81.19609508745829,17.77503776550293,0,0.03,82,102,0.8873479,1.6533792854524125,11379,0.059770583000499755
ddqn_original,DDQN,Original,118,-37.31102989729624,17.72321319580078,0,0.03,55,71,0.886645,1.7711655539526066,11450,0.04169854201609269
ddqn_original,DDQN,Original,119,-137.31461551340647,18.530210494995117,0,0.02,66,85,0.8858035,1.6142530579777326,11535,0.05762474998482503
ddqn_original,DDQN,Original,120,-126.76568116861421,18.691978454589844,0,0.02,78,106,0.8847541,1.4014253262078986,11641,0.060052832996007055
ddqn_original,DDQN,Original,121,-46.25713396825701,18.48558807373047,0,0.02,56,65,0.8841106,1.4456654172677261,11706,0.03663266700459644
ddqn_original,DDQN,Original,122,-27.024494479699072,18.163719177246094,0,0.02,108,140,0.8827246,1.7844584526760237,11846,0.08216304201050662
ddqn_original,DDQN,Original,123,-90.16305788762139,18.533836364746094,0,0.02,52,69,0.8820415,1.5589367665242457,11915,0.03960508300224319
ddqn_original,DDQN,Original,124,-92.71908305447818,18.741230010986328,0,0.02,51,67,0.8813782,1.7377817575166474,11982,0.03638279199367389
ddqn_original,DDQN,Original,125,-86.18221804534925,19.561613082885742,0,0.02,81,95,0.8804377,1.7340625740979847,12077,0.056031875021290034
ddqn_original,DDQN,Original,126,-99.01875041710447,19.460033416748047,0,0.02,95,129,0.8791606,1.6304875403180603,12206,0.07744424999691546
ddqn_original,DDQN,Original,127,-69.69186577463125,19.730213165283203,0,0.02,121,142,0.8777548,1.5999668169189507,12348,0.07958179101115093
ddqn_original,DDQN,Original,128,-76.95572603697116,19.399120330810547,0,0.02,74,101,0.8767549,1.5533834682537777,12449,0.05962266700225882
ddqn_original,DDQN,Original,129,-81.7318703989086,20.3663387298584,0,0.02,101,129,0.8754778,1.790738311848899,12578,0.07932679099030793
ddqn_original,DDQN,Original,130,-96.65938908138692,20.15711212158203,1,0.03,71,89,0.8745967,1.7448200709029529,12667,0.06032079199212603
ddqn_original,DDQN,Original,131,-95.85768622194169,20.346092224121094,0,0.03,66,87,0.8737354,1.4537573263220402,12754,0.05995145798078738
ddqn_original,DDQN,Original,132,-73.09616789400465,20.148666381835938,0,0.03,75,91,0.8728345,1.6566667494538065,12845,0.052884957985952497
ddqn_original,DDQN,Original,133,-164.31920475242865,19.956707000732422,0,0.03,63,85,0.871993,1.5411157841191572,12930,0.05107441698783077
ddqn_original,DDQN,Original,134,-101.50089807250271,20.244895935058594,0,0.03,69,90,0.871102,1.6037808219591776,13020,0.06404129200382158
ddqn_original,DDQN,Original,135,-152.84016851616894,20.249008178710938,0,0.03,82,106,0.8700526,1.7911601679505043,13126,0.06227075000060722
ddqn_original,DDQN,Original,136,-113.91132636956438,20.24966812133789,0,0.03,57,72,0.8693398,1.6003768982158766,13198,0.04154025000752881
ddqn_original,DDQN,Original,137,-226.58511199626946,20.532329559326172,0,0.03,82,106,0.8682904,1.1999548721425939,13304,0.06010170798981562
ddqn_original,DDQN,Original,138,-164.7201154326139,20.288972854614258,0,0.03,94,130,0.8670034,1.6815833347348066,13434,0.07899554198957048
ddqn_original,DDQN,Original,139,-75.90537813549491,21.12053680419922,0,0.03,59,73,0.8662807,1.6154173879999003,13507,0.04257349998806603
ddqn_original,DDQN,Original,140,-56.97677378056473,20.995758056640625,0,0.03,92,121,0.8650827999999999,1.5423535022361219,13628,0.07022950000828132
ddqn_original,DDQN,Original,141,-86.85469058979577,20.882549285888672,0,0.03,62,82,0.864271,1.5000089734065822,13710,0.04581825001514517
ddqn_original,DDQN,Original,142,-165.51101855834253,20.800342559814453,0,0.03,108,140,0.862885,1.4219129991318498,13850,0.07938837501569651
ddqn_original,DDQN,Original,143,-113.12711994504559,21.106782913208008,0,0.03,68,89,0.8620039,1.6683909201555038,13939,0.05274320801254362
ddqn_original,DDQN,Original,144,-99.97216449002552,21.31110382080078,0,0.03,58,72,0.8612911,1.8236697144392464,14011,0.043493625009432435
ddqn_original,DDQN,Original,145,-73.06980966201445,22.0013484954834,0,0.03,94,116,0.8601426999999999,1.41746359678178,14127,0.06438416699529625
ddqn_original,DDQN,Original,146,-75.83508489406779,21.86798667907715,0,0.03,67,98,0.8591725,1.4497092834540777,14225,0.05873237500782125
ddqn_original,DDQN,Original,147,-313.59000972467084,22.120969772338867,0,0.03,64,79,0.8583904,1.6056237507470046,14304,0.04727879201527685
ddqn_original,DDQN,Original,148,-64.7974441935494,21.907962799072266,0,0.03,87,120,0.8572024,2.0282543654243153,14424,0.07309104199521244
ddqn_original,DDQN,Original,149,-96.16662183058108,21.722444534301758,0,0.03,49,70,0.8565094,1.5280666140573365,14494,0.0396286670002155
ddqn_original,DDQN,Original,150,-62.363117739199126,22.419750213623047,0,0.03,59,68,0.8558361999999999,1.169085195835899,14562,0.040440167009364814
ddqn_original,DDQN,Original,151,-95.47879371700617,22.25893783569336,0,0.03,71,89,0.8549551,1.4045380019070057,14651,0.05227816698607057
ddqn_original,DDQN,Original,152,-24.255873304335182,22.354297637939453,0,0.03,66,87,0.8540938,1.5360023997638417,14738,0.0539073750260286
ddqn_original,DDQN,Original,153,-12.397510449713309,22.4920654296875,0,0.03,106,139,0.8527177,1.5581181775108517,14877,0.09279975001118146
ddqn_original,DDQN,Original,154,-175.13207904797895,22.329208374023438,0,0.03,67,87,0.8518564,1.5342825332592274,14964,0.05108541701338254
ddqn_original,DDQN,Original,155,50.71862325064109,23.225605010986328,0,0.03,68,83,0.8510347,1.6296556159315339,15047,0.050637500011362135
ddqn_original,DDQN,Original,156,-264.9780688544573,22.92289161682129,0,0.03,75,93,0.850114,1.7809335352272115,15140,0.054528667009435594
ddqn_original,DDQN,Original,157,-55.40342900417764,23.01082420349121,0,0.03,58,70,0.849421,1.368846365383693,15210,0.038777834008214995
ddqn_original,DDQN,Original,158,-42.402606800926755,22.42618179321289,0,0.03,47,65,0.8487775,1.524034574857125,15275,0.03746483399299905
ddqn_original,DDQN,Original,159,-78.31529378101348,23.01261329650879,0,0.03,57,72,0.8480647,1.2146223797980282,15347,0.04111249998095445
ddqn_original,DDQN,Original,160,-63.18230338951223,22.235246658325195,0,0.03,50,64,0.8474311,1.3811106770299375,15411,0.03574937500525266
ddqn_original,DDQN,Original,161,-76.99652614304098,22.76372718811035,0,0.03,57,77,0.8466688,1.4850372503717224,15488,0.04426908300956711
ddqn_original,DDQN,Original,162,-98.10799016106769,22.670278549194336,0,0.03,78,101,0.8456689,1.7072389114021074,15589,0.05645062497933395
ddqn_original,DDQN,Original,163,-111.29946881382293,23.033382415771484,0,0.03,65,82,0.8448571,1.6118741860476935,15671,0.05299866700079292
ddqn_original,DDQN,Original,164,-99.04805563573107,22.704608917236328,0,0.03,52,65,0.8442136,1.5070148752285883,15736,0.037273624999215826
ddqn_original,DDQN,Original,165,-117.03273560939863,22.943099975585938,0,0.03,59,81,0.8434117,1.9319077270266451,15817,0.044543541996972635
ddqn_original,DDQN,Original,166,-85.42408499272904,22.841209411621094,0,0.03,84,115,0.8422731999999999,1.3336328060730644,15932,0.06419437497970648
ddqn_original,DDQN,Original,167,-84.31456771464809,23.393075942993164,1,0.04,81,106,0.8412238,1.8407334696571782,16038,0.06148654199205339
ddqn_original,DDQN,Original,168,-171.72184197351683,23.73904800415039,0,0.04,55,71,0.8405209,1.5332234638257765,16109,0.04105841601267457
ddqn_original,DDQN,Original,169,-80.4080817389096,23.279003143310547,0,0.04,94,124,0.8392933,1.6676916006592013,16233,0.07313354199868627
ddqn_original,DDQN,Original,170,-80.03295042015746,23.227188110351562,0,0.04,80,97,0.838333,1.6269505690668047,16330,0.0535305000084918
ddqn_original,DDQN,Original,171,-127.49267422168381,22.799758911132812,0,0.04,85,106,0.8372836,1.5209217995124042,16436,0.061793999979272485
ddqn_original,DDQN,Original,172,-91.73022012291159,22.993274688720703,0,0.04,55,68,0.8366104,1.3797075148014462,16504,0.0417157500050962
ddqn_original,DDQN,Original,173,-94.08560331771311,23.172555923461914,0,0.04,53,65,0.8359669,1.793130817780128,16569,0.0351703749911394
ddqn_original,DDQN,Original,174,-87.92863499400762,22.94394302368164,0,0.04,59,81,0.8351649999999999,1.3291099483584181,16650,0.04670900001656264
ddqn_original,DDQN,Original,175,-103.02863650452262,22.72559928894043,0,0.04,85,105,0.8341255,2.0963880773101535,16755,0.05850454099709168
ddqn_original,DDQN,Original,176,-60.17100737002417,23.446434020996094,0,0.04,92,112,0.8330167,1.3300639929782068,16867,0.06330354200326838
ddqn_original,DDQN,Original,177,-101.93750341630385,23.175769805908203,0,0.04,72,95,0.8320762,1.3611786503540841,16962,0.0595512910222169
ddqn_original,DDQN,Original,178,-114.33622141232198,23.173749923706055,0,0.04,48,70,0.8313832,1.9152156697852272,17032,0.04115962501964532
ddqn_original,DDQN,Original,179,-38.73562552654056,23.619630813598633,0,0.04,99,124,0.8301556,1.4487736204699162,17156,0.07213654101360589
ddqn_original,DDQN,Original,180,-220.50952156562295,23.620779037475586,0,0.04,85,104,0.829126,1.347604089201643,17260,0.0575480840052478
ddqn_original,DDQN,Original,181,-100.50262088621527,22.91180992126465,0,0.04,59,78,0.8283538,1.630676808838661,17338,0.043265916989184916
ddqn_original,DDQN,Original,182,-240.57307573379492,23.657907485961914,0,0.04,85,108,0.8272846,1.9449890664330236,17446,0.06284033402334899
ddqn_original,DDQN,Original,183,-59.38072121924276,23.486576080322266,0,0.04,86,115,0.8261461,1.8899589196495388,17561,0.06449316701036878
ddqn_original,DDQN,Original,184,-83.00623038541572,23.205005645751953,0,0.04,68,80,0.8253541,1.6096306413412094,17641,0.04440775001421571
ddqn_original,DDQN,Original,185,-67.43918364901137,23.218421936035156,0,0.04,69,88,0.8244829,1.6277678837491707,17729,0.058634292014176026
ddqn_original,DDQN,Original,186,-68.59947495948745,23.256927490234375,0,0.04,85,113,0.8233642,1.229601229450344,17842,0.06917320800130256
ddqn_original,DDQN,Original,187,-341.29654960372494,23.162723541259766,0,0.04,79,99,0.8223841000000001,1.588216293038744,17941,0.05922158298199065
ddqn_original,DDQN,Original,188,-57.407515296377696,23.936378479003906,0,0.04,79,104,0.8213545,1.921885961953264,18045,0.05923995899502188
ddqn_original,DDQN,Original,189,-118.85976503722931,23.32457733154297,0,0.04,112,132,0.8200477,1.7942548665133389,18177,0.07983708300162107
ddqn_original,DDQN,Original,190,-86.32778593643798,23.251346588134766,0,0.04,60,73,0.819325,1.8386838764768758,18250,0.04174675000831485
ddqn_original,DDQN,Original,191,-139.62586670102172,23.107410430908203,0,0.04,66,85,0.8184834999999999,1.642867451204973,18335,0.04966975000570528
ddqn_original,DDQN,Original,192,-136.28224403656642,23.310195922851562,0,0.04,98,117,0.8173252,1.5871772372569792,18452,0.08006775000831112
ddqn_original,DDQN,Original,193,-77.8824099640967,23.49718475341797,0,0.04,63,77,0.8165629,1.8779650742744471,18529,0.04441937498631887
ddqn_original,DDQN,Original,194,-109.58025576900643,23.498302459716797,0,0.04,110,134,0.8152363,1.5143139070984144,18663,0.07562670798506588
ddqn_original,DDQN,Original,195,-82.74236478728898,23.347900390625,0,0.04,84,112,0.8141275,1.677509964177651,18775,0.061854416999267414
ddqn_original,DDQN,Original,196,-68.88431247714624,23.51895523071289,0,0.04,53,70,0.8134345000000001,1.6383731512086732,18845,0.04502287501236424
ddqn_original,DDQN,Original,197,-87.79925327414425,23.56598663330078,0,0.03,68,88,0.8125633,1.703030216422948,18933,0.05048787500709295
ddqn_original,DDQN,Original,198,-55.55667931913551,22.432666778564453,0,0.03,92,108,0.8114941,1.6889818894366424,19041,0.06063091600663029
ddqn_original,DDQN,Original,199,-90.5934738578957,23.26443099975586,0,0.03,57,71,0.8107911999999999,1.8170133203687802,19112,0.04037116700783372
ddqn_original,DDQN,Original,200,-128.5396817075366,22.846311569213867,0,0.03,104,131,0.8094943,1.9636444100214325,19243,0.07375454201246612
ddqn_original,DDQN,Original,201,-74.98458578873667,22.747943878173828,0,0.03,88,120,0.8083063,1.60851306989789,19363,0.06807533401297405
ddqn_original,DDQN,Original,202,-88.61328724029775,22.6606388092041,0,0.03,66,89,0.8074252,1.6151852467086878,19452,0.05142541602253914
ddqn_original,DDQN,Original,203,-89.73218193742913,22.399456024169922,0,0.03,63,79,0.8066431000000001,1.9458532695528827,19531,0.04566554201301187
ddqn_original,DDQN,Original,204,-94.12748765077609,22.67664337158203,0,0.03,69,87,0.8057818,1.4641930253683835,19618,0.049666125007206574
ddqn_original,DDQN,Original,205,-97.32580335391552,22.89830780029297,0,0.03,100,121,0.8045839,1.5303774612747933,19739,0.07454908400541171
ddqn_original,DDQN,Original,206,-40.22491867293192,22.43504524230957,0,0.03,55,65,0.8039404,1.4592741562769964,19804,0.04021399997873232
ddqn_original,DDQN,Original,207,-96.79045788526038,22.580575942993164,0,0.03,75,97,0.8029801,1.8272711760604505,19901,0.057732999994186684
ddqn_original,DDQN,Original,208,-114.23687124002339,22.983943939208984,0,0.03,65,78,0.8022079,1.9055668495786495,19979,0.04478516700328328
ddqn_original,DDQN,Original,209,-62.958429040815254,22.527095794677734,0,0.03,48,66,0.8015545,1.5309091571605566,20045,0.0382089999911841
ddqn_original,DDQN,Original,210,-108.09704219904141,22.465660095214844,0,0.03,91,113,0.8004358,1.3502122978721045,20158,0.06697725001140498
ddqn_original,DDQN,Original,211,-54.28103853778006,22.233715057373047,0,0.03,77,95,0.7994953,1.4664885251145614,20253,0.056990375014720485
ddqn_original,DDQN,Original,212,-59.189014851001744,22.487384796142578,0,0.03,59,68,0.7988221,1.9378021451480247,20321,0.040089957998134196
ddqn_original,DDQN,Original,213,-93.77871448888038,22.242753982543945,0,0.03,73,102,0.7978123,1.3603717712502854,20423,0.06001316700712778
ddqn_original,DDQN,Original,214,-123.44035346495453,22.054624557495117,0,0.03,68,89,0.7969312,1.419657389434536,20512,0.05150233302265406
ddqn_original,DDQN,Original,215,-60.29865174331471,22.23764419555664,0,0.03,56,70,0.7962382,2.418931258576257,20582,0.03973725001560524
ddqn_original,DDQN,Original,216,-55.24287416249268,21.628311157226562,0,0.02,66,85,0.7953967,1.5734980029218337,20667,0.05758691599476151
ddqn_original,DDQN,Original,217,-88.85098697529187,22.356536865234375,0,0.02,82,104,0.7943671,1.7111526547143092,20771,0.060813749994849786
ddqn_original,DDQN,Original,218,-85.45748447580095,22.4354248046875,0,0.02,70,92,0.7934563,1.4189863282701243,20863,0.05263741599628702
ddqn_original,DDQN,Original,219,-102.78943148054903,21.782848358154297,0,0.02,69,87,0.792595,1.6066136288231816,20950,0.049564249988179654
ddqn_original,DDQN,Original,220,-76.42575023022796,21.89094352722168,0,0.02,71,90,0.791704,1.64863889614741,21040,0.050371124991215765
ddqn_original,DDQN,Original,221,-130.51250420731327,22.221656799316406,0,0.02,66,84,0.7908724,1.918014753432501,21124,0.05150991599657573
ddqn_original,DDQN,Original,222,-38.496591799197546,22.547353744506836,0,0.02,50,68,0.7901992,1.8253891402307678,21192,0.041132999991532415
ddqn_original,DDQN,Original,223,-92.97938404307365,22.271560668945312,0,0.02,51,61,0.7895953,1.4632188492133968,21253,0.0349624170048628
ddqn_original,DDQN,Original,224,-85.46990822755689,21.993141174316406,0,0.02,92,111,0.7884964,1.358225164112744,21364,0.06226079200860113
ddqn_original,DDQN,Original,225,-87.43198672007767,22.305145263671875,0,0.02,92,114,0.7873678,1.5744648089534359,21478,0.06449770799372345
ddqn_original,DDQN,Original,226,-98.9899311878487,21.638084411621094,0,0.02,48,64,0.7867341999999999,1.4534746697172523,21542,0.037704916001530364
ddqn_original,DDQN,Original,227,-74.06400711932739,21.599145889282227,0,0.02,54,74,0.7860016000000001,1.560851402379371,21616,0.04297033400507644
ddqn_original,DDQN,Original,228,-76.54631349138288,21.359943389892578,0,0.02,103,128,0.7847344,1.9429087418830022,21744,0.07378595799673349
ddqn_original,DDQN,Original,229,-90.2788449581067,20.97274398803711,0,0.02,79,99,0.7837543,1.477823972852543,21843,0.05536125000799075
ddqn_original,DDQN,Original,230,-173.45740852363596,21.748104095458984,0,0.01,83,107,0.782695,1.5692856222669656,21950,0.06237783297547139
ddqn_original,DDQN,Original,231,-82.1976744435091,21.109609603881836,0,0.01,51,66,0.7820416,1.5485257795362761,22016,0.03978745898348279
ddqn_original,DDQN,Original,232,-49.49796514991499,21.21036720275879,0,0.01,66,79,0.7812595,1.632937752370593,22095,0.045536791993072256
ddqn_original,DDQN,Original,233,-41.14601026498647,21.29816436767578,0,0.01,66,84,0.7804279000000001,1.8850372701528526,22179,0.047428666992345825
ddqn_original,DDQN,Original,234,-71.64844903558094,21.14562225341797,0,0.01,64,82,0.7796161,1.5721543104183384,22261,0.045999666006537154
ddqn_original,DDQN,Original,235,-118.9871802497653,21.116933822631836,0,0.01,65,87,0.7787548,1.6768624648965638,22348,0.05018749998998828
ddqn_original,DDQN,Original,236,-123.45508183799498,21.063018798828125,0,0.01,69,84,0.7779232,1.4935405728008067,22432,0.048335625004256144
ddqn_original,DDQN,Original,237,-90.37741081551974,20.562007904052734,0,0.01,66,79,0.7771411,1.538128063082695,22511,0.04393449999042787
ddqn_original,DDQN,Original,238,-79.18857358451005,20.901439666748047,0,0.01,76,99,0.776161,1.8406920562488864,22610,0.06299991701962426
ddqn_original,DDQN,Original,239,-192.68422511891606,20.397457122802734,0,0.01,111,136,0.7748146,1.6930842331665403,22746,0.07729466599994339
ddqn_original,DDQN,Original,240,-75.46747597174593,20.0576229095459,0,0.01,90,108,0.7737454,1.7157042686034132,22854,0.06273741699988022
ddqn_original,DDQN,Original,241,6.891747373408151,20.40510368347168,0,0.01,59,71,0.7730425,1.6436295202920135,22925,0.042372833006083965
ddqn_original,DDQN,Original,242,-115.88158537782975,19.337614059448242,0,0.01,80,97,0.7720822,1.7456934310726284,23022,0.0553215830004774
ddqn_original,DDQN,Original,243,-90.30769830630585,19.89196014404297,0,0.01,77,98,0.771112,1.5866536574096095,23120,0.0559711670211982
ddqn_original,DDQN,Original,244,-97.3875255946846,19.988502502441406,0,0.01,89,106,0.7700626,1.7426594526700254,23226,0.06336450000526384
ddqn_original,DDQN,Original,245,-48.0189630406806,19.767406463623047,1,0.02,56,70,0.7693696,2.0278718697173255,23296,0.04242458401131444
ddqn_original,DDQN,Original,246,-108.10025589134165,19.463289260864258,0,0.02,61,80,0.7685776,1.7809949025511742,23376,0.046854292013449594
ddqn_original,DDQN,Original,247,-79.19226390513377,19.564834594726562,0,0.02,52,61,0.7679737,1.7703417715479115,23437,0.03690370899857953
ddqn_original,DDQN,Original,248,-47.40604674389144,19.588058471679688,0,0.02,76,101,0.7669737999999999,1.8329354226589203,23538,0.05905941702076234
ddqn_original,DDQN,Original,249,-92.94507962678787,19.279376983642578,0,0.02,69,88,0.7661026,1.6919750286774202,23626,0.04853687499416992
ddqn_original,DDQN,Original,250,-101.24175816962833,18.80048179626465,0,0.02,80,102,0.7650928,1.6460064202547073,23728,0.059455375012476
ddqn_original,DDQN,Original,251,-56.04531231361892,20.033103942871094,0,0.02,63,80,0.7643008,2.1997244456782936,23808,0.047420040995348245
ddqn_original,DDQN,Original,252,-140.06235712532214,18.655555725097656,0,0.02,70,86,0.7634494000000001,1.9387947164995725,23894,0.05625799999688752
ddqn_original,DDQN,Original,253,-88.23559288482343,19.409881591796875,0,0.02,47,56,0.762895,1.4249325006135873,23950,0.031688749993918464
ddqn_original,DDQN,Original,254,-80.40495701853199,17.906396865844727,0,0.02,96,120,0.761707,2.191429966688156,24070,0.06946412500110455
ddqn_original,DDQN,Original,255,-8.68571389950823,17.66230010986328,0,0.02,113,135,0.7603705000000001,1.6281377209557428,24205,0.07703320801374502
ddqn_original,DDQN,Original,256,-16.71459382046804,17.999473571777344,1,0.03,97,125,0.7591330000000001,1.8102803392410278,24330,0.06803799999761395
ddqn_original,DDQN,Original,257,-122.35685404228403,18.304771423339844,0,0.03,83,111,0.7580341,1.9820117867207743,24441,0.06348937502480112
ddqn_original,DDQN,Original,258,-128.9029976958445,17.040359497070312,0,0.03,68,83,0.7572124,1.611439812255193,24524,0.047473000013269484
ddqn_original,DDQN,Original,259,-30.3117696104796,17.09091567993164,0,0.03,77,101,0.7562125,1.914634123297021,24625,0.06002716699731536
ddqn_original,DDQN,Original,260,-107.13667378173804,17.52945899963379,0,0.03,73,93,0.7552918,1.8427279905606342,24718,0.053032708005048335
ddqn_original,DDQN,Original,261,-45.17048701917363,16.662067413330078,1,0.04,56,72,0.754579,1.2186035588383675,24790,0.04085104100522585
ddqn_original,DDQN,Original,262,-47.40827257565435,16.723201751708984,0,0.04,77,97,0.7536187,1.7391370433507507,24887,0.05446045799180865
ddqn_original,DDQN,Original,263,-32.655385475964934,16.801219940185547,0,0.04,59,71,0.7529158,1.9481446245606517,24958,0.04471516702324152
ddqn_original,DDQN,Original,264,-195.18306847751512,16.19474220275879,0,0.04,91,109,0.7518367,1.6853661597321887,25067,0.06654558301670477
ddqn_original,DDQN,Original,265,-62.560918554500816,15.76390266418457,0,0.04,110,131,0.7505398,1.9960746098565691,25198,0.07583208300638944
ddqn_original,DDQN,Original,266,-58.361129566284866,16.44109535217285,0,0.04,110,129,0.7492627000000001,2.0843192560728205,25327,0.07263379197684117
ddqn_original,DDQN,Original,267,-201.8800090133564,15.947254180908203,0,0.03,84,103,0.748243,1.9551757548040556,25430,0.056349541002418846
ddqn_original,DDQN,Original,268,-16.971119078439443,15.942445755004883,1,0.04,56,70,0.7475499999999999,1.5498369246721269,25500,0.03966574999503791
ddqn_original,DDQN,Original,269,-100.99897227985512,15.605669021606445,0,0.04,64,84,0.7467184,1.876105054148606,25584,0.04618979201768525
ddqn_original,DDQN,Original,270,-186.45874411427525,15.006048202514648,0,0.04,110,145,0.7452829,1.6956367932516954,25729,0.08414708299096674
ddqn_original,DDQN,Original,271,-76.38637087282243,15.815473556518555,0,0.04,70,96,0.7443325000000001,1.9100670636010666,25825,0.0556272079993505
ddqn_original,DDQN,Original,272,-64.06155094222711,15.54783821105957,0,0.04,80,94,0.7434019000000001,1.909203198044858,25919,0.05443791698780842
ddqn_original,DDQN,Original,273,-75.0040787803942,14.664941787719727,0,0.04,90,114,0.7422732999999999,1.925705104020604,26033,0.06371824999223463
ddqn_original,DDQN,Original,274,-126.8857883056564,15.364082336425781,0,0.04,82,100,0.7412833,2.1297786417603493,26133,0.05655566701898351
ddqn_original,DDQN,Original,275,-67.96146533493526,15.221829414367676,0,0.04,63,78,0.7405111,1.629748774262575,26211,0.044196666014613584
ddqn_original,DDQN,Original,276,-62.30106815443631,15.092288970947266,0,0.04,72,85,0.7396696,1.8146681485807195,26296,0.05069512501358986
ddqn_original,DDQN,Original,277,-84.02034964828907,15.038296699523926,0,0.04,82,102,0.7386598,1.5870453224462622,26398,0.060602875018958
ddqn_original,DDQN,Original,278,-108.53444591157604,14.84621524810791,0,0.04,62,74,0.7379272,2.1176667334260166,26472,0.04355462500825524
ddqn_original,DDQN,Original,279,-35.38933643318656,13.706317901611328,0,0.04,100,122,0.7367193999999999,1.9318412495929687,26594,0.07429566700011492
ddqn_original,DDQN,Original,280,-60.97655328397876,14.163480758666992,0,0.04,54,66,0.736066,1.7452849529006265,26660,0.038628167007118464
ddqn_original,DDQN,Original,281,-78.80440976784062,14.39339828491211,0,0.04,73,92,0.7351552,1.8543083658036978,26752,0.053336958022555336
ddqn_original,DDQN,Original,282,-80.80037701728777,13.98895263671875,0,0.04,79,98,0.734185,1.829802008763868,26850,0.05696208399604075
ddqn_original,DDQN,Original,283,-79.48063731524444,14.251951217651367,0,0.04,92,109,0.7331059,2.006370362065254,26959,0.06847820899565704
ddqn_original,DDQN,Original,284,-43.66458131284588,13.030988693237305,0,0.04,102,128,0.7318387,1.8592169163748622,27087,0.07162929198238999
ddqn_original,DDQN,Original,285,-80.83606924129128,14.101142883300781,0,0.04,68,84,0.7310071,1.8224004272903715,27171,0.047827541013248265
ddqn_original,DDQN,Original,286,-111.46767943626875,13.500378608703613,0,0.04,73,93,0.7300864,2.224557634643329,27264,0.05296475000795908
ddqn_original,DDQN,Original,287,-58.56264392954372,13.731568336486816,0,0.04,115,139,0.7287103,1.798635603712617,27403,0.07941516599385068
ddqn_original,DDQN,Original,288,-64.2736955234878,13.77935791015625,0,0.04,53,72,0.7279975000000001,1.4254953861236572,27475,0.041298249998362735
ddqn_original,DDQN,Original,289,-72.93107591712328,12.575658798217773,0,0.04,66,82,0.7271857,1.5619130436240174,27557,0.04889999999431893
ddqn_original,DDQN,Original,290,-58.16125909446487,12.01458740234375,0,0.04,80,99,0.7262056,2.114531486624419,27656,0.05743258402799256
ddqn_original,DDQN,Original,291,-73.42859353982772,12.464885711669922,0,0.04,103,122,0.7249977999999999,1.8297601588925376,27778,0.07079520801198669
ddqn_original,DDQN,Original,292,-74.09664844157697,11.980266571044922,0,0.04,70,84,0.7241662,1.5714181856740088,27862,0.04850412500672974
ddqn_original,DDQN,Original,293,-76.66450244963482,12.446054458618164,0,0.04,83,101,0.7231663,1.897919135223521,27963,0.0581329170090612
ddqn_original,DDQN,Original,294,-92.5230728699619,11.131224632263184,0,0.04,74,101,0.7221664,1.707758097365351,28064,0.0620881249778904
ddqn_original,DDQN,Original,295,-142.40988434004177,11.847412109375,0,0.04,75,98,0.7211962000000001,1.6152159872711922,28162,0.057981541991466656
ddqn_original,DDQN,Original,296,-60.58392740519066,11.022077560424805,0,0.04,85,113,0.7200774999999999,2.1677248084967116,28275,0.06343641699641012
ddqn_original,DDQN,Original,297,-71.40405239427558,11.983510971069336,0,0.04,69,82,0.7192657,1.84764339647642,28357,0.04723654201370664
ddqn_original,DDQN,Original,298,-109.24063843754406,11.509895324707031,0,0.04,69,85,0.7184242000000001,1.8301730264635647,28442,0.050843291013734415
ddqn_original,DDQN,Original,299,-64.13552362662146,10.803070068359375,0,0.04,77,87,0.7175629,1.9048519103691495,28529,0.050902499991934747
ddqn_original,DDQN,Original,300,-56.65776342224164,11.072197914123535,0,0.04,88,113,0.7164442,1.8696291053717116,28642,0.06574491699575447
ddqn_original,DDQN,Original,301,-171.06634437732424,10.726255416870117,0,0.04,85,100,0.7154541999999999,1.6643366333842278,28742,0.06480933300917968
ddqn_original,DDQN,Original,302,-112.9870962694733,10.793569564819336,0,0.04,54,66,0.7148008,2.0814883438023655,28808,0.039587958017364144
ddqn_original,DDQN,Original,303,-13.649252024167225,10.116531372070312,0,0.04,102,125,0.7135633,2.0997085087299348,28933,0.10887424999964423
ddqn_original,DDQN,Original,304,-45.82334215791407,10.917214393615723,0,0.04,47,66,0.7129099,2.1006935360756787,28999,0.06215604199678637
ddqn_original,DDQN,Original,305,-57.8431515652927,9.912005424499512,0,0.04,106,122,0.7117021,2.3269912541889752,29121,0.09550045899231918
ddqn_original,DDQN,Original,306,-87.39388804162206,10.689518928527832,0,0.04,82,97,0.7107418000000001,2.3216573986196027,29218,0.0852799580025021
ddqn_original,DDQN,Original,307,-5.041631376370887,10.19325065612793,0,0.04,115,136,0.7093954,2.0532673790174374,29354,0.1438038750202395
ddqn_original,DDQN,Original,308,-106.27416157093285,10.177310943603516,0,0.04,73,90,0.7085044,2.246441642443339,29444,0.07724879099987447
ddqn_original,DDQN,Original,309,-44.651854365758524,9.331687927246094,1,0.05,65,79,0.7077223,2.178891953033737,29523,0.07994283299194649
ddqn_original,DDQN,Original,310,-146.25405854729047,9.638071060180664,0,0.05,62,73,0.7069996000000001,2.014849461104772,29596,0.07091891599702649
ddqn_original,DDQN,Original,311,-62.57134626764623,9.705514907836914,0,0.05,89,120,0.7058116000000001,2.2192801813284557,29716,0.10469374997774139
ddqn_original,DDQN,Original,312,-16.647379484174067,9.738821983337402,0,0.05,57,67,0.7051483000000001,1.895180619919478,29783,0.05195804199320264
ddqn_original,DDQN,Original,313,-72.29102842776169,9.556537628173828,0,0.05,119,138,0.7037821,2.0146759422360985,29921,0.12355754102463834
ddqn_original,DDQN,Original,314,-53.82578231484318,8.84923267364502,0,0.05,54,75,0.7030396,1.7742468535900116,29996,0.06059470900800079
ddqn_original,DDQN,Original,315,-53.46966650386228,9.07736587524414,1,0.06,82,105,0.7020001,2.3690009642215,30101,0.06989824998890981
ddqn_original,DDQN,Original,316,-49.492317675512595,9.191255569458008,0,0.06,108,134,0.7006735,2.077648263146628,30235,0.12076091699418612
ddqn_original,DDQN,Original,317,-59.32598614813217,9.074831008911133,0,0.06,63,79,0.6998914,1.6439772817907454,30314,0.06447820801986381
ddqn_original,DDQN,Original,318,-130.83701603316882,9.660758972167969,0,0.06,74,94,0.6989608,1.7928058327512537,30408,0.07779662500252016
ddqn_original,DDQN,Original,319,-88.75375558276012,9.740100860595703,0,0.06,65,79,0.6981787,2.1150968957550917,30487,0.06553304201224819
ddqn_original,DDQN,Original,320,-95.4694702184479,8.359990119934082,0,0.06,72,87,0.6973174,2.2147642374038696,30574,0.07746020800550468
ddqn_original,DDQN,Original,321,-118.42439358997177,8.14059829711914,0,0.06,86,100,0.6963273999999999,1.8210832196474076,30674,0.07513504198868759
ddqn_original,DDQN,Original,322,-86.43296065144132,7.973668098449707,0,0.06,73,91,0.6954265,2.1490215243219017,30765,0.06500462500844151
ddqn_original,DDQN,Original,323,-61.42553932382314,8.581116676330566,0,0.06,75,97,0.6944661999999999,2.064251270490823,30862,0.05918400001246482
ddqn_original,DDQN,Original,324,-6.129470099234652,8.719095230102539,0,0.06,111,136,0.6931198000000001,2.000524995738969,30998,0.09081916700233705
ddqn_original,DDQN,Original,325,-105.05868215251951,7.996769428253174,0,0.06,51,73,0.6923971,1.8589757056268927,31071,0.04897662499570288
ddqn_original,DDQN,Original,326,-61.245465401951144,8.073803901672363,0,0.06,55,73,0.6916744,2.083863370630839,31144,0.0509874589915853
ddqn_original,DDQN,Original,327,-80.20200913552871,8.794684410095215,0,0.06,67,80,0.6908824,2.067062781006098,31224,0.055003375018713996
ddqn_original,DDQN,Original,328,-13.04646171769707,8.720136642456055,0,0.06,89,109,0.6898033,2.133908675898106,31333,0.07813187499414198
ddqn_original,DDQN,Original,329,-19.793221600814817,8.523093223571777,0,0.06,67,84,0.6889717,1.9004308914854413,31417,0.06753541700891219
ddqn_original,DDQN,Original,330,-39.28853358512583,7.403514862060547,1,0.07,91,113,0.687853,1.8112814265542325,31530,0.09990699999616481
ddqn_original,DDQN,Original,331,-70.06735105484627,7.4637274742126465,0,0.07,62,79,0.6870709,1.6122787526891202,31609,0.07677679200423881
ddqn_original,DDQN,Original,332,-23.441199828031728,7.247621059417725,0,0.07,97,127,0.6858136,2.061373271106735,31736,0.10273220800445415
ddqn_original,DDQN,Original,333,-49.85710727152598,6.855929374694824,0,0.07,82,100,0.6848236000000001,2.4487871718406677,31836,0.07144075000542216
ddqn_original,DDQN,Original,334,-9.822283292424984,7.625905990600586,1,0.08,83,105,0.6837841,2.120856945287614,31941,0.08446762501262128
ddqn_original,DDQN,Original,335,-57.14751349693158,7.688026428222656,0,0.08,88,111,0.6826852,1.8682015199919004,32052,0.09074849999160506
ddqn_original,DDQN,Original,336,-50.625860906798316,6.926449775695801,0,0.08,65,75,0.6819427,1.942321203549703,32127,0.06051158398622647
ddqn_original,DDQN,Original,337,-46.277635240470886,7.125395774841309,0,0.08,76,91,0.6810418,1.9836677083602319,32218,0.07185649999883026
ddqn_original,DDQN,Original,338,-68.97613493446562,7.266827583312988,0,0.08,57,71,0.6803389,2.1778819896805452,32289,0.04637487500440329
ddqn_original,DDQN,Original,339,-60.68526130876025,6.8285369873046875,0,0.08,110,139,0.6789628,1.9399291092543294,32428,0.10546262501156889
ddqn_original,DDQN,Original,340,-75.136554883266,7.06724739074707,0,0.08,84,99,0.6779827,2.1986381324252697,32527,0.07682270900113508
ddqn_original,DDQN,Original,341,-65.99677367727037,7.321370601654053,0,0.08,100,120,0.6767947000000001,1.961078203469515,32647,0.08898712499649264
ddqn_original,DDQN,Original,342,-107.64627616496769,6.572181701660156,0,0.08,79,103,0.675775,2.374653078977344,32750,0.0793050000211224
ddqn_original,DDQN,Original,343,-26.8407410471701,6.945706367492676,0,0.08,63,74,0.6750424,1.851807045775491,32824,0.05723666600533761
ddqn_original,DDQN,Original,344,-121.82652370600267,6.990812301635742,0,0.08,99,113,0.6739237,1.8352061467888081,32937,0.0982887499849312
ddqn_original,DDQN,Original,345,-63.08795873816913,5.965155601501465,0,0.07,71,84,0.6730921000000001,2.068032071703956,33021,0.08513845800189301
ddqn_original,DDQN,Original,346,-59.87424500133631,6.6602678298950195,0,0.07,88,109,0.672013,2.3563340254333043,33130,0.08779304201016203
ddqn_original,DDQN,Original,347,-39.3468274263483,7.062936782836914,0,0.07,69,84,0.6711814,2.4289524406194687,33214,0.0681872499990277
ddqn_original,DDQN,Original,348,-66.56814836176615,6.373207092285156,0,0.07,60,74,0.6704488,2.44042598274914,33288,0.056920832983450964
ddqn_original,DDQN,Original,349,-62.171171897501836,6.460525035858154,0,0.07,49,63,0.6698251,2.0157658684821356,33351,0.045462791982572526
ddqn_original,DDQN,Original,350,-36.59768837580255,6.718428611755371,0,0.07,84,108,0.6687559000000001,2.320974668142972,33459,0.07856712499051355
ddqn_original,DDQN,Original,351,-117.73472852357366,6.827279090881348,0,0.07,59,72,0.6680431,2.2765059719483056,33531,0.05788916701567359
ddqn_original,DDQN,Original,352,-4.26557654283485,6.267709255218506,1,0.08,80,105,0.6670036,2.2146196890444982,33636,0.0774233750125859
ddqn_original,DDQN,Original,353,-95.29813254500607,6.990819931030273,0,0.08,66,89,0.6661225,1.9931031134021415,33725,0.0587378749914933
ddqn_original,DDQN,Original,354,-25.013127738555525,6.949760437011719,0,0.08,100,115,0.664984,2.1912911982639978,33840,0.06744604199775495
ddqn_original,DDQN,Original,355,13.254194653000695,6.563582420349121,0,0.08,81,97,0.6640237,1.9439925781844818,33937,0.05615829199086875
ddqn_original,DDQN,Original,356,-61.112737234543715,6.232954978942871,0,0.07,55,64,0.6633901,2.5802495991811156,34001,0.037721875007264316
ddqn_original,DDQN,Original,357,-54.0842679711474,6.9075517654418945,0,0.07,96,124,0.6621625,2.0868055234032292,34125,0.07301312498748302
ddqn_original,DDQN,Original,358,-5.317806559972851,6.392646312713623,1,0.08,71,89,0.6612814,1.8565233189068484,34214,0.0518983340007253
ddqn_original,DDQN,Original,359,-79.98227676685141,6.081258773803711,0,0.08,72,86,0.66043,2.185173971361892,34300,0.04972566699143499
ddqn_original,DDQN,Original,360,-28.27330632398254,6.464473724365234,0,0.08,86,103,0.6594103,2.0040924633012236,34403,0.058837124990532175
ddqn_original,DDQN,Original,361,-9.164185945905501,6.661839008331299,0,0.07,69,84,0.6585787000000001,2.342318822940191,34487,0.048719916987465695
ddqn_original,DDQN,Original,362,-56.36184963577946,6.205312728881836,0,0.07,78,100,0.6575887,2.1957305029034613,34587,0.05848979199072346
ddqn_original,DDQN,Original,363,-53.97235590202346,5.504343032836914,0,0.07,88,113,0.6564700000000001,1.743275171887558,34700,0.0658739170175977
ddqn_original,DDQN,Original,364,-51.86609409673633,5.103006839752197,0,0.07,68,78,0.6556978,1.6814484279125164,34778,0.059592625009827316
ddqn_original,DDQN,Original,365,-48.78715268105538,5.261065483093262,0,0.07,102,132,0.654391,2.412743606802189,34910,0.07698912499472499
ddqn_original,DDQN,Original,366,-61.926963923839395,4.878617286682129,0,0.07,109,124,0.6531634,2.2026177320268845,35034,0.07489970800816081
ddqn_original,DDQN,Original,367,-44.254184435836365,5.021553993225098,0,0.07,114,133,0.6518467,2.2229269126752267,35167,0.08126408298267052
ddqn_original,DDQN,Original,368,-112.74851453380876,5.050872802734375,0,0.06,94,111,0.6507478,2.0153329522760064,35278,0.0666335409914609
ddqn_original,DDQN,Original,369,-18.717416495953586,5.917574882507324,0,0.06,59,74,0.6500152,2.508832843722524,35352,0.04448445900925435
ddqn_original,DDQN,Original,370,-39.764722344646614,5.104538917541504,0,0.06,94,113,0.6488965,2.4850688608346787,35465,0.06667520900373347
ddqn_original,DDQN,Original,371,-39.887823003342,5.312543869018555,1,0.07,95,106,0.6478470999999999,1.848502682065064,35571,0.06412091600941494
ddqn_original,DDQN,Original,372,-56.18488511004616,4.397831916809082,1,0.08,85,112,0.6467383,2.331068127016936,35683,0.06483962497441098
ddqn_original,DDQN,Original,373,-6.9667727229896315,4.387997627258301,0,0.08,87,102,0.6457284999999999,2.0075648695814845,35785,0.06526637499337085
ddqn_original,DDQN,Original,374,-132.37266455627443,5.407120704650879,0,0.08,74,87,0.6448672,1.7619036658741962,35872,0.05112416599877179
ddqn_original,DDQN,Original,375,-29.394159459055103,5.022392749786377,0,0.08,107,129,0.6435900999999999,2.1091148266496584,36001,0.07676995798829012
ddqn_original,DDQN,Original,376,-107.55910036538145,4.897994041442871,0,0.08,72,88,0.6427189,2.2421702214262704,36089,0.051752458995906636
ddqn_original,DDQN,Original,377,-52.502542554566716,5.017397880554199,0,0.08,67,81,0.641917,2.057041620766675,36170,0.04907112498767674
ddqn_original,DDQN,Original,378,-190.88100891348654,4.8714752197265625,0,0.08,82,101,0.6409171,2.2317888364933505,36271,0.061751583009026945
ddqn_original,DDQN,Original,379,-107.37558150857124,4.256175994873047,0,0.08,91,118,0.6397489000000001,2.007592205273903,36389,0.08001966599840671
ddqn_original,DDQN,Original,380,-74.29303738198185,4.921024799346924,0,0.08,75,97,0.6387886,2.0348695319952426,36486,0.05910233300528489
ddqn_original,DDQN,Original,381,-36.52571531857322,4.938599586486816,0,0.08,82,109,0.6377094999999999,2.200732581112363,36595,0.06909795801038854
ddqn_original,DDQN,Original,382,-72.8840168830453,4.633216857910156,0,0.08,62,72,0.6369967000000001,1.8578834219111338,36667,0.06182941599399783
ddqn_original,DDQN,Original,383,-33.85120474973884,5.803017616271973,0,0.08,103,132,0.6356899,2.0391100789561416,36799,0.11152912498801015
ddqn_original,DDQN,Original,384,-87.97245212833712,4.632320880889893,0,0.08,106,128,0.6344227,2.1871835365891457,36927,0.07666983301169239
ddqn_original,DDQN,Original,385,-83.56878260843064,5.954000949859619,0,0.08,65,80,0.6336307,2.4520264573395254,37007,0.0562385419907514
ddqn_original,DDQN,Original,386,-19.39202470622638,4.977893829345703,0,0.08,86,113,0.632512,2.0450424369985023,37120,0.06463241597521119
ddqn_original,DDQN,Original,387,-59.89570755319856,5.368725776672363,0,0.08,90,119,0.6313339,2.061913209802964,37239,0.06860541700734757
ddqn_original,DDQN,Original,388,-46.119118606369085,5.6253557205200195,0,0.08,79,94,0.6304033,1.9385915271779324,37333,0.05584229200030677
ddqn_original,DDQN,Original,389,-98.79050042374426,4.579170227050781,0,0.08,117,141,0.6290074,1.8930878962608093,37474,0.08108299999730662
ddqn_original,DDQN,Original,390,-86.80092930335589,6.082703590393066,0,0.08,105,127,0.6277501,2.27190657464538,37601,0.07364437502110377
ddqn_original,DDQN,Original,391,-71.57678982244981,4.636837959289551,0,0.08,82,105,0.6267106,2.4894037632715134,37706,0.060789458017097786
ddqn_original,DDQN,Original,392,-49.5704982979513,5.757166862487793,0,0.08,69,78,0.6259384,2.148888219625522,37784,0.04352195799583569
ddqn_original,DDQN,Original,393,31.24525443962071,5.246035575866699,0,0.08,127,152,0.6244336,1.9028612318399705,37936,0.08746295899618417
ddqn_original,DDQN,Original,394,-98.6209701478371,5.093444347381592,0,0.08,77,98,0.6234634,2.108707494577583,38034,0.061476207978557795
ddqn_original,DDQN,Original,395,-38.567457206563375,4.708258628845215,0,0.08,84,106,0.622414,2.0658628403578163,38140,0.0623218750115484
ddqn_original,DDQN,Original,396,-62.61870772068861,5.155849933624268,0,0.08,57,71,0.6217111,2.3915843023380763,38211,0.043004792009014636
ddqn_original,DDQN,Original,397,-15.8429212321357,5.423785209655762,0,0.08,808,1000,0.6118110999999999,2.141872415333986,39211,0.6089825830131304
ddqn_original,DDQN,Original,398,-17.987420404559003,4.8972907066345215,0,0.08,87,101,0.6108112,2.3470379167264053,39312,0.058514917007414624
ddqn_original,DDQN,Original,399,-49.76606547991947,4.387574195861816,0,0.08,56,79,0.6100291,2.297859225846544,39391,0.04445629098336212
ddqn_original,DDQN,Original,400,-48.84942858821489,6.101761341094971,0,0.08,96,111,0.6089302000000001,2.3866997643097028,39502,0.06519258298794739
ddqn_original,DDQN,Original,401,-70.89695620795028,5.112923622131348,0,0.08,48,59,0.6083461,2.6582662392470797,39561,0.035122750006848946
ddqn_original,DDQN,Original,402,-69.21591923899271,6.2169599533081055,0,0.08,84,114,0.6072175,2.199284452618214,39675,0.06891966701368801
ddqn_original,DDQN,Original,403,-37.31649314287344,5.888113975524902,0,0.08,75,82,0.6064057,2.5276380224925714,39757,0.04715379100525752
ddqn_original,DDQN,Original,404,23.054453209098597,6.729435443878174,0,0.08,100,114,0.6052771,2.4226474531909874,39871,0.06707887499942444
ddqn_original,DDQN,Original,405,-17.291765319589203,6.205357551574707,0,0.08,60,78,0.6045049,2.704885716621692,39949,0.04893987500690855
ddqn_original,DDQN,Original,406,-45.18390591337203,6.0834574699401855,0,0.08,71,85,0.6036634000000001,2.1695724820389466,40034,0.04889320899383165
ddqn_original,DDQN,Original,407,-20.392728282546173,6.912090301513672,0,0.08,85,102,0.6026536,2.1385575597192727,40136,0.06028137501562014
ddqn_original,DDQN,Original,408,-113.9491826341184,5.990458011627197,0,0.08,128,158,0.6010894,2.5219100427023973,40294,0.09201066702371463
ddqn_original,DDQN,Original,409,-22.179303560847472,6.309825897216797,0,0.07,137,170,0.5994064,2.4749149206806633,40464,0.09778574999654666
ddqn_original,DDQN,Original,410,-107.59425098304419,6.919463157653809,0,0.07,81,106,0.598357,2.091849440111304,40570,0.06550862500444055
ddqn_original,DDQN,Original,411,-85.42405081705138,6.1716532707214355,0,0.07,85,106,0.5973075999999999,2.5978540041536653,40676,0.05908825001097284
ddqn_original,DDQN,Original,412,-25.842839454380936,6.737919807434082,0,0.07,109,120,0.5961196,2.350578357279301,40796,0.06823137498577125
ddqn_original,DDQN,Original,413,-73.85288827247699,6.800669193267822,0,0.07,94,117,0.5949613,2.1644783386817346,40913,0.06666320798103698
ddqn_original,DDQN,Original,414,-29.27574879418283,7.951484680175781,0,0.07,101,116,0.5938129000000001,1.9993131828719173,41029,0.0653230840107426
ddqn_original,DDQN,Original,415,-97.2472260094583,7.483208656311035,0,0.06,72,80,0.5930209,1.644204605743289,41109,0.04668729199329391
ddqn_original,DDQN,Original,416,-71.10966562624529,7.604874610900879,0,0.06,69,85,0.5921794,2.3269131408018224,41194,0.04893062499468215
ddqn_original,DDQN,Original,417,-63.418348019364146,7.681790351867676,0,0.06,72,88,0.5913082000000001,2.477730832316659,41282,0.05268554200301878
ddqn_original,DDQN,Original,418,-26.2480515913349,8.40296745300293,0,0.06,71,87,0.5904469,2.2144760790912583,41369,0.05780508401221596
ddqn_original,DDQN,Original,419,-33.683259129618875,7.782024383544922,0,0.06,112,137,0.5890906,2.150022226746065,41506,0.08017141700838692
ddqn_original,DDQN,Original,420,-21.105085038058235,7.680303573608398,0,0.06,102,134,0.587764,2.4240358947817957,41640,0.07929370901547372
ddqn_original,DDQN,Original,421,-74.47166050320303,6.995510578155518,0,0.06,82,108,0.5866948,2.089931150277456,41748,0.06307741699856706
ddqn_original,DDQN,Original,422,-21.174948095890116,7.743588447570801,0,0.06,54,68,0.5860216,1.8920651788220686,41816,0.03840445898822509
ddqn_original,DDQN,Original,423,22.871550261166547,7.874283790588379,0,0.06,100,111,0.5849227,2.008497744530171,41927,0.060972167004365474
ddqn_original,DDQN,Original,424,-41.84506621083348,7.993518352508545,0,0.06,55,71,0.5842198000000001,1.7522095655891257,41998,0.04066699999384582
ddqn_original,DDQN,Original,425,-91.41722275135979,8.353577613830566,0,0.06,694,809,0.5762107000000001,2.09399995461972,42807,0.4843851250188891
ddqn_original,DDQN,Original,426,-102.32478544121079,7.904415607452393,0,0.06,65,75,0.5754682,2.195495459238688,42882,0.04481225000927225
ddqn_original,DDQN,Original,427,2.2915461379677566,9.144735336303711,0,0.06,109,137,0.5741119,2.210074184802327,43019,0.07890275001409464
ddqn_original,DDQN,Original,428,17.03009370917222,9.58987045288086,0,0.06,128,161,0.572518,2.2440671681987574,43180,0.09152133401948959
ddqn_original,DDQN,Original,429,-46.39848612012119,9.707559585571289,0,0.06,71,91,0.5716171000000001,2.2665999869068902,43271,0.052533250011038035
ddqn_original,DDQN,Original,430,-19.632655001907068,9.502942085266113,1,0.06,71,89,0.570736,2.049492402023144,43360,0.056022875010967255
ddqn_original,DDQN,Original,431,-57.209609101506224,9.595476150512695,0,0.06,70,76,0.5699836,2.355872966349125,43436,0.044500584015622735
ddqn_original,DDQN,Original,432,13.55392726945847,10.443279266357422,0,0.06,140,165,0.5683501,2.148067998886108,43601,0.09984391700709239
ddqn_original,DDQN,Original,433,-54.14118048314071,10.427803039550781,0,0.06,66,75,0.5676076000000001,2.616558620532354,43676,0.04310912499204278
ddqn_original,DDQN,Original,434,20.492004442712783,9.618430137634277,0,0.05,108,138,0.5662414,2.0142116188139156,43814,0.08202433300903067
ddqn_original,DDQN,Original,435,-200.4923738331833,9.824872016906738,0,0.05,151,176,0.564499,2.0327077016911725,43990,0.10334833301021717
ddqn_original,DDQN,Original,436,-5.56502094477807,10.210609436035156,0,0.05,134,160,0.562915,2.489258858188987,44150,0.09524599998258054
ddqn_original,DDQN,Original,437,-58.437393272145464,10.677139282226562,0,0.05,94,121,0.5617171000000001,2.230404618357824,44271,0.06891920798807405
ddqn_original,DDQN,Original,438,-35.48223531364479,10.179492950439453,0,0.05,77,95,0.5607766000000001,1.8240688386716342,44366,0.056061499984934926
ddqn_original,DDQN,Original,439,-96.99618196653714,10.3982572555542,0,0.05,90,109,0.5596975,1.9285625202940144,44475,0.0626077089982573
ddqn_original,DDQN,Original,440,10.524030077998987,11.036576271057129,0,0.05,137,157,0.5581432,1.852123328265111,44632,0.09168291601235978
ddqn_original,DDQN,Original,441,-62.31918282889356,11.143705368041992,0,0.05,101,121,0.5569453,2.0721753572136903,44753,0.08577170901116915
ddqn_original,DDQN,Original,442,-0.976335626071176,11.3128662109375,0,0.05,190,227,0.554698,1.9880840627369902,44980,0.13619124999968335
ddqn_original,DDQN,Original,443,-74.79954752996036,11.716775894165039,0,0.05,99,125,0.5534605,1.9812200708389283,45105,0.07311541700619273
ddqn_original,DDQN,Original,444,-83.15094278917314,11.738762855529785,0,0.05,90,104,0.5524309000000001,2.1892718924925876,45209,0.05986137498985045
ddqn_original,DDQN,Original,445,-13.211969470402678,12.314554214477539,0,0.05,84,99,0.5514508,2.01252206648239,45308,0.05848229199182242
ddqn_original,DDQN,Original,446,-24.289095004974087,12.462299346923828,0,0.05,118,139,0.5500747,2.053375668662915,45447,0.08166558400262147
ddqn_original,DDQN,Original,447,1.8437716043221002,12.502140998840332,0,0.05,91,109,0.5489956,1.963336273070869,45556,0.06607099997927435
ddqn_original,DDQN,Original,448,-79.27090414224989,11.44504165649414,0,0.05,96,116,0.5478472,1.996379250339393,45672,0.06697787501616403
ddqn_original,DDQN,Original,449,-4.974425001834476,11.710023880004883,0,0.05,76,91,0.5469463,2.2644692862426843,45763,0.0549128330021631
ddqn_original,DDQN,Original,450,-28.584518017176666,12.597917556762695,0,0.05,859,1000,0.5370463000000001,2.156581548541784,46763,0.5852752079954371
ddqn_original,DDQN,Original,451,11.25437440606548,13.4505615234375,1,0.06,88,102,0.5360365,1.9369487107968797,46865,0.06669579099980183
ddqn_original,DDQN,Original,452,26.04542327636534,12.939717292785645,0,0.05,107,126,0.5347891,2.2707181979739475,46991,0.07619033299852163
ddqn_original,DDQN,Original,453,-41.63596350600895,13.938186645507812,0,0.05,69,79,0.534007,1.7769973836367643,47070,0.04975849998299964
ddqn_original,DDQN,Original,454,12.331271420596238,13.794637680053711,0,0.05,281,339,0.5306508999999999,2.2006673689788774,47409,0.19884249998722225
ddqn_original,DDQN,Original,455,-105.58487129971587,13.928391456604004,0,0.05,94,104,0.5296213000000001,2.053876924400146,47513,0.06003745799534954
ddqn_original,DDQN,Original,456,-36.743450687273736,15.199045181274414,0,0.05,102,131,0.5283244,2.195576396607261,47644,0.07636120897950605
ddqn_original,DDQN,Original,457,11.040572353235362,15.262202262878418,0,0.05,105,129,0.5270473,2.3738555085751436,47773,0.07865124999079853
ddqn_original,DDQN,Original,458,-22.59001120093251,14.675701141357422,0,0.04,92,126,0.5257999,2.325152385802496,47899,0.07423120900057256
ddqn_original,DDQN,Original,459,-20.946863715579397,15.038846015930176,1,0.05,96,112,0.5246911000000001,1.9943419152072497,48011,0.06616187500185333
ddqn_original,DDQN,Original,460,-45.81312119928282,15.411437034606934,0,0.05,93,107,0.5236318,2.165224619836451,48118,0.06661787501070648
ddqn_original,DDQN,Original,461,-23.088627004497255,14.221800804138184,0,0.05,96,114,0.5225032000000001,2.2374934491358305,48232,0.06708745801006444
ddqn_original,DDQN,Original,462,-26.158420476737973,16.217931747436523,0,0.05,66,78,0.5217310000000001,2.724531955443896,48310,0.046747291984502226
ddqn_original,DDQN,Original,463,-50.966189105486194,14.687891960144043,0,0.05,82,102,0.5207212,2.362777250654557,48412,0.06058254197705537
ddqn_original,DDQN,Original,464,3.871624522169782,16.000125885009766,0,0.05,78,102,0.5197114,2.2767844661778094,48514,0.06467887500184588
ddqn_original,DDQN,Original,465,-37.735245854738395,15.073290824890137,0,0.05,69,77,0.5189490999999999,2.034263648770072,48591,0.05248841701541096
ddqn_original,DDQN,Original,466,-4.818527738423299,15.333744049072266,0,0.05,86,98,0.5179789,2.0965978430241954,48689,0.059067207999760285
ddqn_original,DDQN,Original,467,-63.378138761115196,15.865933418273926,0,0.05,93,114,0.5168503,2.060321865113158,48803,0.07057199999690056
ddqn_original,DDQN,Original,468,-50.2495360729078,15.16472053527832,0,0.05,80,91,0.5159494,2.1169401557890923,48894,0.056465250003384426
ddqn_original,DDQN,Original,469,14.575179515188566,16.050045013427734,1,0.06,94,109,0.5148703,2.3048783376676227,49003,0.0641709589981474
ddqn_original,DDQN,Original,470,-20.161282145169352,16.370155334472656,0,0.06,77,89,0.5139891999999999,2.4091989471671287,49092,0.05651287501677871
ddqn_original,DDQN,Original,471,-30.080528788314865,16.62155532836914,0,0.05,94,110,0.5129002,1.995865233377977,49202,0.06731283300905488
ddqn_original,DDQN,Original,472,13.89318776651399,15.922588348388672,1,0.05,77,92,0.5119894,2.0551462374303653,49294,0.0561457920121029
ddqn_original,DDQN,Original,473,42.64894546051838,15.511941909790039,0,0.05,128,171,0.5102965,2.1999563942527214,49465,0.0985350830014795
ddqn_original,DDQN,Original,474,7.122161284526825,16.62258529663086,0,0.05,134,158,0.5087323,2.0685961071071746,49623,0.09165933399344794
ddqn_original,DDQN,Original,475,3.602069792449811,16.484416961669922,0,0.05,104,142,0.5073265,1.9749275357790397,49765,0.09352608301560394
ddqn_original,DDQN,Original,476,-3.759666349035953,15.346826553344727,0,0.05,83,96,0.5063761,1.9787199754888813,49861,0.05892004200723022
ddqn_original,DDQN,Original,477,30.113997639510615,15.950977325439453,0,0.05,69,81,0.5055742000000001,1.9906882695209833,49942,0.04788637501769699
ddqn_original,DDQN,Original,478,19.809648701489877,16.26885223388672,1,0.06,95,117,0.5044159,1.9196184425272493,50059,0.07347362500149757
ddqn_original,DDQN,Original,479,-117.18664452042765,16.40568733215332,0,0.06,124,138,0.5030497,2.265059870654258,50197,0.08127954098745249
ddqn_original,DDQN,Original,480,15.617850821635741,16.711456298828125,0,0.06,101,124,0.5018220999999999,1.9418553743631608,50321,0.07418520899955183
ddqn_original,DDQN,Original,481,-25.278433020650752,16.796405792236328,0,0.06,64,76,0.5010697,1.8984279581590702,50397,0.05582037501153536
ddqn_original,DDQN,Original,482,17.59819896443524,17.629600524902344,0,0.06,120,150,0.4995847,2.233117260535558,50547,0.0886506249953527
ddqn_original,DDQN,Original,483,-12.02712602971259,17.876483917236328,0,0.06,94,110,0.4984957,2.0289686956188895,50657,0.06191279098857194
ddqn_original,DDQN,Original,484,15.669210433968232,17.706443786621094,0,0.06,107,126,0.4972483,2.051549788032259,50783,0.07095429100445472
ddqn_original,DDQN,Original,485,-65.98069858793538,17.245433807373047,0,0.06,66,81,0.49644640000000007,1.9843631386756897,50864,0.04729137499816716
ddqn_original,DDQN,Original,486,-3.282544772016905,17.01587677001953,0,0.06,91,115,0.4953079,2.1259952236776765,50979,0.0665753330104053
ddqn_original,DDQN,Original,487,-23.271582382168035,17.83624839782715,0,0.06,142,165,0.49367439999999996,2.245755884141633,51144,0.09542850000434555
ddqn_original,DDQN,Original,488,-49.45181470978687,17.525665283203125,0,0.06,100,118,0.4925062,2.092333642102904,51262,0.06760837498586625
ddqn_original,DDQN,Original,489,-64.86036118854344,17.226064682006836,0,0.06,128,154,0.4909816,2.039883019862237,51416,0.08906020800350234
ddqn_original,DDQN,Original,490,-31.064352722278898,17.055217742919922,0,0.06,102,114,0.489853,1.9115600340199053,51530,0.06502454102155752
ddqn_original,DDQN,Original,491,-30.37233756760162,17.994075775146484,0,0.06,93,105,0.4888135,2.2252565747215636,51635,0.06146416699630208
ddqn_original,DDQN,Original,492,7.066689395312366,17.724645614624023,1,0.07,98,126,0.4875661,2.0662447237779222,51761,0.07621029199799523
ddqn_original,DDQN,Original,493,-43.08301062611844,18.13765525817871,0,0.07,93,107,0.4865068,2.0786089395808283,51868,0.06457241598400287
ddqn_original,DDQN,Original,494,-9.615412801352022,17.8773193359375,1,0.08,102,122,0.4852989999999999,2.2193384517411716,51990,0.07103045799885876
ddqn_original,DDQN,Original,495,-21.985641605717973,19.677610397338867,0,0.08,118,137,0.48394269999999995,2.0309983844304607,52127,0.07638949999818578
ddqn_original,DDQN,Original,496,-13.703589009871735,19.930519104003906,0,0.08,91,111,0.48284380000000005,1.9743291641677823,52238,0.06801395799266174
ddqn_original,DDQN,Original,497,-37.64970430020671,19.81422996520996,0,0.08,102,117,0.4816855000000001,2.2692465670088415,52355,0.07534404197940603
ddqn_original,DDQN,Original,498,-37.82910905722089,19.737876892089844,0,0.08,99,123,0.4804678,2.1100613443347496,52478,0.0812625830003526
ddqn_original,DDQN,Original,499,-65.91861109749793,20.769014358520508,0,0.08,119,141,0.4790719,2.077335647868772,52619,0.0805134590191301
ddqn_original,DDQN,Original,500,-8.620773923651413,20.231586456298828,0,0.08,107,127,0.4778146,2.227234656885853,52746,0.07377812499180436
ddqn_original,DDQN,Original,501,-48.057623219635126,20.506023406982422,0,0.08,63,77,0.4770523,2.487909701350447,52823,0.04622291700798087
ddqn_original,DDQN,Original,502,38.9484914795963,20.857746124267578,0,0.08,118,144,0.47562670000000007,2.283982132871946,52967,0.083857874997193
ddqn_original,DDQN,Original,503,-114.59773693373556,22.514999389648438,0,0.08,771,891,0.46680580000000005,2.087319947051681,53858,0.5261917089810595
ddqn_original,DDQN,Original,504,8.228354508380393,24.010944366455078,0,0.08,874,1000,0.45690580000000003,2.113234379649162,54858,0.5853984169953037
ddqn_original,DDQN,Original,505,26.395456698922658,23.69898223876953,0,0.08,118,144,0.4554802,1.906812582992845,55002,0.08480087501811795
ddqn_original,DDQN,Original,506,-50.335051504594745,24.679594039916992,0,0.08,77,88,0.45460900000000004,2.32143663208593,55090,0.055147667007986456
ddqn_original,DDQN,Original,507,-16.42196185842687,23.59316635131836,0,0.08,97,106,0.45355959999999995,1.910728448966764,55196,0.06296583299990743
ddqn_original,DDQN,Original,508,10.130571919377727,25.72666358947754,0,0.08,898,1000,0.44365960000000004,2.0933373094797134,56196,0.5778284580155741
ddqn_original,DDQN,Original,509,38.26133585620062,26.866432189941406,0,0.08,111,137,0.44230329999999995,2.2561342394264945,56333,0.08152050001081079
ddqn_original,DDQN,Original,510,5.673315102985811,26.175495147705078,0,0.08,107,120,0.4411153,2.023076444864273,56453,0.07029166701249778
ddqn_original,DDQN,Original,511,6.000598378591988,27.186471939086914,0,0.08,70,87,0.44025400000000003,2.393104344263844,56540,0.0513133330096025
ddqn_original,DDQN,Original,512,-4.383073519836927,27.04437255859375,0,0.08,127,149,0.43877889999999997,2.3098477019159587,56689,0.08720383298350498
ddqn_original,DDQN,Original,513,44.51077081955901,26.606178283691406,1,0.09,114,127,0.43752159999999995,2.4157750836507543,56816,0.07246783399023116
ddqn_original,DDQN,Original,514,10.897915116267397,29.23443603515625,0,0.09,893,1000,0.42762160000000005,2.156319771558046,57816,0.5767628330213483
ddqn_original,DDQN,Original,515,-162.4198719007897,30.792091369628906,0,0.09,636,739,0.4203055,2.2393841902361187,58555,0.4373961249948479
ddqn_original,DDQN,Original,516,27.710695300228195,30.72027587890625,1,0.1,135,159,0.4187314,2.2913261539531202,58714,0.09358995800721459
ddqn_original,DDQN,Original,517,45.34408959252349,31.021392822265625,0,0.1,107,119,0.4175533,1.8172822649739369,58833,0.07040908400085755
ddqn_original,DDQN,Original,518,-46.62771829759015,30.679996490478516,0,0.1,82,93,0.4166326,2.1075070667010483,58926,0.05441970800166018
ddqn_original,DDQN,Original,519,20.799210587021605,31.431419372558594,0,0.1,131,161,0.4150387,2.2558563223906924,59087,0.0939932500186842
ddqn_original,DDQN,Original,520,-32.67077862985606,32.823028564453125,0,0.1,861,1000,0.40513869999999996,2.185491401463747,60087,0.5820064580184408
ddqn_original,DDQN,Original,521,2.1995437783915293,32.383975982666016,0,0.1,84,95,0.40419819999999995,2.1718780134853564,60182,0.06230883300304413
ddqn_original,DDQN,Original,522,-16.217348179507294,33.09991455078125,0,0.1,871,1000,0.39429819999999993,2.224746281802654,61182,0.5915649170055985
ddqn_original,DDQN,Original,523,-60.50142800884781,33.443946838378906,0,0.1,71,87,0.3934369000000001,2.170188331741026,61269,0.04863433400169015
ddqn_original,DDQN,Original,524,27.39601691606542,33.359588623046875,1,0.11,118,134,0.3921103,2.384509999360611,61403,0.07512570900144055
ddqn_original,DDQN,Original,525,-39.37919402630743,34.433868408203125,0,0.11,143,180,0.39032829999999996,2.069836281074418,61583,0.10466924999491312
ddqn_original,DDQN,Original,526,-59.15426294097435,35.40939712524414,0,0.11,853,1000,0.38042830000000005,2.1825501323938368,62583,0.5967140829889104
ddqn_original,DDQN,Original,527,20.492245471321027,35.41361999511719,0,0.11,145,163,0.3788146,2.3011135692976734,62746,0.09621899999910966
ddqn_original,DDQN,Original,528,31.600929179105908,36.23305892944336,0,0.11,861,1000,0.3689146,2.178500859737396,63746,0.7055140000011306
ddqn_original,DDQN,Original,529,-81.60607061291597,35.910404205322266,0,0.11,209,236,0.36657819999999997,2.1347243102677798,63982,0.15591733300243504
ddqn_original,DDQN,Original,530,-0.14423396903126218,36.1728515625,0,0.1,104,117,0.3654199,2.1157584271879277,64099,0.06964958398020826
ddqn_original,DDQN,Original,531,-49.79320010406207,35.899444580078125,0,0.1,867,1000,0.3555199,2.2263281116485594,65099,0.5986716250190511
ddqn_original,DDQN,Original,532,-150.03173687045222,36.666015625,0,0.1,214,262,0.3529261,2.1996751534574814,65361,0.15242983400821686
ddqn_original,DDQN,Original,533,-25.331616891523502,36.36174011230469,0,0.1,898,1000,0.3430261,2.163187948435545,66361,0.6125166660058312
ddqn_original,DDQN,Original,534,-5.606479226813651,37.76351547241211,0,0.1,841,1000,0.3331261,2.2318713679909705,67361,0.7129823330033105
ddqn_original,DDQN,Original,535,37.71200117466611,37.06376266479492,0,0.1,85,97,0.33216580000000007,2.234358095631157,67458,0.07383141698664986
ddqn_original,DDQN,Original,536,-19.498784903041315,37.64930725097656,0,0.1,897,1000,0.32226580000000005,2.2291932682693005,68458,1.927674707985716
ddqn_original,DDQN,Original,537,3.1707258294593714,37.456356048583984,0,0.1,121,132,0.3209590000000001,1.9135142935044838,68590,0.10273266700096428
ddqn_original,DDQN,Original,538,23.78452803636722,37.05498123168945,0,0.1,109,134,0.31963240000000004,2.2880591959206025,68724,0.08195962500758469
ddqn_original,DDQN,Original,539,52.85868470909719,37.46025848388672,0,0.1,104,114,0.3185038,1.970166758748523,68838,0.06901700000162236
ddqn_original,DDQN,Original,540,-10.31137529050809,36.98968505859375,0,0.1,891,1000,0.3086038,2.2732007761001585,69838,0.6158770000038203
ddqn_original,DDQN,Original,541,46.54544304263095,37.25792694091797,0,0.1,116,132,0.30729700000000004,2.167632874214288,69970,0.07654775000992231
ddqn_original,DDQN,Original,542,-99.88618776527558,37.5631103515625,0,0.1,145,163,0.3056833,2.014390687269667,70133,0.09656804200494662
ddqn_original,DDQN,Original,543,20.74841527370876,36.20045471191406,0,0.1,144,169,0.3040102,2.24205029539808,70302,0.10002454198547639
ddqn_original,DDQN,Original,544,-130.72131217324005,36.54368591308594,0,0.1,617,657,0.2975059,2.279354133063437,70959,0.3913701669953298
ddqn_original,DDQN,Original,545,-98.95503903924153,36.556766510009766,0,0.1,292,322,0.2943180999999999,2.257443445994987,71281,0.18926783301867545
ddqn_original,DDQN,Original,546,-43.90843754576498,36.026763916015625,0,0.1,494,536,0.2890117,2.1448230404795994,71817,0.30889387501520105
ddqn_original,DDQN,Original,547,22.956092616357317,36.763729095458984,0,0.1,822,1000,0.2791117000000001,2.268903562158346,72817,0.5913057910220232
ddqn_original,DDQN,Original,548,-6.92333774939489,36.567230224609375,0,0.1,883,1000,0.26921170000000005,2.244905277609825,73817,0.5924707920057699
ddqn_original,DDQN,Original,549,-10.922762905826474,35.96549987792969,0,0.1,869,1000,0.25931170000000003,2.1691396678984165,74817,0.5914806670043617
ddqn_original,DDQN,Original,550,45.43196743599651,33.71826934814453,0,0.1,868,1000,0.24941170000000001,2.2632274628281595,75817,0.6032542499888223
ddqn_original,DDQN,Original,551,-100.41987064329413,35.25688934326172,0,0.09,342,385,0.24560019999999994,2.2564467085646345,76202,0.22560054101631977
ddqn_original,DDQN,Original,552,-181.5695936525791,34.90093994140625,0,0.09,626,688,0.23878900000000003,2.245525518129038,76890,0.40562775000580586
ddqn_original,DDQN,Original,553,-53.41080517513453,34.75178146362305,0,0.09,867,1000,0.228889,2.2135592620372773,77890,0.6047940839780495
ddqn_original,DDQN,Original,554,-34.84216850253647,34.290061950683594,0,0.09,856,1000,0.218989,2.225481825828552,78890,0.5923210000037216
ddqn_original,DDQN,Original,555,13.155434840288683,35.18855285644531,0,0.09,854,1000,0.20908899999999997,2.117561472296715,79890,0.5956270410097204
ddqn_original,DDQN,Original,556,-1.3068497120558218,34.05694580078125,0,0.09,836,1000,0.19918900000000006,2.1358238785862924,80890,0.6194729590206407
ddqn_original,DDQN,Original,557,-40.9936280182349,34.83325958251953,0,0.09,799,1000,0.18928900000000004,2.1779321323931216,81890,0.6171928750118241
ddqn_original,DDQN,Original,558,26.23397391661942,35.899864196777344,0,0.09,851,1000,0.17938900000000002,2.1745563549697398,82890,0.6052719170111232
ddqn_original,DDQN,Original,559,10.201669101002226,36.10682678222656,0,0.08,834,1000,0.169489,2.1592817932665347,83890,0.6026531670067925
ddqn_original,DDQN,Original,560,-6.651639980675743,36.451969146728516,0,0.08,833,1000,0.15958899999999998,2.0609272880852223,84890,0.588967333023902
ddqn_original,DDQN,Original,561,5.337573050350615,38.040313720703125,0,0.08,842,1000,0.14968899999999996,2.053426886320114,85890,0.6065558340051211
ddqn_original,DDQN,Original,562,-31.43085043812337,38.88116455078125,0,0.08,859,1000,0.13978900000000005,2.101515180915594,86890,0.6220757090195548
ddqn_original,DDQN,Original,563,-72.09236133161224,39.86820983886719,0,0.08,829,1000,0.12988900000000003,2.029103386372328,87890,0.6101601250120439
ddqn_original,DDQN,Original,564,-50.1183423486307,39.050376892089844,0,0.08,823,1000,0.11998900000000001,1.9547129662632943,88890,0.5897037919785362
ddqn_original,DDQN,Original,565,-44.87267422046177,38.466182708740234,0,0.08,865,1000,0.11008899999999999,2.2208627857267857,89890,0.6091617079800926
ddqn_original,DDQN,Original,566,-8.510190502187001,39.994606018066406,0,0.08,790,1000,0.10018899999999997,2.0193229028880597,90890,0.591043249994982
ddqn_original,DDQN,Original,567,-2.4834057569278105,39.89474105834961,0,0.08,843,1000,0.09028899999999995,1.9103934986889362,91890,0.5970469169842545
ddqn_original,DDQN,Original,568,-6.611300518559863,40.472618103027344,0,0.08,911,1000,0.08038900000000004,1.8958348548412323,92890,0.5982544159924146
ddqn_original,DDQN,Original,569,-29.68128153508095,40.709476470947266,0,0.07,867,1000,0.07048900000000002,1.9072858968377113,93890,0.6083366670063697
ddqn_original,DDQN,Original,570,-53.287079101731976,41.674110412597656,0,0.07,868,1000,0.060589000000000004,1.954839220225811,94890,0.5962304999993648
ddqn_original,DDQN,Original,571,-3.460219071022532,42.87167739868164,0,0.07,868,1000,0.050688999999999984,1.9372183688282967,95890,0.6201330829935614
ddqn_original,DDQN,Original,572,-20.080750065975195,41.582122802734375,0,0.06,866,1000,0.040789000000000075,1.8993971695899963,96890,0.7055779999936931
ddqn_original,DDQN,Original,573,-56.71111133300782,42.983482360839844,0,0.06,868,1000,0.030889000000000055,1.8496792583465576,97890,0.6473062500008382
ddqn_original,DDQN,Original,574,-10.374560968067371,42.21989440917969,0,0.06,840,1000,0.020989000000000035,1.8597570583820342,98890,0.7925007500161882
ddqn_original,DDQN,Original,575,93.39275042836107,45.704734802246094,0,0.06,797,1000,0.011089000000000016,1.854063541650772,99890,0.9042904170055408
ddqn_original,DDQN,Original,576,46.05940247291521,44.654624938964844,0,0.06,833,1000,0.010000000000000009,1.8668084859251977,100890,0.6467885000165552
ddqn_original,DDQN,Original,577,279.2115536672891,45.34370803833008,1,0.07,364,467,0.010000000000000009,1.7947669113473668,101357,0.2850563329993747
ddqn_original,DDQN,Original,578,40.515412532634215,45.066654205322266,0,0.06,823,1000,0.010000000000000009,1.9198563663959503,102357,0.6020640830101911
ddqn_original,DDQN,Original,579,-22.687525852514014,46.188690185546875,0,0.06,819,1000,0.010000000000000009,1.7035135389268399,103357,0.6132750409888104
ddqn_original,DDQN,Original,580,10.395815124927596,45.45520782470703,0,0.06,829,1000,0.010000000000000009,1.7027148672640324,104357,0.5966852919955272
ddqn_original,DDQN,Original,581,215.7417879405146,46.02175521850586,1,0.07,489,590,0.010000000000000009,1.6563264200748022,104947,0.3946097500156611
ddqn_original,DDQN,Original,582,31.96256709316336,46.764915466308594,0,0.07,801,1000,0.010000000000000009,1.5509601924717427,105947,0.6158770420006476
ddqn_original,DDQN,Original,583,229.50148021036412,47.33352279663086,1,0.08,320,452,0.010000000000000009,1.5603850193123903,106399,0.34127624999382533
ddqn_original,DDQN,Original,584,166.03025122595642,49.63056182861328,1,0.09,749,920,0.010000000000000009,1.5702601129594056,107319,0.5561686669825576
ddqn_original,DDQN,Original,585,27.10953284966235,46.93391036987305,0,0.09,821,1000,0.010000000000000009,1.4809448829591274,108319,0.6196824999933597
ddqn_original,DDQN,Original,586,-49.96272930692903,49.35884094238281,0,0.09,839,1000,0.010000000000000009,1.4536972599625588,109319,0.5960039579949807
ddqn_original,DDQN,Original,587,-42.757654619802445,48.623016357421875,0,0.09,848,1000,0.010000000000000009,1.4369784764945508,110319,0.6055144170240965
ddqn_original,DDQN,Original,588,5.902210001088054,48.20471954345703,0,0.09,792,1000,0.010000000000000009,1.4750599622428417,111319,0.5948640840069856
ddqn_original,DDQN,Original,589,-32.12207288693772,47.588104248046875,0,0.09,689,1000,0.010000000000000009,1.4020952773094177,112319,0.6064092089945916
ddqn_original,DDQN,Original,590,-36.2896965536439,47.375282287597656,0,0.09,780,1000,0.010000000000000009,1.3542328336536884,113319,0.6581239579827525
ddqn_original,DDQN,Original,591,-3.3743100272520445,48.49591827392578,0,0.09,786,1000,0.010000000000000009,1.3547863912284375,114319,0.6103801249992102
ddqn_original,DDQN,Original,592,-16.083339012543416,50.672332763671875,0,0.08,755,1000,0.010000000000000009,1.3425942360311747,115319,0.6006444169906899
ddqn_original,DDQN,Original,593,25.451239524548832,51.24147033691406,0,0.08,793,1000,0.010000000000000009,1.2831552678644658,116319,0.6300747919885907
ddqn_original,DDQN,Original,594,-24.478499238747766,51.6071891784668,0,0.07,728,1000,0.010000000000000009,1.285044463455677,117319,0.591336790996138
ddqn_original,DDQN,Original,595,16.746912090161928,51.496036529541016,0,0.07,872,1000,0.010000000000000009,1.255648234128952,118319,0.5994918750075158
ddqn_original,DDQN,Original,596,-18.566485524680907,51.406829833984375,0,0.07,841,1000,0.010000000000000009,1.1942498869746923,119319,0.6077074170170818
ddqn_original,DDQN,Original,597,16.712369509817627,54.87303161621094,0,0.07,806,1000,0.010000000000000009,1.2405666492581366,120319,0.6244376249960624
ddqn_original,DDQN,Original,598,-49.55832213088805,53.34617614746094,0,0.07,839,1000,0.010000000000000009,1.2235730233937503,121319,0.6375053749943618
ddqn_original,DDQN,Original,599,29.342222353463907,52.61935043334961,0,0.07,790,1000,0.010000000000000009,1.166418596059084,122319,0.5932501670031343
ddqn_original,DDQN,Original,600,-0.1786415538655617,51.98725128173828,0,0.07,827,1000,0.010000000000000009,1.1258388751596213,123319,0.6072296669881325
ddqn_original,DDQN,Original,601,-8.762452621406409,49.646053314208984,0,0.07,828,1000,0.010000000000000009,1.070029942959547,124319,0.6168169589946046
ddqn_original,DDQN,Original,602,2.8899791774212074,49.4140510559082,0,0.07,800,1000,0.010000000000000009,1.1152062811553478,125319,0.6478304589982145
ddqn_original,DDQN,Original,603,-53.390524767689655,46.428768157958984,0,0.07,797,1000,0.010000000000000009,1.0725159126967192,126319,0.6159474999876693
ddqn_original,DDQN,Original,604,-24.982603615779965,47.51219940185547,0,0.07,828,1000,0.010000000000000009,1.0472921148091554,127319,0.6068369169952348
ddqn_original,DDQN,Original,605,-15.885458452736312,46.486358642578125,0,0.07,855,1000,0.010000000000000009,1.0291094702929258,128319,0.6157397920032963
ddqn_original,DDQN,Original,606,-3.552216574447711,45.93242645263672,0,0.07,817,1000,0.010000000000000009,1.0275735295116901,129319,0.6080101669940632
ddqn_original,DDQN,Original,607,-15.825330563673704,45.90583801269531,0,0.07,786,1000,0.010000000000000009,0.9723845448344945,130319,0.6438907500123605
ddqn_original,DDQN,Original,608,13.00821558221509,45.243408203125,0,0.07,793,1000,0.010000000000000009,0.9596750082224608,131319,0.6531435410142876
ddqn_original,DDQN,Original,609,-10.00020452068371,46.70854187011719,0,0.07,806,1000,0.010000000000000009,0.9735388456583023,132319,0.6239529579761438
ddqn_original,DDQN,Original,610,-44.97219206230737,47.25258255004883,0,0.07,819,1000,0.010000000000000009,0.9463160102963447,133319,0.6192223749822006
ddqn_original,DDQN,Original,611,69.18026824289079,46.10224151611328,0,0.07,800,1000,0.010000000000000009,0.8875671932846307,134319,0.5994708329963032
ddqn_original,DDQN,Original,612,43.495526312677256,45.894134521484375,0,0.07,803,1000,0.010000000000000009,0.8815768651068211,135319,0.6042230000020936
ddqn_original,DDQN,Original,613,-3.202674233300467,45.9951171875,0,0.06,837,1000,0.010000000000000009,0.8801027246415615,136319,0.6107107500138227
ddqn_original,DDQN,Original,614,-49.07301587781475,45.566368103027344,0,0.06,825,1000,0.010000000000000009,0.8431942934989929,137319,0.5966073330200743
ddqn_original,DDQN,Original,615,147.0767159449783,46.567596435546875,1,0.07,799,987,0.010000000000000009,0.8061153112694606,138306,0.6006559169909451
ddqn_original,DDQN,Original,616,261.05055887679856,47.59416198730469,1,0.07,282,361,0.010000000000000009,0.7300234955433663,138667,0.21926204100600444
ddqn_original,DDQN,Original,617,259.17715041919246,48.48530197143555,1,0.08,248,349,0.010000000000000009,0.8233804331724145,139016,0.21340762497857213
ddqn_original,DDQN,Original,618,242.93284190998043,48.72509002685547,1,0.09,154,219,0.010000000000000009,0.7070646858922968,139235,0.13107479200698435
ddqn_original,DDQN,Original,619,238.38386547518834,49.71424865722656,1,0.1,326,463,0.010000000000000009,0.687388116095545,139698,0.2789030830026604
ddqn_original,DDQN,Original,620,-35.24843839012185,50.29943084716797,0,0.1,843,1000,0.010000000000000009,0.7433651344850659,140698,0.6096964169992134
ddqn_original,DDQN,Original,621,10.590135742496756,48.908748626708984,0,0.1,844,1000,0.010000000000000009,0.7131095489859581,141698,0.6517234590137377
ddqn_original,DDQN,Original,622,245.66432391595717,49.90782165527344,1,0.11,315,451,0.010000000000000009,0.6416086579637887,142149,0.28259279200574383
ddqn_original,DDQN,Original,623,210.91899131964266,52.250301361083984,1,0.12,685,851,0.010000000000000009,0.6697274202045347,143000,0.5051352920127101
ddqn_original,DDQN,Original,624,256.27219001742344,52.82890319824219,1,0.12,359,459,0.010000000000000009,0.7242960178319665,143459,0.28788479199283756
ddqn_original,DDQN,Original,625,269.23171920622787,52.64595031738281,1,0.13,392,490,0.010000000000000009,0.6443772274924784,143949,0.29612020900822245
ddqn_original,DDQN,Original,626,288.6081404020828,51.55904769897461,1,0.14,491,698,0.010000000000000009,0.6942577741848022,144647,0.4280163750227075
ddqn_original,DDQN,Original,627,291.72390863234676,51.687705993652344,1,0.15,174,228,0.010000000000000009,0.6781162783634245,144875,0.14629983398481272
ddqn_original,DDQN,Original,628,52.12004293620591,51.257938385009766,0,0.15,823,1000,0.010000000000000009,0.6233946617618203,145875,0.7133584579860326
ddqn_original,DDQN,Original,629,224.08746091220172,52.30720901489258,1,0.16,341,419,0.010000000000000009,0.5916573335561093,146294,0.26979891600785777
ddqn_original,DDQN,Original,630,275.5394928485589,52.14100646972656,1,0.17,147,219,0.010000000000000009,0.6361844228010743,146513,0.15039233298739418
ddqn_original,DDQN,Original,631,11.781403002439767,52.027122497558594,0,0.17,804,1000,0.010000000000000009,0.6293069626241923,147513,0.6651728750148322
ddqn_original,DDQN,Original,632,196.23051396914468,51.993141174316406,1,0.18,703,955,0.010000000000000009,0.6144816739786982,148468,0.7656788330059499
ddqn_original,DDQN,Original,633,220.31157305944464,50.05638885498047,1,0.19,427,565,0.010000000000000009,0.5969302298616519,149033,0.44107291600084864
ddqn_original,DDQN,Original,634,222.98453804738259,49.12204360961914,1,0.2,301,429,0.010000000000000009,0.5615609494539407,149462,0.3371325829939451
ddqn_original,DDQN,Original,635,252.82059605857762,49.274166107177734,1,0.21,220,299,0.010000000000000009,0.6214919103228528,149761,0.24016612500417978
ddqn_original,DDQN,Original,636,248.96352366739384,51.96757507324219,1,0.22,351,561,0.010000000000000009,0.5403512498752319,150322,0.40710891599883325
ddqn_original,DDQN,Original,637,251.27917137978878,50.58557891845703,1,0.23,370,490,0.010000000000000009,0.5286768499381688,150812,0.30023162500583567
ddqn_original,DDQN,Original,638,255.81143566267014,49.44358825683594,1,0.24,284,391,0.010000000000000009,0.5252248424169658,151203,0.23933533299714327
ddqn_original,DDQN,Original,639,239.21880686719697,50.126686096191406,1,0.25,150,223,0.010000000000000009,0.4976242046318781,151426,0.14506758298375644
ddqn_original,DDQN,Original,640,226.90977457005445,49.85388946533203,1,0.26,489,741,0.010000000000000009,0.5092683747692308,152167,0.4502902909880504
ddqn_original,DDQN,Original,641,191.1026120884988,50.09591293334961,1,0.27,533,746,0.010000000000000009,0.5112417788412073,152913,0.4479744170093909
ddqn_original,DDQN,Original,642,272.11527271699106,51.88517379760742,1,0.28,127,206,0.010000000000000009,0.5199328879418882,153119,0.1207988339883741
ddqn_original,DDQN,Original,643,189.38098594201256,52.00848388671875,1,0.29,624,767,0.010000000000000009,0.4965592622368401,153886,0.47035150000010617
ddqn_original,DDQN,Original,644,182.78130897183493,49.920013427734375,0,0.29,618,1000,0.010000000000000009,0.4580694876089692,154886,0.6145559590077028
ddqn_original,DDQN,Original,645,67.51278888042746,48.432647705078125,0,0.29,798,1000,0.010000000000000009,0.44649818650633094,155886,0.6230619590205606
ddqn_original,DDQN,Original,646,289.8675868953963,48.546024322509766,1,0.3,252,395,0.010000000000000009,0.4046718770567375,156281,0.24308437498984858
ddqn_original,DDQN,Original,647,258.4164290427987,50.00570297241211,1,0.31,210,420,0.010000000000000009,0.4256306864321232,156701,0.25372791598783806
ddqn_original,DDQN,Original,648,242.93562835476013,49.89636993408203,1,0.32,336,448,0.010000000000000009,0.44505001740929273,157149,0.2971143329923507
ddqn_original,DDQN,Original,649,216.3911296688596,51.341224670410156,1,0.33,345,428,0.010000000000000009,0.40897180334986927,157577,0.25925479200668633
ddqn_original,DDQN,Original,650,314.6876114651516,50.535362243652344,1,0.34,200,250,0.010000000000000009,0.42444006678462026,157827,0.1489294999919366
ddqn_original,DDQN,Original,651,256.3820341670448,50.14133071899414,1,0.35,236,384,0.010000000000000009,0.39214074570918456,158211,0.2305062499945052
ddqn_original,DDQN,Original,652,249.92133293355104,49.74104309082031,0,0.35,337,558,0.010000000000000009,0.44959046506059214,158769,0.34009700000751764
ddqn_original,DDQN,Original,653,131.78561596682496,48.41823196411133,0,0.35,765,1000,0.010000000000000009,0.40451966897398234,159769,0.6099106670008041
ddqn_original,DDQN,Original,654,-59.68241341758151,51.9661979675293,0,0.35,884,1000,0.010000000000000009,0.39534105180203916,160769,0.6133976669807453
ddqn_original,DDQN,Original,655,276.78462288444786,52.49188232421875,1,0.36,321,409,0.010000000000000009,0.3997797690933083,161178,0.24303154199151322
ddqn_original,DDQN,Original,656,26.906234656775954,52.162353515625,0,0.36,772,1000,0.010000000000000009,0.414016687206924,162178,0.6547147499804851
ddqn_original,DDQN,Original,657,178.38680870576914,57.53609848022461,1,0.37,609,850,0.010000000000000009,0.39165545695844817,163028,0.6328027920098975
ddqn_original,DDQN,Original,658,-30.140885395690834,58.60179901123047,0,0.37,749,1000,0.010000000000000009,0.3716818170621991,164028,0.7940747500106227
ddqn_original,DDQN,Original,659,280.48152053146504,59.08522415161133,1,0.38,357,495,0.010000000000000009,0.3304224043783515,164523,0.3871862090018112
ddqn_original,DDQN,Original,660,145.462928258472,59.98806381225586,1,0.39,700,929,0.010000000000000009,0.3704115069993602,165452,0.8026474170037545
ddqn_original,DDQN,Original,661,14.886079051292615,59.612972259521484,0,0.39,784,1000,0.010000000000000009,0.3637634129412472,166452,0.623418707982637
ddqn_original,DDQN,Original,662,-47.633568289461934,62.38591766357422,0,0.39,739,1000,0.010000000000000009,0.3393013988137245,167452,0.6077258749864995
ddqn_original,DDQN,Original,663,188.89251461447535,64.66156768798828,0,0.39,615,1000,0.010000000000000009,0.316751965560019,168452,0.6095346249931026
ddqn_original,DDQN,Original,664,111.94649112814342,66.0090560913086,0,0.39,667,1000,0.010000000000000009,0.33886494950950147,169452,0.6085910419933498
ddqn_original,DDQN,Original,665,254.99287898730665,63.94664764404297,1,0.4,352,439,0.010000000000000009,0.34810684169886597,169891,0.2572081249963958
ddqn_original,DDQN,Original,666,132.92612609230179,66.20669555664062,0,0.4,681,1000,0.010000000000000009,0.33682333514839413,170891,0.6011104579956736
ddqn_original,DDQN,Original,667,295.69232229078943,67.69243621826172,1,0.41,380,608,0.010000000000000009,0.3357357715599631,171499,0.38084320799680427
ddqn_original,DDQN,Original,668,248.4438292718696,68.25860595703125,1,0.42,324,616,0.010000000000000009,0.32201257073501877,172115,0.37348233300144784
ddqn_original,DDQN,Original,669,133.81832959528526,68.64694213867188,0,0.42,610,1000,0.010000000000000009,0.31851586029678586,173115,0.6614779999945313
ddqn_original,DDQN,Original,670,222.13251029247363,70.49054718017578,1,0.43,433,720,0.010000000000000009,0.33471840453437635,173835,0.430807291995734
ddqn_original,DDQN,Original,671,279.9260468489667,70.4896469116211,1,0.44,250,430,0.010000000000000009,0.29186859047690106,174265,0.2606842089735437
ddqn_original,DDQN,Original,672,239.13973288585476,71.3598861694336,1,0.45,417,556,0.010000000000000009,0.3133035708326016,174821,0.3321507499786094
ddqn_original,DDQN,Original,673,253.2339927218849,71.77035522460938,1,0.46,452,772,0.010000000000000009,0.30665466756381365,175593,0.46768004100886174
ddqn_original,DDQN,Original,674,98.4238699709922,72.77650451660156,0,0.46,689,1000,0.010000000000000009,0.2833302183151245,176593,0.5986865420127288
ddqn_original,DDQN,Original,675,116.01834054571806,72.5140609741211,0,0.46,718,1000,0.010000000000000009,0.2988650678098202,177593,0.6105054999934509
ddqn_original,DDQN,Original,676,256.6997353277703,73.45803833007812,1,0.47,525,732,0.010000000000000009,0.2850592040706202,178325,0.43508095800643787
ddqn_original,DDQN,Original,677,245.1328948418739,74.11302947998047,1,0.47,595,933,0.010000000000000009,0.2912441620689049,179258,0.5758891250006855
ddqn_original,DDQN,Original,678,244.6199183508704,74.26312255859375,1,0.48,242,352,0.010000000000000009,0.3083271498537876,179610,0.2509247910056729
ddqn_original,DDQN,Original,679,268.57678160447614,75.58370208740234,1,0.49,370,537,0.010000000000000009,0.3114877261526647,180147,0.31452787498710677
ddqn_original,DDQN,Original,680,278.73103980870627,75.77178192138672,1,0.5,318,582,0.010000000000000009,0.2977409934196173,180729,0.3604187919991091
ddqn_original,DDQN,Original,681,169.6069619924713,75.71932983398438,0,0.49,543,1000,0.010000000000000009,0.3074404048770666,181729,0.6369517499988433
ddqn_original,DDQN,Original,682,252.9173304728132,78.046630859375,1,0.5,348,579,0.010000000000000009,0.3088102501805788,182308,0.3663864159898367
ddqn_original,DDQN,Original,683,264.9393913041382,77.18250274658203,1,0.5,370,527,0.010000000000000009,0.3206204143785774,182835,0.3130294999864418
ddqn_original,DDQN,Original,684,210.5205797430101,75.68465423583984,1,0.5,367,526,0.010000000000000009,0.3057960174807804,183361,0.3117685829929542
ddqn_original,DDQN,Original,685,-525.3825845431056,74.98634338378906,0,0.5,90,98,0.010000000000000009,0.3131907361046392,183459,0.058827999979257584
ddqn_original,DDQN,Original,686,249.78825361261954,68.62032318115234,1,0.51,566,997,0.010000000000000009,0.3463253422585151,184456,0.608613874996081
ddqn_original,DDQN,Original,687,-115.47147783691108,66.15992736816406,0,0.51,378,563,0.010000000000000009,0.3405516131600732,185019,0.35010404099011794
ddqn_original,DDQN,Original,688,241.2471883104341,66.4083480834961,1,0.52,243,406,0.010000000000000009,0.3327902029887796,185425,0.24377770800492726
ddqn_original,DDQN,Original,689,244.74074548144128,67.31581115722656,1,0.53,333,578,0.010000000000000009,0.3422541704518675,186003,0.34738241700688377
ddqn_original,DDQN,Original,690,263.74742764896325,66.66355895996094,1,0.54,265,460,0.010000000000000009,0.29304390962681043,186463,0.277674000011757
ddqn_original,DDQN,Original,691,120.3489177246811,67.94642639160156,0,0.54,611,1000,0.010000000000000009,0.3388537988848984,187463,0.6450154580234084
ddqn_original,DDQN,Original,692,251.7999984982397,66.57244873046875,1,0.55,264,456,0.010000000000000009,0.32362578361572925,187919,0.29008975002216175
ddqn_original,DDQN,Original,693,271.22230459764836,66.5892562866211,1,0.56,315,399,0.010000000000000009,0.3389961674697417,188318,0.24448279201169498
ddqn_original,DDQN,Original,694,250.09546931202112,68.34538269042969,1,0.57,340,443,0.010000000000000009,0.32774311954126134,188761,0.2812301249941811
ddqn_original,DDQN,Original,695,249.50809973033077,65.80936431884766,1,0.58,303,441,0.010000000000000009,0.3447955354389285,189202,0.3176374580070842
ddqn_original,DDQN,Original,696,230.5532024124734,66.75756072998047,1,0.59,485,809,0.010000000000000009,0.36611843436993247,190011,0.4852305829990655
ddqn_original,DDQN,Original,697,237.701036361053,67.3145523071289,1,0.6,251,444,0.010000000000000009,0.34453148728756755,190455,0.27426112501416355
ddqn_original,DDQN,Original,698,237.26221774576328,66.5826644897461,1,0.61,271,404,0.010000000000000009,0.3637754502567914,190859,0.24747716702404432
ddqn_original,DDQN,Original,699,241.7882698859315,66.1883544921875,1,0.62,223,306,0.010000000000000009,0.3350621756482748,191165,0.18162270900211297
ddqn_original,DDQN,Original,700,69.97809548194896,63.609039306640625,0,0.62,841,1000,0.010000000000000009,0.3789164434634149,192165,0.611434916005237
ddqn_original,DDQN,Original,701,98.49630550294854,65.62580871582031,0,0.62,757,1000,0.010000000000000009,0.4011140822209418,193165,0.6021699999982957
ddqn_original,DDQN,Original,702,193.37465351790257,65.85050964355469,1,0.63,628,782,0.010000000000000009,0.35095590726493875,193947,0.48239216598449275
ddqn_original,DDQN,Original,703,276.7413512043191,64.23878479003906,1,0.64,216,317,0.010000000000000009,0.33119516274436417,194264,0.20201224999618717
ddqn_original,DDQN,Original,704,262.5125794192818,65.60118865966797,1,0.65,172,272,0.010000000000000009,0.36036998075980914,194536,0.1735252080252394
ddqn_original,DDQN,Original,705,262.8883564267876,65.54596710205078,1,0.66,232,360,0.010000000000000009,0.34636076661861603,194896,0.2532923750113696
ddqn_original,DDQN,Original,706,264.7067974286219,67.20967864990234,1,0.67,361,666,0.010000000000000009,0.3783088258548721,195562,0.4251028750149999
ddqn_original,DDQN,Original,707,224.08065868040444,67.37250518798828,1,0.68,334,471,0.010000000000000009,0.3957630540234395,196033,0.29833812499418855
ddqn_original,DDQN,Original,708,26.02490796450434,67.6843490600586,0,0.68,845,1000,0.010000000000000009,0.3645974233336747,197033,0.6113212080090307
ddqn_original,DDQN,Original,709,276.9969341411131,69.05560302734375,1,0.69,271,448,0.010000000000000009,0.35084783965222804,197481,0.27730970800621435
ddqn_original,DDQN,Original,710,250.68262728164993,68.642578125,1,0.7,429,643,0.010000000000000009,0.34145375430398556,198124,0.4036556249775458
ddqn_original,DDQN,Original,711,211.7434675122841,69.13345336914062,1,0.71,279,412,0.010000000000000009,0.36816350695704225,198536,0.2625801670073997
ddqn_original,DDQN,Original,712,244.9915928734397,68.59872436523438,1,0.72,311,529,0.010000000000000009,0.3337456657707917,199065,0.3178157500224188
ddqn_original,DDQN,Original,713,68.46342667671416,69.09611511230469,0,0.72,751,1000,0.010000000000000009,0.30883671215549113,200065,0.6020211249997374
ddqn_original,DDQN,Original,714,237.2894035542898,68.45785522460938,1,0.73,252,503,0.010000000000000009,0.32620061541468676,200568,0.3210827919829171
ddqn_original,DDQN,Original,715,262.0656403688713,68.81399536132812,1,0.73,145,218,0.010000000000000009,0.38411805341276556,200786,0.13260599999921396
ddqn_original,DDQN,Original,716,272.43429870457976,68.96823120117188,1,0.73,239,433,0.010000000000000009,0.32441252993966085,201219,0.2777170409972314
ddqn_original,DDQN,Original,717,215.2558204653722,68.50260925292969,1,0.73,424,600,0.010000000000000009,0.3145061760209501,201819,0.3632391660066787
ddqn_original,DDQN,Original,718,279.99210255211773,70.79266357421875,1,0.73,296,507,0.010000000000000009,0.3378276365939564,202326,0.31250137501046993
ddqn_original,DDQN,Original,719,236.44334073147448,71.021484375,1,0.73,276,465,0.010000000000000009,0.3447036481672718,202791,0.27335091700660996
ddqn_original,DDQN,Original,720,262.656866926986,70.33790588378906,1,0.74,239,357,0.010000000000000009,0.33257979014757966,203148,0.21376016701105982
ddqn_original,DDQN,Original,721,265.86044595299387,70.73785400390625,1,0.75,308,471,0.010000000000000009,0.3397270035069839,203619,0.29729154202505015
ddqn_original,DDQN,Original,722,270.8596046929857,70.34053039550781,1,0.75,121,232,0.010000000000000009,0.36756960845327585,203851,0.1444410840049386
ddqn_original,DDQN,Original,723,155.12894739462786,69.46896362304688,0,0.74,495,1000,0.010000000000000009,0.354663545422256,204851,0.6042924160137773
ddqn_original,DDQN,Original,724,174.6414772343472,69.52742767333984,0,0.73,442,1000,0.010000000000000009,0.3329969892241061,205851,0.60125245800009
ddqn_original,DDQN,Original,725,270.5900566753238,69.10687255859375,1,0.73,329,639,0.010000000000000009,0.35442421977672034,206490,0.3792937499820255
ddqn_original,DDQN,Original,726,259.5086235478374,69.30342864990234,1,0.73,100,180,0.010000000000000009,0.3086458119460278,206670,0.11017733300104737
ddqn_original,DDQN,Original,727,291.7630791662225,68.65184020996094,1,0.73,212,292,0.010000000000000009,0.34741755289165943,206962,0.22206862500752322
ddqn_original,DDQN,Original,728,241.3705880247906,69.8418197631836,1,0.74,342,593,0.010000000000000009,0.3614834181361315,207555,0.3905927080195397
ddqn_original,DDQN,Original,729,151.32597284847736,68.6265869140625,0,0.73,617,1000,0.010000000000000009,0.35703670569136736,208555,0.6752378329983912
ddqn_original,DDQN,Original,730,249.76996930705184,71.64165496826172,1,0.73,418,968,0.010000000000000009,0.34137956083228826,209523,0.5982731670083012
ddqn_original,DDQN,Original,731,262.45938724473416,71.63556671142578,1,0.74,224,457,0.010000000000000009,0.33423443141044884,209980,0.2773327080067247
ddqn_original,DDQN,Original,732,264.9529619743946,69.40206909179688,1,0.74,164,297,0.010000000000000009,0.38264810613761047,210277,0.18054683299851604
ddqn_original,DDQN,Original,733,291.7264499264144,68.42369079589844,1,0.74,408,803,0.010000000000000009,0.3519355399884367,211080,0.48614724999060854
ddqn_original,DDQN,Original,734,285.9819767803792,69.73249053955078,1,0.74,165,275,0.010000000000000009,0.4044266498766162,211355,0.1685521670151502
ddqn_original,DDQN,Original,735,286.8015806360182,69.62855529785156,1,0.74,187,324,0.010000000000000009,0.3495731660981237,211679,0.21908995800185949
ddqn_original,DDQN,Original,736,271.30361698367614,73.29254150390625,1,0.74,258,450,0.010000000000000009,0.34438602696690296,212129,0.3220609159907326
ddqn_original,DDQN,Original,737,257.75338309451,72.71956634521484,1,0.74,288,394,0.010000000000000009,0.38581700889667886,212523,0.25731608297792263
ddqn_original,DDQN,Original,738,285.1424040393875,71.55184936523438,1,0.74,188,362,0.010000000000000009,0.40916042708025124,212885,0.2557108750042971
ddqn_original,DDQN,Original,739,54.2278898157621,71.87318420410156,0,0.73,177,223,0.010000000000000009,0.3544158479324103,213108,0.14416129101300612
ddqn_original,DDQN,Original,740,259.58413865978923,74.50473022460938,1,0.73,250,452,0.010000000000000009,0.3893071321885934,213560,0.29115029200329445
ddqn_original,DDQN,Original,741,56.922138482522826,73.9915542602539,0,0.72,150,182,0.010000000000000009,0.42651264801375816,213742,0.1452608749968931
ddqn_original,DDQN,Original,742,304.18056884617056,74.28748321533203,1,0.72,224,371,0.010000000000000009,0.3666028466045535,214113,0.3124039999966044
ddqn_original,DDQN,Original,743,272.0145458419522,76.47999572753906,1,0.72,228,351,0.010000000000000009,0.35350780604019805,214464,0.27178458400885575
ddqn_original,DDQN,Original,744,284.3418751485084,75.41427612304688,1,0.73,146,275,0.010000000000000009,0.37989645619284024,214739,0.21847670801798813
ddqn_original,DDQN,Original,745,36.796975289557395,76.75588989257812,0,0.73,97,147,0.010000000000000009,0.4586102558540649,214886,0.11184441699879244
ddqn_original,DDQN,Original,746,268.40647890854984,74.56582641601562,1,0.73,202,292,0.010000000000000009,0.41955767938076227,215178,0.21431712500634603
ddqn_original,DDQN,Original,747,267.5757085133571,74.32553100585938,1,0.73,217,322,0.010000000000000009,0.3194495246670446,215500,0.22370416700141504
ddqn_original,DDQN,Original,748,258.64080634159603,76.34382629394531,1,0.73,559,739,0.010000000000000009,0.43133574922308227,216239,0.44695316700381227
ddqn_original,DDQN,Original,749,120.0153043811169,78.62632751464844,0,0.72,961,1000,0.010000000000000009,0.3951249361000955,217239,0.6245655410166364
ddqn_original,DDQN,Original,750,289.62479145486367,79.62445831298828,0,0.71,305,487,0.010000000000000009,0.36182282217137623,217726,0.2846700000227429
ddqn_original,DDQN,Original,751,191.84313015234378,77.64259338378906,0,0.7,543,1000,0.010000000000000009,0.37739599447324873,218726,0.6075721670058556
ddqn_original,DDQN,Original,752,257.06911879195127,77.5301284790039,1,0.71,192,368,0.010000000000000009,0.34184718103674444,219094,0.22910083300666884
ddqn_original,DDQN,Original,753,304.2674991163665,78.49756622314453,1,0.72,271,481,0.010000000000000009,0.35228635555059645,219575,0.31189104198710993
ddqn_original,DDQN,Original,754,134.2732009597153,81.99768829345703,0,0.72,755,1000,0.010000000000000009,0.41083859848976134,220575,0.618082625005627
ddqn_original,DDQN,Original,755,295.81199567305833,83.33346557617188,1,0.72,197,332,0.010000000000000009,0.375906845027334,220907,0.2037407500029076
ddqn_original,DDQN,Original,756,299.58864345231234,81.73529815673828,1,0.73,164,274,0.010000000000000009,0.3831544232140057,221181,0.21592433398473077
ddqn_original,DDQN,Original,757,285.818507643347,81.82632446289062,1,0.73,273,333,0.010000000000000009,0.37621243369650914,221514,0.20048308299737982
ddqn_original,DDQN,Original,758,267.59305008401094,80.76637268066406,1,0.74,383,555,0.010000000000000009,0.3895878246104395,222069,0.3310102089890279
ddqn_original,DDQN,Original,759,276.13489809665884,82.79824829101562,1,0.74,266,367,0.010000000000000009,0.4024669909976646,222436,0.21532841701991856
ddqn_original,DDQN,Original,760,290.45482838459037,79.48072052001953,1,0.74,117,199,0.010000000000000009,0.4328361000472577,222635,0.1177839580050204
ddqn_original,DDQN,Original,761,279.2758578300645,80.30428314208984,0,0.74,333,364,0.010000000000000009,0.388076928290692,222999,0.23292454198235646
ddqn_original,DDQN,Original,762,289.2589974098727,80.75663757324219,0,0.74,439,493,0.010000000000000009,0.4101461302375697,223492,0.30147833400405943
ddqn_original,DDQN,Original,763,249.37190869785692,79.86493682861328,1,0.75,265,476,0.010000000000000009,0.4263735353524069,223968,0.29371195801650174
ddqn_original,DDQN,Original,764,260.4152282647286,81.5216064453125,1,0.76,226,400,0.010000000000000009,0.44099269598722457,224368,0.2397153329802677
ddqn_original,DDQN,Original,765,257.91399290977563,80.74951171875,1,0.76,205,293,0.010000000000000009,0.4197172684779346,224661,0.17944099998567253
ddqn_original,DDQN,Original,766,257.7672330216816,81.96373748779297,1,0.77,252,413,0.010000000000000009,0.4102868616544883,225074,0.24678804198629223
ddqn_original,DDQN,Original,767,291.4424561551337,83.19709777832031,1,0.77,255,422,0.010000000000000009,0.42410252138230753,225496,0.258407499990426
ddqn_original,DDQN,Original,768,181.33534763273948,83.06880187988281,0,0.76,498,1000,0.010000000000000009,0.43074109790846704,226496,0.6223837920115329
ddqn_original,DDQN,Original,769,29.81337620938268,84.83811950683594,1,0.77,84,117,0.010000000000000009,0.49975549642983663,226613,0.0695589579991065
ddqn_original,DDQN,Original,770,269.7279628772927,84.43896484375,1,0.77,445,913,0.010000000000000009,0.45634146770799017,227526,0.5721638750110287
ddqn_original,DDQN,Original,771,31.258194622286965,84.66995239257812,0,0.76,90,103,0.010000000000000009,0.3457797129177353,227629,0.06307883400586434
ddqn_original,DDQN,Original,772,245.98440246681005,85.57667541503906,1,0.76,203,395,0.010000000000000009,0.43317130127850967,228024,0.24021995899965987
ddqn_original,DDQN,Original,773,265.51463196176917,84.47369384765625,1,0.76,298,515,0.010000000000000009,0.436458189047656,228539,0.31777158298064023
ddqn_original,DDQN,Original,774,241.79043837923038,85.18314361572266,0,0.76,220,226,0.010000000000000009,0.4322311892709901,228765,0.14455145798274316
ddqn_original,DDQN,Original,775,289.5673589026976,84.36772918701172,1,0.77,184,266,0.010000000000000009,0.4790416994601264,229031,0.17806541701429524
ddqn_original,DDQN,Original,776,64.4622796699083,84.32442474365234,0,0.76,99,125,0.010000000000000009,0.4239738590121269,229156,0.07768245800980367
ddqn_original,DDQN,Original,777,-100.08472026637469,84.73483276367188,0,0.75,338,425,0.010000000000000009,0.40398804466514027,229581,0.25612808400182985
ddqn_original,DDQN,Original,778,281.3837116836959,83.15080261230469,1,0.75,178,246,0.010000000000000009,0.41225892040363654,229827,0.14718854197417386
ddqn_original,DDQN,Original,779,252.32931375460817,84.16445922851562,1,0.75,172,260,0.010000000000000009,0.4512758299851647,230087,0.15645987499738112
ddqn_original,DDQN,Original,780,270.0219261852789,83.63436889648438,1,0.75,166,285,0.010000000000000009,0.46236558440223074,230372,0.1805233340128325
ddqn_original,DDQN,Original,781,237.57114474866174,84.43034362792969,1,0.76,341,772,0.010000000000000009,0.44987183356647975,231144,0.4903718330024276
ddqn_original,DDQN,Original,782,25.509762563612938,83.20901489257812,0,0.75,93,125,0.010000000000000009,0.40695654633641243,231269,0.08129262499278411
ddqn_original,DDQN,Original,783,289.5357836244372,83.54256439208984,1,0.75,151,217,0.010000000000000009,0.43207455148345314,231486,0.14266924999537878
ddqn_original,DDQN,Original,784,275.97786374393655,84.43010711669922,1,0.75,207,365,0.010000000000000009,0.4230778723342778,231851,0.25624054099898785
ddqn_original,DDQN,Original,785,79.09674300813973,82.19153594970703,0,0.75,748,1000,0.010000000000000009,0.4396702996753156,232851,0.6813373339828104
ddqn_original,DDQN,Original,786,275.0026882944538,83.57223510742188,1,0.75,226,499,0.010000000000000009,0.44362523493343936,233350,0.3082395829842426
ddqn_original,DDQN,Original,787,292.4495663314507,84.77023315429688,1,0.76,368,813,0.010000000000000009,0.4780754955923059,234163,0.49526391600375064
ddqn_original,DDQN,Original,788,-130.17408157972267,82.45091247558594,0,0.75,720,1000,0.010000000000000009,0.4281365857608616,235163,0.6110354999837
ddqn_original,DDQN,Original,789,268.88153877553697,82.74388122558594,1,0.75,161,229,0.010000000000000009,0.37259192287303733,235392,0.1392547500145156
ddqn_original,DDQN,Original,790,290.7509000778084,82.80570983886719,1,0.75,171,286,0.010000000000000009,0.4163995142895859,235678,0.1758392080082558
ddqn_original,DDQN,Original,791,266.6309228962742,81.87617492675781,1,0.76,376,705,0.010000000000000009,0.4233244778786568,236383,0.43099125000298955
ddqn_original,DDQN,Original,792,302.79549696119824,83.00981903076172,1,0.76,241,350,0.010000000000000009,0.43548533698277814,236733,0.21622816700255498
ddqn_original,DDQN,Original,793,302.943415527987,81.78180694580078,0,0.75,142,203,0.010000000000000009,0.49460524692213886,236936,0.13013258299906738
ddqn_original,DDQN,Original,794,236.8678801219867,80.57493591308594,0,0.74,219,255,0.010000000000000009,0.48897501043244906,237191,0.15430270897923037
ddqn_original,DDQN,Original,795,239.11724689879273,82.76213073730469,1,0.74,655,843,0.010000000000000009,0.4053011385111905,238034,0.5115403329837136
ddqn_original,DDQN,Original,796,48.493580793870024,81.59834289550781,0,0.73,108,132,0.010000000000000009,0.5716250676831062,238166,0.08503970800666139
ddqn_original,DDQN,Original,797,254.5135075673143,80.6392822265625,1,0.73,227,264,0.010000000000000009,0.46372047975433595,238430,0.15831170801538974
ddqn_original,DDQN,Original,798,-56.465945437645594,80.27570343017578,0,0.72,673,1000,0.010000000000000009,0.46256572431325915,239430,0.6012592500192113
ddqn_original,DDQN,Original,799,51.85166151391172,81.21125793457031,0,0.71,142,167,0.010000000000000009,0.46942862917384703,239597,0.10109350000857376
ddqn_original,DDQN,Original,800,23.810784010310016,80.51420593261719,0,0.71,92,100,0.010000000000000009,0.4873926243558526,239697,0.05973441698006354
