experiment,algorithm,environment,episode,episode_reward,average_predicted_q,successful_landing,success_rate_100,thruster_activations,episode_steps,epsilon,mean_loss,global_step,episode_seconds
dqn_modified,DQN,Modified,1,-157.38704460207737,0.23927843570709229,0,0.0,46,65,0.9993565,,65,0.002498542016837746
dqn_modified,DQN,Modified,2,-552.7499898132546,0.23927843570709229,0,0.0,71,98,0.9983863,,163,0.003447291994234547
dqn_modified,DQN,Modified,3,-178.53059446485923,0.23927843570709229,0,0.0,96,115,0.9972478,,278,0.0036867499875370413
dqn_modified,DQN,Modified,4,-185.83267658493395,0.23927843570709229,0,0.0,68,84,0.9964162,,362,0.0028420409944374114
dqn_modified,DQN,Modified,5,-340.4789498919425,0.23927843570709229,0,0.0,84,115,0.9952777,,477,0.003541542013408616
dqn_modified,DQN,Modified,6,-250.5570431686681,0.23927843570709229,0,0.0,77,104,0.9942481,,581,0.003082374983932823
dqn_modified,DQN,Modified,7,-214.43848860135017,0.23927843570709229,0,0.0,55,75,0.9935056,,656,0.002337499987334013
dqn_modified,DQN,Modified,8,-338.1222313021237,0.23927843570709229,0,0.0,51,68,0.9928324,,724,0.002578500017989427
dqn_modified,DQN,Modified,9,-470.2569926603904,0.23927843570709229,0,0.0,78,104,0.9918028,,828,0.0031547500111628324
dqn_modified,DQN,Modified,10,-375.5684717592306,0.23927843570709229,0,0.0,99,129,0.9905257,,957,0.00392587497481145
dqn_modified,DQN,Modified,11,-83.39365626302387,-0.04803473502397537,0,0.0,43,60,0.9899317,3.119373749284183,1017,0.011429667007178068
dqn_modified,DQN,Modified,12,-167.2617331505632,-1.0672155618667603,0,0.0,60,77,0.9891694,2.2963856156770284,1094,0.054229708010097966
dqn_modified,DQN,Modified,13,-136.94383404063248,-0.907017707824707,0,0.0,67,84,0.9883378,1.963780744799546,1178,0.047487208008533344
dqn_modified,DQN,Modified,14,-113.78039685775951,-0.7356089353561401,0,0.0,62,90,0.9874468,1.7297123422225316,1268,0.04714762500952929
dqn_modified,DQN,Modified,15,-342.8823064301972,-0.4460088312625885,0,0.0,83,117,0.9862885,1.8609508431365347,1385,0.06036454197601415
dqn_modified,DQN,Modified,16,-132.39635654138945,-0.11873079091310501,0,0.0,60,76,0.9855361,1.3348926266557293,1461,0.039532374998088926
dqn_modified,DQN,Modified,17,-284.18444123613494,-0.4044143855571747,0,0.0,67,95,0.9845956,1.544254113498487,1556,0.048561417002929375
dqn_modified,DQN,Modified,18,-184.69843557555913,-0.35634151101112366,0,0.0,79,94,0.983665,1.344848577329453,1650,0.048926791991107166
dqn_modified,DQN,Modified,19,-113.5988774947181,-0.11634889990091324,0,0.0,66,93,0.9827443,1.3036316540292514,1743,0.05030620802426711
dqn_modified,DQN,Modified,20,-123.19221425452128,-0.2668216824531555,0,0.0,52,63,0.9821206,1.606082495006304,1806,0.0345748330000788
dqn_modified,DQN,Modified,21,-215.89077205795746,0.001550678163766861,0,0.0,54,71,0.9814177,1.6428485067797378,1877,0.038060582999605685
dqn_modified,DQN,Modified,22,-136.97884457409918,-0.05947206914424896,0,0.0,69,91,0.9805168,1.317077725143223,1968,0.050639749999390915
dqn_modified,DQN,Modified,23,2.9372692245046608,-0.2153782993555069,0,0.0,65,85,0.9796753,1.6374019805122824,2053,0.04382333401008509
dqn_modified,DQN,Modified,24,-138.48317598245674,-0.023026006296277046,0,0.0,55,75,0.9789328,1.4909152511755626,2128,0.04000295899459161
dqn_modified,DQN,Modified,25,-76.13705704206322,0.1310460865497589,1,0.04,65,84,0.9781012,1.3523569603761036,2212,0.046809624996967614
dqn_modified,DQN,Modified,26,-89.23563404110484,0.1940845251083374,0,0.038461538461538464,61,75,0.9773587,1.4058333388964335,2287,0.039569374988786876
dqn_modified,DQN,Modified,27,-298.1540211602038,-0.23966890573501587,0,0.037037037037037035,65,83,0.976537,1.3509293254240449,2370,0.0429538749740459
dqn_modified,DQN,Modified,28,-255.66756778916226,0.06436742097139359,0,0.03571428571428571,80,105,0.9754975,1.5207479482605344,2475,0.055187291000038385
dqn_modified,DQN,Modified,29,-94.10501770279066,0.118655264377594,0,0.034482758620689655,41,58,0.9749233,1.6450143626023983,2533,0.033203083992702886
dqn_modified,DQN,Modified,30,-314.7207084122174,0.2874487042427063,0,0.03333333333333333,59,80,0.9741313,1.4705315072089433,2613,0.04369850002694875
dqn_modified,DQN,Modified,31,-193.57221104646038,0.4021931290626526,0,0.03225806451612903,98,131,0.9728344,1.1316526109025677,2744,0.0712874169985298
dqn_modified,DQN,Modified,32,-87.14121513088308,0.14604686200618744,0,0.03125,58,74,0.9721018,1.6322649157530553,2818,0.039452166005503386
dqn_modified,DQN,Modified,33,-197.42888928933445,0.26442575454711914,0,0.030303030303030304,94,121,0.9709039,1.4305959688730476,2939,0.06206120800925419
dqn_modified,DQN,Modified,34,-247.58924209909446,0.010165702551603317,0,0.029411764705882353,81,104,0.9698743,1.3232770469039679,3043,0.05565808399114758
dqn_modified,DQN,Modified,35,-185.93884679127927,0.17587628960609436,0,0.02857142857142857,73,103,0.9688546,1.4622212006050406,3146,0.05334924999624491
dqn_modified,DQN,Modified,36,-176.3051891999762,0.08084796369075775,0,0.027777777777777776,86,114,0.967726,1.3615748977713418,3260,0.059470375010278076
dqn_modified,DQN,Modified,37,-126.88660964578558,0.09784092009067535,0,0.02702702702702703,47,60,0.967132,1.3068028315901756,3320,0.031715999997686595
dqn_modified,DQN,Modified,38,-132.22697667231904,0.42599451541900635,0,0.02631578947368421,59,77,0.9663697,1.4502354258453691,3397,0.03825645902543329
dqn_modified,DQN,Modified,39,-123.43086893035004,0.19115564227104187,0,0.02564102564102564,60,77,0.9656074,1.2017473160446464,3474,0.04070862499065697
dqn_modified,DQN,Modified,40,-192.81688053704045,0.4860248863697052,0,0.025,104,123,0.9643897,1.5241909975685723,3597,0.07608183298725635
dqn_modified,DQN,Modified,41,-85.04589158448037,0.5015597343444824,0,0.024390243902439025,96,127,0.9631324,1.3435748373194942,3724,0.0669810840045102
dqn_modified,DQN,Modified,42,-170.88517166693572,0.49246838688850403,0,0.023809523809523808,56,74,0.9623998,1.3030256649126877,3798,0.04187350001302548
dqn_modified,DQN,Modified,43,-216.24911516573889,0.591813862323761,0,0.023255813953488372,83,112,0.961291,1.2404577697494201,3910,0.06269391599926166
dqn_modified,DQN,Modified,44,-179.61050230584152,0.6666672229766846,0,0.022727272727272728,72,101,0.9602911,1.4389761965168584,4011,0.05330783300451003
dqn_modified,DQN,Modified,45,-128.2999777145552,0.531160831451416,0,0.022222222222222223,48,66,0.9596377,1.5978922717499011,4077,0.03675258398288861
dqn_modified,DQN,Modified,46,-195.03969330683987,0.6070876121520996,0,0.021739130434782608,67,84,0.9588061,1.2897478547834216,4161,0.04546766701969318
dqn_modified,DQN,Modified,47,-155.75846985848028,0.4634245038032532,0,0.02127659574468085,75,93,0.9578854,1.494224206093819,4254,0.049897916993359104
dqn_modified,DQN,Modified,48,-126.54698794888179,0.44237664341926575,0,0.020833333333333332,67,91,0.9569845,1.351226915533726,4345,0.05067795800277963
dqn_modified,DQN,Modified,49,-160.44645297263673,0.4428345561027527,0,0.02040816326530612,83,97,0.9560242,1.3428138938454008,4442,0.053088834014488384
dqn_modified,DQN,Modified,50,1.2010851249472552,0.5568975806236267,0,0.02,68,82,0.9552124,1.3880059495568275,4524,0.04605516602168791
dqn_modified,DQN,Modified,51,-201.0754131399906,0.8912590742111206,0,0.0196078431372549,76,96,0.9542619999999999,1.5238471776247025,4620,0.05169062499771826
dqn_modified,DQN,Modified,52,-57.63335318924973,0.8546571731567383,0,0.019230769230769232,86,120,0.953074,1.371739493558804,4740,0.06728916699648835
dqn_modified,DQN,Modified,53,-487.8124204354106,0.6968483924865723,0,0.018867924528301886,72,90,0.952183,1.5147704689039125,4830,0.050921999994898215
dqn_modified,DQN,Modified,54,-78.98629312842647,0.8978782296180725,0,0.018518518518518517,51,68,0.9515098,1.447801373898983,4898,0.03835554199758917
dqn_modified,DQN,Modified,55,-145.32316937932316,0.547738254070282,0,0.01818181818181818,57,77,0.9507475,1.5648735661011237,4975,0.04181545801111497
dqn_modified,DQN,Modified,56,-128.75470254771184,1.1345900297164917,0,0.017857142857142856,76,103,0.9497278,1.4575144038038346,5078,0.05570774999796413
dqn_modified,DQN,Modified,57,-47.84282268952161,0.9707103371620178,0,0.017543859649122806,54,71,0.9490249,1.3828882868860808,5149,0.03658233300666325
dqn_modified,DQN,Modified,58,-112.65942466706632,1.0001213550567627,0,0.017241379310344827,90,122,0.9478171,1.6446897460788976,5271,0.0636600419820752
dqn_modified,DQN,Modified,59,-216.82663449214,1.059058427810669,0,0.01694915254237288,65,85,0.9469756,1.5388035479713889,5356,0.04618329199729487
dqn_modified,DQN,Modified,60,-155.76078846575172,1.180885672569275,0,0.016666666666666666,74,101,0.9459757,1.5976698478259663,5457,0.0528210409975145
dqn_modified,DQN,Modified,61,-153.00098689971196,0.9438013434410095,0,0.01639344262295082,54,71,0.9452728,1.3823466002941132,5528,0.039182833017548546
dqn_modified,DQN,Modified,62,-136.62219088777758,1.1593273878097534,0,0.016129032258064516,48,68,0.9445996,1.6710505292696112,5596,0.03725991700775921
dqn_modified,DQN,Modified,63,-262.9576783004846,1.636600375175476,0,0.015873015873015872,73,104,0.94357,1.4700138537356486,5700,0.0578647080110386
dqn_modified,DQN,Modified,64,-273.6472563939718,1.2365350723266602,0,0.015625,77,98,0.9425998,1.5566103251612917,5798,0.053788916004123166
dqn_modified,DQN,Modified,65,-180.9504947886892,1.243532657623291,0,0.015384615384615385,64,91,0.9416989,1.4502518206507296,5889,0.05029800001648255
dqn_modified,DQN,Modified,66,-178.34795562397312,1.0235786437988281,0,0.015151515151515152,54,72,0.9409861,1.4474509211464062,5961,0.046146791020873934
dqn_modified,DQN,Modified,67,-230.33612274061534,1.7914142608642578,0,0.014925373134328358,57,83,0.9401644,1.8940488286765225,6044,0.04650141700403765
dqn_modified,DQN,Modified,68,-144.67643336825358,1.5054690837860107,0,0.014705882352941176,69,86,0.939313,1.5249055083407912,6130,0.04732933398918249
dqn_modified,DQN,Modified,69,-148.04720997117118,1.723975658416748,0,0.014492753623188406,85,110,0.938224,1.5528768683021719,6240,0.06115054202382453
dqn_modified,DQN,Modified,70,-211.09132981032826,1.8857613801956177,0,0.014285714285714285,71,101,0.9372241,1.3317793917537917,6341,0.055411834007827565
dqn_modified,DQN,Modified,71,-106.75143283383238,1.6770682334899902,0,0.014084507042253521,78,110,0.9361351,1.6223896129564805,6451,0.06917816700297408
dqn_modified,DQN,Modified,72,-75.88296381596345,1.9408470392227173,0,0.013888888888888888,81,110,0.9350461,1.611472241174091,6561,0.060516416997415945
dqn_modified,DQN,Modified,73,-250.54540177695657,1.9426733255386353,0,0.0136986301369863,67,79,0.934264,1.4352312657652022,6640,0.04057937499601394
dqn_modified,DQN,Modified,74,-98.60006162587656,1.8695635795593262,0,0.013513513513513514,45,67,0.9336007,1.5892388980780074,6707,0.03560512498370372
dqn_modified,DQN,Modified,75,-146.43546657414228,2.279592990875244,0,0.013333333333333334,49,63,0.932977,1.3952407550717156,6770,0.033204416977241635
dqn_modified,DQN,Modified,76,-239.07195813105676,2.0932469367980957,0,0.013157894736842105,54,81,0.9321751,1.5387935752486006,6851,0.042671125003835186
dqn_modified,DQN,Modified,77,-214.44334264073547,2.059936761856079,0,0.012987012987012988,74,92,0.9312643,1.5777937309897465,6943,0.05188508302671835
dqn_modified,DQN,Modified,78,-100.00069148140788,1.893333911895752,0,0.01282051282051282,61,81,0.9304624,1.5889425566534938,7024,0.04793537501245737
dqn_modified,DQN,Modified,79,-101.98485475812882,2.475358009338379,0,0.012658227848101266,46,64,0.9298288,1.5740956324152648,7088,0.03584975001285784
dqn_modified,DQN,Modified,80,-105.38014611174563,2.396653175354004,0,0.0125,55,78,0.9290566,1.5487608907696528,7166,0.041803875006735325
dqn_modified,DQN,Modified,81,-113.86213276350688,2.368699073791504,0,0.012345679012345678,48,60,0.9284626,1.8011233655114969,7226,0.03288616699865088
dqn_modified,DQN,Modified,82,-143.94128874431624,2.275813102722168,0,0.012195121951219513,101,133,0.9271459,1.4522933227227146,7359,0.07154545799130574
dqn_modified,DQN,Modified,83,-106.02594610898501,2.408511161804199,0,0.012048192771084338,58,74,0.9264133,1.5014872704003308,7433,0.04161775001557544
dqn_modified,DQN,Modified,84,-338.1742002999732,2.3935461044311523,0,0.011904761904761904,81,104,0.9253837,1.5023455708645856,7537,0.05760629099677317
dqn_modified,DQN,Modified,85,-147.52378563228243,2.403735637664795,0,0.011764705882352941,73,98,0.9244135,1.6824550926685333,7635,0.05320108399610035
dqn_modified,DQN,Modified,86,-123.41429695127901,2.533182382583618,0,0.011627906976744186,72,89,0.9235324,1.5478930697682198,7724,0.04689920900273137
dqn_modified,DQN,Modified,87,-141.67766103314523,2.719417095184326,0,0.011494252873563218,83,97,0.9225721,1.6805703592361863,7821,0.05402254199725576
dqn_modified,DQN,Modified,88,-124.28597681472576,2.5346336364746094,0,0.011363636363636364,50,64,0.9219385,1.5350918220356107,7885,0.03734370801248588
dqn_modified,DQN,Modified,89,-180.29636843631167,2.262350559234619,0,0.011235955056179775,49,62,0.9213247,1.652644138182363,7947,0.04467333300272003
dqn_modified,DQN,Modified,90,-172.06522788532897,2.7559967041015625,0,0.011111111111111112,73,87,0.9204634,1.9041713058263405,8034,0.04893587500555441
dqn_modified,DQN,Modified,91,-160.63807453831532,2.4376819133758545,0,0.01098901098901099,82,104,0.9194338,1.5003481465750015,8138,0.05738316700444557
dqn_modified,DQN,Modified,92,-156.6082985792467,2.0366640090942383,0,0.010869565217391304,61,78,0.9186616,1.5468115351903133,8216,0.0455646250047721
dqn_modified,DQN,Modified,93,-180.09611251778668,2.5289602279663086,0,0.010752688172043012,82,105,0.9176221,1.5933221544538225,8321,0.05905862501822412
dqn_modified,DQN,Modified,94,-93.3380190750371,2.0559680461883545,0,0.010638297872340425,89,115,0.9164836,1.5238185320211493,8436,0.060571207985049114
dqn_modified,DQN,Modified,95,-118.33290145951564,2.35219669342041,0,0.010526315789473684,78,103,0.9154639,1.577405545896697,8539,0.054725499998312443
dqn_modified,DQN,Modified,96,-112.86153791026719,2.505646228790283,0,0.010416666666666666,75,108,0.9143947,1.6735436610049672,8647,0.05953491700347513
dqn_modified,DQN,Modified,97,-126.48115650308156,2.551504611968994,0,0.010309278350515464,84,101,0.9133948,1.5414154010243935,8748,0.059239832975436
dqn_modified,DQN,Modified,98,-34.56941696770366,2.274388551712036,0,0.01020408163265306,68,86,0.9125434,1.3994963262663331,8834,0.05980204200022854
dqn_modified,DQN,Modified,99,-89.68553410504187,2.4068546295166016,0,0.010101010101010102,48,61,0.9119395,1.7073503605654983,8895,0.04653816600330174
dqn_modified,DQN,Modified,100,-169.73858290713886,3.0386619567871094,0,0.01,88,119,0.9107613999999999,1.4011547720732809,9014,0.07822408399078995
dqn_modified,DQN,Modified,101,-120.36222398792022,2.7516887187957764,0,0.01,54,67,0.9100981,1.7520776342100173,9081,0.039050749997841194
dqn_modified,DQN,Modified,102,-93.56199363066744,3.238675832748413,0,0.01,79,97,0.9091378,1.5662669352034932,9178,0.06431137499748729
dqn_modified,DQN,Modified,103,-132.94735926124395,2.914635419845581,0,0.01,73,94,0.9082072,1.645068313213105,9272,0.06453295800019987
dqn_modified,DQN,Modified,104,-74.06017647936625,3.3632609844207764,0,0.01,51,67,0.9075439,1.5832948840376158,9339,0.04576866599381901
dqn_modified,DQN,Modified,105,-228.66506450623416,3.2576215267181396,0,0.01,97,126,0.9062965000000001,1.648738709943635,9465,0.07989095800439827
dqn_modified,DQN,Modified,106,-143.30939531225857,2.780264377593994,0,0.01,74,96,0.9053461,1.4747287221252918,9561,0.061301999987335876
dqn_modified,DQN,Modified,107,-98.4164831533613,3.741896152496338,0,0.01,51,64,0.9047125,1.8516579354181886,9625,0.04549525000038557
dqn_modified,DQN,Modified,108,-119.82225864373237,3.541064977645874,0,0.01,65,84,0.9038809,1.76431939608994,9709,0.0779093750170432
dqn_modified,DQN,Modified,109,-115.85812891407511,3.0719857215881348,0,0.01,121,150,0.9023959,1.807868139843146,9859,0.1088514160073828
dqn_modified,DQN,Modified,110,-195.71039626119008,2.9865903854370117,0,0.01,75,92,0.9014851,1.7422244412743526,9951,0.053822125017177314
dqn_modified,DQN,Modified,111,-83.65701312895621,3.554676055908203,0,0.01,48,60,0.9008911,1.95914572228988,10011,0.040087625005980954
dqn_modified,DQN,Modified,112,-254.5821661286655,3.6155471801757812,0,0.01,79,104,0.8998615,1.6100587429335484,10115,0.061875624989625067
dqn_modified,DQN,Modified,113,-86.88263523836137,3.433432102203369,0,0.01,64,79,0.8990794,1.526182183547865,10194,0.047873540985165164
dqn_modified,DQN,Modified,114,-141.45805109020887,3.5118508338928223,0,0.01,92,109,0.8980003,1.436693156257682,10303,0.06521375000011176
dqn_modified,DQN,Modified,115,-148.01642507992688,3.646153211593628,0,0.01,83,95,0.8970598,1.6035334571411735,10398,0.06720929199946113
dqn_modified,DQN,Modified,116,-217.69496285746362,3.662099599838257,0,0.01,92,117,0.8959015,1.6555698012184894,10515,0.07917875002021901
dqn_modified,DQN,Modified,117,-193.67270381512876,4.346261024475098,0,0.01,67,80,0.8951095,1.831648536399007,10595,0.06443033300456591
dqn_modified,DQN,Modified,118,-141.15771472390907,3.671914577484131,0,0.01,66,85,0.894268,1.7033957092201009,10680,0.06312004098435864
dqn_modified,DQN,Modified,119,-163.2494351251491,3.859140157699585,0,0.01,63,85,0.8934265,1.7150700541103587,10765,0.057473915978334844
dqn_modified,DQN,Modified,120,-166.25418551035744,3.9788215160369873,0,0.01,76,97,0.8924662,1.9194753858232008,10862,0.06517325001186691
dqn_modified,DQN,Modified,121,-115.48382537979742,3.414088726043701,0,0.01,45,58,0.891892,1.6507290067343876,10920,0.03896229199017398
dqn_modified,DQN,Modified,122,-151.71985762769344,3.1870105266571045,0,0.01,115,135,0.8905555,1.7999047297018547,11055,0.08842804198502563
dqn_modified,DQN,Modified,123,-139.69460046214616,3.4293129444122314,0,0.01,52,64,0.8899219,1.5256599462591112,11119,0.04543133400147781
dqn_modified,DQN,Modified,124,-98.62867675407462,3.466045379638672,0,0.01,54,66,0.8892685,1.7246467258894083,11185,0.03836704199784435
dqn_modified,DQN,Modified,125,-110.11822506898514,3.5276947021484375,0,0.0,59,82,0.8884567,1.7892688073036147,11267,0.050184041989268735
dqn_modified,DQN,Modified,126,-309.72898050489266,3.6718053817749023,0,0.0,98,126,0.8872093,1.7049257483274218,11393,0.086096874991199
dqn_modified,DQN,Modified,127,-68.76484226641253,2.9627060890197754,0,0.0,102,129,0.8859322000000001,1.816134935894678,11522,0.09066737498505972
dqn_modified,DQN,Modified,128,-164.33233079241626,3.306386947631836,0,0.0,68,91,0.8850313,1.681684123290764,11613,0.06862291597644798
dqn_modified,DQN,Modified,129,-151.64243940046643,2.959275007247925,0,0.0,80,97,0.884071,1.6797754567923004,11710,0.07516999999643303
dqn_modified,DQN,Modified,130,-135.22943750805044,3.0221786499023438,0,0.0,75,92,0.8831602000000001,1.6056942625538162,11802,0.06440541701158509
dqn_modified,DQN,Modified,131,-148.93688333015402,2.8305368423461914,0,0.0,65,86,0.8823088,2.013580144144768,11888,0.057555792009225115
dqn_modified,DQN,Modified,132,-352.97082787645695,3.1307239532470703,0,0.0,83,108,0.8812396,1.4650605425790504,11996,0.08506858398322947
dqn_modified,DQN,Modified,133,-119.35641827483084,3.0300564765930176,0,0.0,61,74,0.880507,1.7980343224229038,12070,0.05480516600073315
dqn_modified,DQN,Modified,134,-56.90802548020874,2.846494674682617,1,0.01,61,85,0.8796655,2.0561390031786524,12155,0.05830699999933131
dqn_modified,DQN,Modified,135,-114.61140988908652,3.262866258621216,0,0.01,76,89,0.8787844,1.553017783031035,12244,0.06784908298868686
dqn_modified,DQN,Modified,136,5.432470680329821,2.7048892974853516,1,0.02,63,76,0.878032,1.6866923496127129,12320,0.057672041992191225
dqn_modified,DQN,Modified,137,-131.29639733067904,2.956799268722534,0,0.02,85,119,0.8768539,1.6799771009373063,12439,0.0754423750040587
dqn_modified,DQN,Modified,138,-180.51383604853584,2.4288575649261475,0,0.02,105,135,0.8755174,1.7885138522695612,12574,0.09814999997615814
dqn_modified,DQN,Modified,139,-70.48726322955446,2.365302324295044,0,0.02,51,66,0.874864,1.987734831643827,12640,0.04222704199492
dqn_modified,DQN,Modified,140,-286.7399986781835,2.4503116607666016,0,0.02,86,106,0.8738146,1.9351800992241446,12746,0.06898208300117403
dqn_modified,DQN,Modified,141,-64.32521972073721,2.4987378120422363,0,0.02,69,80,0.8730226,1.8450830314308404,12826,0.07377295900369063
dqn_modified,DQN,Modified,142,-117.30583350590403,2.1908252239227295,0,0.02,112,157,0.8714683,1.9410793109304587,12983,0.11743729200679809
dqn_modified,DQN,Modified,143,-97.83267589538936,2.242520570755005,0,0.02,68,80,0.8706763,1.9600096177309752,13063,0.05464049999136478
dqn_modified,DQN,Modified,144,-119.83817946256815,1.957316279411316,0,0.02,57,77,0.8699140000000001,1.8061360329776615,13140,0.04408554200199433
dqn_modified,DQN,Modified,145,-136.55636004147368,2.124779224395752,0,0.02,83,106,0.8688646,1.8493385278391388,13246,0.05832745801308192
dqn_modified,DQN,Modified,146,-50.28952352060638,1.9409990310668945,0,0.02,73,97,0.8679043,2.0613063773543563,13343,0.053982417011866346
dqn_modified,DQN,Modified,147,-146.53345557933758,2.238532543182373,0,0.02,54,74,0.8671717,2.1936304710201315,13417,0.04069033300038427
dqn_modified,DQN,Modified,148,-73.60368401778821,2.255659818649292,0,0.02,92,123,0.865954,1.7211738286948786,13540,0.06923891699989326
dqn_modified,DQN,Modified,149,-83.15679707217262,1.3263283967971802,0,0.02,59,74,0.8652214,1.2574991277746252,13614,0.04040754202287644
dqn_modified,DQN,Modified,150,-106.90042988954973,1.5450959205627441,0,0.02,52,65,0.8645779,1.4053918696366823,13679,0.03708916698815301
dqn_modified,DQN,Modified,151,-19.531030207638366,1.5893627405166626,1,0.03,70,90,0.8636869,1.4537814895311991,13769,0.0517554999969434
dqn_modified,DQN,Modified,152,-113.64452638850604,1.7007763385772705,0,0.03,53,74,0.8629543,1.554519609422297,13843,0.04158095800084993
dqn_modified,DQN,Modified,153,-181.7854813076516,1.714686393737793,0,0.03,85,112,0.8618455,1.9671851894153016,13955,0.06134045901126228
dqn_modified,DQN,Modified,154,-213.16218559961908,2.362029790878296,0,0.03,77,95,0.860905,1.8536636939174251,14050,0.05246891701244749
dqn_modified,DQN,Modified,155,-138.01983725349606,1.856781005859375,0,0.03,55,67,0.8602417,1.66607939084964,14117,0.03742174999206327
dqn_modified,DQN,Modified,156,-327.1857928346047,1.8622232675552368,0,0.03,62,93,0.859321,1.5634334420645108,14210,0.04880783299449831
dqn_modified,DQN,Modified,157,-145.40483863520842,1.5758686065673828,0,0.03,47,63,0.8586973,1.974868057739167,14273,0.03483845799928531
dqn_modified,DQN,Modified,158,-137.69022245646707,2.273660182952881,0,0.03,46,55,0.8581528,1.990416883880442,14328,0.030411374988034368
dqn_modified,DQN,Modified,159,-112.45869139637978,1.8767348527908325,0,0.03,49,67,0.8574895,1.9858826465571104,14395,0.03752124999300577
dqn_modified,DQN,Modified,160,-83.50260970707636,1.1922268867492676,0,0.03,49,64,0.8568559,1.989648557268083,14459,0.03565966701717116
dqn_modified,DQN,Modified,161,14.521578516018337,1.3920292854309082,0,0.03,64,86,0.8560045000000001,2.3494831087977386,14545,0.04697712499182671
dqn_modified,DQN,Modified,162,-154.88796248864253,1.1038565635681152,0,0.03,77,96,0.8550541,2.2479685762276254,14641,0.050855499983299524
dqn_modified,DQN,Modified,163,-128.50305108712485,1.2373908758163452,0,0.03,65,80,0.8542621,1.5251020055264235,14721,0.04220216700923629
dqn_modified,DQN,Modified,164,-105.90153680444791,1.3982106447219849,0,0.03,50,68,0.8535889,2.188419871032238,14789,0.036779207992367446
dqn_modified,DQN,Modified,165,-79.38282835536813,1.2662794589996338,0,0.03,74,90,0.8526979,2.1241443826092614,14879,0.04842124998685904
dqn_modified,DQN,Modified,166,-187.97722765190895,1.4937820434570312,0,0.03,72,100,0.8517079,1.4947368001937866,14979,0.05269712500739843
dqn_modified,DQN,Modified,167,-110.2017802812294,1.0826550722122192,0,0.03,69,99,0.8507278,1.972116654268419,15078,0.05608579100226052
dqn_modified,DQN,Modified,168,-99.23628680763174,0.754959225654602,0,0.03,63,72,0.850015,2.2258536285824246,15150,0.039743500004988164
dqn_modified,DQN,Modified,169,-148.81429134511376,0.7640105485916138,0,0.03,91,128,0.8487477999999999,1.8186955726705492,15278,0.07695600000442937
dqn_modified,DQN,Modified,170,-133.97543074684359,1.014779806137085,0,0.03,81,101,0.8477479,2.29796098393969,15379,0.054498374985996634
dqn_modified,DQN,Modified,171,-141.79292873401707,0.5831087827682495,0,0.03,77,106,0.8466985,2.3192886606139957,15485,0.05746016697958112
dqn_modified,DQN,Modified,172,-91.22516129424014,0.00025540590286254883,0,0.03,53,68,0.8460253,1.611879591117887,15553,0.03774316600174643
dqn_modified,DQN,Modified,173,-94.7410677734813,0.599116325378418,0,0.03,54,69,0.8453422,2.084878132395122,15622,0.040187541017076
dqn_modified,DQN,Modified,174,-73.02218223678115,0.1812591552734375,1,0.04,63,81,0.8445403,1.8626517866864616,15703,0.04595291701843962
dqn_modified,DQN,Modified,175,-263.0652341319694,0.1849769651889801,0,0.04,64,80,0.8437483,1.6976046428084373,15783,0.04269745800411329
dqn_modified,DQN,Modified,176,-108.49971566624745,0.27429619431495667,0,0.04,63,90,0.8428573,1.440461136566268,15873,0.04829174999031238
dqn_modified,DQN,Modified,177,-114.35931643076275,0.15396824479103088,0,0.04,69,90,0.8419663,1.779941240946452,15963,0.049933208007132635
dqn_modified,DQN,Modified,178,-101.77010635730343,-0.28391364216804504,0,0.04,55,71,0.8412634,1.793432722209205,16034,0.03899416700005531
dqn_modified,DQN,Modified,179,-42.20797773013085,-0.05692371726036072,1,0.05,82,108,0.8401942,1.8960076802306705,16142,0.057898208004189655
dqn_modified,DQN,Modified,180,-130.6811875415026,0.205671489238739,0,0.05,80,101,0.8391943,1.57746293226091,16243,0.054284750018268824
dqn_modified,DQN,Modified,181,-90.42044805300317,-0.09991222620010376,0,0.05,62,80,0.8384023,1.5888392589986324,16323,0.04268379101995379
dqn_modified,DQN,Modified,182,-298.21409812907314,-0.21016129851341248,0,0.05,87,108,0.8373330999999999,1.7645362118879955,16431,0.05758774999412708
dqn_modified,DQN,Modified,183,-129.34650656117836,-1.0969711542129517,0,0.05,82,102,0.8363233,1.947996718772486,16533,0.05593362500076182
dqn_modified,DQN,Modified,184,-109.40733244340419,-0.7283222675323486,0,0.05,56,71,0.8356204,1.6991821997602221,16604,0.037945832998957485
dqn_modified,DQN,Modified,185,-140.56251559684955,-1.157002329826355,0,0.05,68,90,0.8347294000000001,2.0428713705804613,16694,0.05167691700626165
dqn_modified,DQN,Modified,186,-108.69454735268712,-0.1381172239780426,0,0.05,79,99,0.8337493,2.207824674820659,16793,0.05430812502163462
dqn_modified,DQN,Modified,187,-183.39959850610953,-1.0893745422363281,0,0.05,109,134,0.8324227,1.6092008485722897,16927,0.07304466699133627
dqn_modified,DQN,Modified,188,-146.33191262629887,-0.09777942299842834,0,0.05,54,77,0.8316604,1.7365580948142263,17004,0.04311733299982734
dqn_modified,DQN,Modified,189,-120.42400726267842,-0.7275887131690979,0,0.05,73,100,0.8306704,2.0526557219028474,17104,0.05451625000569038
dqn_modified,DQN,Modified,190,-174.20194134089206,-1.2090576887130737,0,0.05,65,77,0.8299081,2.009339886439311,17181,0.040659124992089346
dqn_modified,DQN,Modified,191,-150.6007696296802,-0.8318384289741516,0,0.05,68,81,0.8291062,2.2619694276356404,17262,0.0471384999982547
dqn_modified,DQN,Modified,192,-132.01082946614022,-1.0415370464324951,0,0.05,74,101,0.8281063,2.154586165995881,17363,0.056949000019812956
dqn_modified,DQN,Modified,193,-140.77537544878675,-1.1256849765777588,0,0.05,63,79,0.8273242000000001,1.979900994255573,17442,0.04334000000380911
dqn_modified,DQN,Modified,194,-99.39718514977972,-2.3974695205688477,0,0.05,74,109,0.8262451,1.6967876425030035,17551,0.05952920799609274
dqn_modified,DQN,Modified,195,-145.1886797041388,-2.266923666000366,0,0.05,90,107,0.8251858000000001,2.0394223415963,17658,0.056491791998269036
dqn_modified,DQN,Modified,196,-91.42493992216825,-2.2422585487365723,0,0.05,51,67,0.8245225,2.113085809038646,17725,0.03308870902401395
dqn_modified,DQN,Modified,197,-111.40663946582237,-2.3623952865600586,0,0.05,65,89,0.8236414,2.2697234495302263,17814,0.050025375006953254
dqn_modified,DQN,Modified,198,-141.87203435901412,-2.4370644092559814,0,0.05,60,80,0.8228494,2.483128437027335,17894,0.04329050000524148
dqn_modified,DQN,Modified,199,-85.50980660862437,-2.2489616870880127,0,0.05,59,71,0.8221465,1.8717345746470169,17965,0.03897458402207121
dqn_modified,DQN,Modified,200,-194.47120579775168,-3.157928466796875,0,0.05,99,126,0.8208991,2.4001450732586878,18091,0.06946483300998807
dqn_modified,DQN,Modified,201,-131.27828729483232,-2.5962860584259033,0,0.05,102,130,0.8196121,2.0859888101999577,18221,0.0724246250174474
dqn_modified,DQN,Modified,202,-143.27277633256833,-2.9334068298339844,0,0.05,72,95,0.8186716,1.715892778885992,18316,0.04980612499639392
dqn_modified,DQN,Modified,203,-100.01196876108804,-3.1170783042907715,0,0.05,61,73,0.8179489,1.7511121842959156,18389,0.03888004200416617
dqn_modified,DQN,Modified,204,-128.27788057263413,-2.814995288848877,0,0.05,62,74,0.8172163,1.6048392295031935,18463,0.04418033399269916
dqn_modified,DQN,Modified,205,-114.62248360322616,-3.630964994430542,0,0.05,105,128,0.8159491,1.9204235067591071,18591,0.06880316699971445
dqn_modified,DQN,Modified,206,-96.94489835346384,-3.518850326538086,0,0.05,57,63,0.8153254,2.209107735327312,18654,0.03343741700518876
dqn_modified,DQN,Modified,207,-115.29868130594515,-3.999042510986328,0,0.05,68,95,0.8143849000000001,1.8274034406009474,18749,0.05255408299854025
dqn_modified,DQN,Modified,208,-102.6352813677412,-3.571483850479126,0,0.05,64,81,0.813583,2.2602994158680056,18830,0.046094249992165715
dqn_modified,DQN,Modified,209,-272.2941539538631,-3.393548011779785,0,0.05,65,87,0.8127217,2.186882540412333,18917,0.047350540990009904
dqn_modified,DQN,Modified,210,-63.01864459738318,-4.759250640869141,0,0.05,107,141,0.8113258,2.0426278399660234,19058,0.08124383300310001
dqn_modified,DQN,Modified,211,-76.1893460899811,-4.713855266571045,0,0.05,77,94,0.8103952,2.3021011530084814,19152,0.050405167014105245
dqn_modified,DQN,Modified,212,-71.5637891812641,-4.582184791564941,0,0.05,55,63,0.8097715,2.149629763194493,19215,0.0365108750120271
dqn_modified,DQN,Modified,213,-134.78556112980237,-4.2956929206848145,0,0.05,73,94,0.8088409,2.03288789759291,19309,0.054071040998678654
dqn_modified,DQN,Modified,214,-141.87352223251588,-4.195854187011719,0,0.05,49,78,0.8080687,2.1288609229601345,19387,0.040684042003704235
dqn_modified,DQN,Modified,215,-74.84440180398609,-4.061553001403809,0,0.05,51,64,0.8074351,2.0230752378702164,19451,0.04062041698489338
dqn_modified,DQN,Modified,216,-92.76744784876047,-4.753584384918213,0,0.05,57,78,0.8066629000000001,2.2382570780240574,19529,0.04080879100365564
dqn_modified,DQN,Modified,217,-125.82316854355636,-5.041066646575928,0,0.05,82,109,0.8055838,2.4007390365688077,19638,0.058770042000105605
dqn_modified,DQN,Modified,218,-131.33448817660062,-5.240356922149658,0,0.05,75,95,0.8046433,1.9511402468932302,19733,0.04947233397979289
dqn_modified,DQN,Modified,219,-111.04050264659452,-5.105130672454834,0,0.05,67,89,0.8037622,2.3721307305137764,19822,0.049521208013175055
dqn_modified,DQN,Modified,220,-124.00714680826405,-4.6479268074035645,0,0.05,70,86,0.8029108,2.428247022420861,19908,0.04902933299308643
dqn_modified,DQN,Modified,221,-154.3274431016888,-4.707420825958252,0,0.05,66,86,0.8020594,1.9870002758364345,19994,0.0486670829996001
dqn_modified,DQN,Modified,222,-95.2812781179549,-6.310929298400879,0,0.05,46,61,0.8014555,2.540810971963601,20055,0.03373837500112131
dqn_modified,DQN,Modified,223,-89.41318965082364,-6.361481189727783,0,0.05,53,63,0.8008318,2.45105227165752,20118,0.034719540999503806
dqn_modified,DQN,Modified,224,-121.69907565474006,-5.656599521636963,0,0.05,63,84,0.8000001999999999,2.2722218082774255,20202,0.045437833992764354
dqn_modified,DQN,Modified,225,-113.80770288487011,-6.232463836669922,0,0.05,68,90,0.7991092,2.6446928752793206,20292,0.04977166699245572
dqn_modified,DQN,Modified,226,9.343968015242943,-5.972116470336914,1,0.06,52,76,0.7983568,2.7283489323760333,20368,0.04251966698211618
dqn_modified,DQN,Modified,227,-37.540331641371424,-5.334558963775635,1,0.07,53,70,0.7976638,2.38477235521589,20438,0.03792866598814726
dqn_modified,DQN,Modified,228,-115.78274016195188,-6.633213043212891,0,0.07,74,102,0.796654,2.314365319469396,20540,0.05810949997976422
dqn_modified,DQN,Modified,229,-136.1920412339737,-6.605979919433594,0,0.07,69,93,0.7957333,2.653386818465366,20633,0.050037542008794844
dqn_modified,DQN,Modified,230,-114.75198865743583,-6.861303329467773,0,0.07,82,110,0.7946443,2.494260907444087,20743,0.06234945799224079
dqn_modified,DQN,Modified,231,-110.84609435407255,-6.4231767654418945,0,0.07,53,64,0.7940107,2.396907945163548,20807,0.03415920800762251
dqn_modified,DQN,Modified,232,-93.45135966916274,-6.4588117599487305,0,0.07,58,81,0.7932087999999999,2.530108682167383,20888,0.046633500023745
dqn_modified,DQN,Modified,233,-121.44779169082491,-6.338356971740723,0,0.07,69,89,0.7923277,2.04472334331341,20977,0.05296641698805615
dqn_modified,DQN,Modified,234,-131.24712298756424,-6.843440055847168,0,0.06,52,66,0.7916742999999999,2.0842407779260115,21043,0.04133891698438674
dqn_modified,DQN,Modified,235,-158.43619159545653,-7.423233985900879,0,0.06,59,81,0.7908724,2.514539392274103,21124,0.05607141702785157
dqn_modified,DQN,Modified,236,-119.74780504292019,-7.229345321655273,0,0.05,61,91,0.7899715,2.534683101124816,21215,0.05619012500392273
dqn_modified,DQN,Modified,237,-97.90002677535539,-7.08062744140625,0,0.05,61,76,0.7892191,2.3368691468709395,21291,0.046553334017517045
dqn_modified,DQN,Modified,238,-130.16053498106126,-7.550897121429443,0,0.05,95,116,0.7880707,2.6459690245061087,21407,0.08454658300615847
dqn_modified,DQN,Modified,239,3.87005682703699,-8.086538314819336,0,0.05,122,153,0.786556,2.3418394442087687,21560,0.09841337500256486
dqn_modified,DQN,Modified,240,-100.33008231122713,-7.5303635597229,0,0.05,86,108,0.7854867999999999,2.4286695564234697,21668,0.06503466697176918
dqn_modified,DQN,Modified,241,-79.27513814301119,-8.193763732910156,0,0.05,50,63,0.7848631,2.2686309786069963,21731,0.03671433299314231
dqn_modified,DQN,Modified,242,-68.0394315554136,-7.63878059387207,1,0.06,65,92,0.7839522999999999,2.553987702111835,21823,0.04817120797815733
dqn_modified,DQN,Modified,243,-125.19019594491289,-7.7610344886779785,0,0.06,70,92,0.7830415,2.554518802334433,21915,0.05012591599370353
dqn_modified,DQN,Modified,244,-160.03402381989332,-8.842741966247559,0,0.06,73,103,0.7820218,2.6790357437527295,22018,0.058196915982989594
dqn_modified,DQN,Modified,245,-97.66646691006595,-8.860610961914062,0,0.06,52,70,0.7813288,2.158671107888222,22088,0.03916524999658577
dqn_modified,DQN,Modified,246,-109.97991093007231,-8.677926063537598,0,0.06,65,82,0.780517,2.63934216375758,22170,0.04535991599550471
dqn_modified,DQN,Modified,247,-58.07736065772201,-8.530338287353516,0,0.06,55,69,0.7798339,2.20171125297961,22239,0.037293875007890165
dqn_modified,DQN,Modified,248,-144.8513627855878,-8.128507614135742,0,0.06,54,83,0.7790121999999999,2.624040571321924,22322,0.043854541989276186
dqn_modified,DQN,Modified,249,-133.13481557843429,-8.528802871704102,0,0.06,62,80,0.7782202,2.796440073102713,22402,0.041880917007802054
dqn_modified,DQN,Modified,250,-86.77435983093898,-8.429434776306152,0,0.06,77,99,0.7772401,2.7651953510563785,22501,0.053749665996292606
dqn_modified,DQN,Modified,251,-79.04551765035693,-9.661999702453613,0,0.05,55,75,0.7764976,2.5298018765449526,22576,0.03959270898485556
dqn_modified,DQN,Modified,252,-170.97072966706978,-8.773492813110352,0,0.05,56,80,0.7757056,3.2172670658677816,22656,0.04390704198158346
dqn_modified,DQN,Modified,253,-87.9310646559718,-9.204241752624512,0,0.05,49,59,0.7751215,3.443223359726243,22715,0.03152091699303128
dqn_modified,DQN,Modified,254,-54.68622590403389,-9.440973281860352,0,0.05,115,139,0.7737454,2.343788674409441,22854,0.07842220799648203
dqn_modified,DQN,Modified,255,-140.37413276234727,-9.340370178222656,0,0.05,82,98,0.7727752,2.222542547753879,22952,0.05364329201984219
dqn_modified,DQN,Modified,256,-94.38324027090822,-10.750505447387695,0,0.05,93,119,0.7715971,2.8086667237412026,23071,0.06660012499196455
dqn_modified,DQN,Modified,257,-130.45890051532479,-10.214727401733398,0,0.05,82,107,0.7705378,2.7796365039370885,23178,0.05963029101258144
dqn_modified,DQN,Modified,258,-135.76317894285845,-9.89515495300293,0,0.05,73,90,0.7696468,2.4260518981350794,23268,0.04980595799861476
dqn_modified,DQN,Modified,259,-111.59947576546682,-10.527507781982422,0,0.05,61,82,0.7688349999999999,2.683516056435864,23350,0.045793875004164875
dqn_modified,DQN,Modified,260,-146.43479020151005,-9.375600814819336,0,0.05,75,90,0.767944,2.307949963212013,23440,0.04988454200793058
dqn_modified,DQN,Modified,261,-89.40066722872236,-10.43516731262207,0,0.05,48,71,0.7672411,2.6083851246766643,23511,0.03864912499557249
dqn_modified,DQN,Modified,262,-109.73644328911963,-10.4519624710083,0,0.05,60,87,0.7663797999999999,2.6622405312527184,23598,0.048513000016100705
dqn_modified,DQN,Modified,263,21.118023984295476,-10.822086334228516,0,0.05,61,78,0.7656076,2.4457189379594264,23676,0.04317979101324454
dqn_modified,DQN,Modified,264,-123.95851632058911,-10.971433639526367,0,0.05,75,94,0.764677,2.5044012681600893,23770,0.052651834004791453
dqn_modified,DQN,Modified,265,-125.75023088404963,-10.751087188720703,0,0.05,79,106,0.7636276,2.342727485130418,23876,0.07218658400233835
dqn_modified,DQN,Modified,266,-73.1267671416283,-10.338530540466309,0,0.05,89,116,0.7624792,2.901754788797477,23992,0.06299945898354053
dqn_modified,DQN,Modified,267,-129.7568932057995,-11.906081199645996,0,0.05,84,102,0.7614694,2.9225422000768138,24094,0.05813812499400228
dqn_modified,DQN,Modified,268,-36.94629184419251,-11.927355766296387,0,0.05,55,69,0.7607863,2.43648890654246,24163,0.039920334005728364
dqn_modified,DQN,Modified,269,-182.62885825850765,-12.13232421875,0,0.05,74,94,0.7598557,2.6083675083961895,24257,0.051580875006038696
dqn_modified,DQN,Modified,270,-151.17665321866565,-11.95253849029541,0,0.05,104,129,0.7585786,2.5887932477071303,24386,0.07028766698203981
dqn_modified,DQN,Modified,271,-137.54158535642046,-11.66340446472168,0,0.05,74,99,0.7575985,2.7887160817180017,24485,0.05374633299652487
dqn_modified,DQN,Modified,272,-7.674618481995587,-13.829168319702148,1,0.06,61,83,0.7567768,3.141973268195807,24568,0.045301124977413565
dqn_modified,DQN,Modified,273,-207.2228928618622,-13.229453086853027,0,0.06,80,100,0.7557868,2.715440391600132,24668,0.06748274998972192
dqn_modified,DQN,Modified,274,-135.82425444851503,-13.375520706176758,0,0.05,68,93,0.7548661,2.645408864944212,24761,0.05284470898914151
dqn_modified,DQN,Modified,275,-83.33429183758848,-13.018060684204102,0,0.05,69,90,0.7539751,2.169088213973575,24851,0.05031937497551553
dqn_modified,DQN,Modified,276,-97.5132238153276,-13.208377838134766,0,0.05,59,74,0.7532425,2.486776867025607,24925,0.04227895798976533
dqn_modified,DQN,Modified,277,-138.38426972753524,-13.602153778076172,0,0.05,92,113,0.7521238,2.865058352989433,25038,0.06772758299484849
dqn_modified,DQN,Modified,278,-186.72451854881905,-14.759689331054688,0,0.05,61,78,0.7513516,2.4791712844983125,25116,0.05188545901910402
dqn_modified,DQN,Modified,279,-160.29986570556838,-13.69243049621582,0,0.04,92,111,0.7502527,2.719955542871544,25227,0.06385212499299087
dqn_modified,DQN,Modified,280,-98.01289804113007,-13.125486373901367,0,0.04,55,65,0.7496092000000001,2.0225086386387163,25292,0.03602783300448209
dqn_modified,DQN,Modified,281,-39.24151084143557,-14.21959114074707,1,0.05,75,86,0.7487577999999999,2.3448035561068115,25378,0.04939204198308289
dqn_modified,DQN,Modified,282,-95.59522142190664,-13.176143646240234,0,0.05,58,74,0.7480252000000001,2.5816819865155862,25452,0.03975458300556056
dqn_modified,DQN,Modified,283,-111.27546275819368,-13.970239639282227,0,0.05,72,98,0.747055,2.9391100178567733,25550,0.055720459000440314
dqn_modified,DQN,Modified,284,-91.00099730849725,-14.515270233154297,0,0.05,84,123,0.7458373,3.032887525190183,25673,0.06875879198196344
dqn_modified,DQN,Modified,285,-100.33087770818796,-13.943042755126953,0,0.05,48,75,0.7450948,3.5996927332878115,25748,0.040517167013604194
dqn_modified,DQN,Modified,286,-121.71048032421905,-14.458942413330078,0,0.05,52,70,0.7444018,2.580852702685765,25818,0.04043691701372154
dqn_modified,DQN,Modified,287,-94.8202895977839,-13.856300354003906,0,0.05,83,103,0.7433821,2.5691819697329144,25921,0.055462999996962026
dqn_modified,DQN,Modified,288,-80.0992321532375,-13.911470413208008,0,0.05,57,76,0.7426297,3.2263450908817743,25997,0.04165554200881161
dqn_modified,DQN,Modified,289,-99.33884504685867,-14.134010314941406,0,0.05,72,89,0.7417486,2.989590597956368,26086,0.04852791700977832
dqn_modified,DQN,Modified,290,-116.40063689447103,-15.233247756958008,0,0.05,54,79,0.7409665000000001,3.0283173518844797,26165,0.04140375001588836
dqn_modified,DQN,Modified,291,4.7112430898904805,-14.884454727172852,1,0.06,85,116,0.7398181,2.602051721307738,26281,0.06637745900661685
dqn_modified,DQN,Modified,292,-92.9606017984253,-14.907853126525879,0,0.06,64,76,0.7390657,2.5342815988942196,26357,0.04217895900364965
dqn_modified,DQN,Modified,293,-109.22365790618005,-14.713565826416016,0,0.06,58,81,0.7382638,2.5949407643006173,26438,0.04489220801042393
dqn_modified,DQN,Modified,294,-157.79505950513328,-15.487500190734863,0,0.06,82,102,0.737254,2.376286023387722,26540,0.05226633299025707
dqn_modified,DQN,Modified,295,-126.7330261036837,-15.840385437011719,0,0.06,74,91,0.7363531000000001,2.910191380060636,26631,0.05038970898021944
dqn_modified,DQN,Modified,296,-78.51965440481348,-16.152359008789062,0,0.06,71,94,0.7354225000000001,2.5501702643455344,26725,0.06551129199215211
dqn_modified,DQN,Modified,297,-76.6441966025508,-15.252811431884766,0,0.06,69,84,0.7345908999999999,2.313130909843104,26809,0.045343915990088135
dqn_modified,DQN,Modified,298,-120.76782700060438,-16.304933547973633,0,0.06,62,78,0.7338187,3.1925297719545855,26887,0.04438266600482166
dqn_modified,DQN,Modified,299,-90.65237582819611,-16.08737564086914,0,0.06,54,70,0.7331257,3.0334330345903124,26957,0.040077292011119425
dqn_modified,DQN,Modified,300,-31.751527861928192,-17.132652282714844,1,0.07,77,109,0.7320466,3.159024197027224,27066,0.06343829201068729
dqn_modified,DQN,Modified,301,-123.82413890707795,-16.599428176879883,0,0.07,82,111,0.7309477,2.7867588449168847,27177,0.06169770800624974
dqn_modified,DQN,Modified,302,-98.8750375750794,-16.31796646118164,0,0.07,52,70,0.7302547,3.457661155291966,27247,0.03664004200254567
dqn_modified,DQN,Modified,303,-81.53527687558741,-16.584857940673828,0,0.07,90,116,0.7291063,2.7257994184720107,27363,0.06476762500824407
dqn_modified,DQN,Modified,304,-22.352150523692714,-17.24306297302246,0,0.07,54,67,0.728443,2.7707859268829003,27430,0.0366677500132937
dqn_modified,DQN,Modified,305,-108.4471623102085,-17.517616271972656,0,0.07,52,86,0.7275916,2.8833197382993476,27516,0.04749754202202894
dqn_modified,DQN,Modified,306,-66.94072012730055,-17.276247024536133,0,0.07,82,100,0.7266016,3.3487237095832825,27616,0.06191941600991413
dqn_modified,DQN,Modified,307,-90.06592738449125,-17.283395767211914,0,0.07,84,114,0.725473,3.201078536217673,27730,0.061469709005905315
dqn_modified,DQN,Modified,308,-46.1819453148102,-17.68842315673828,1,0.08,79,98,0.7245028,2.7053525174150663,27828,0.05409049999434501
dqn_modified,DQN,Modified,309,-90.81150187307176,-17.391494750976562,0,0.08,71,89,0.7236217,3.2951096061910135,27917,0.04575862499768846
dqn_modified,DQN,Modified,310,-39.760027905546664,-17.68358039855957,0,0.08,72,90,0.7227307000000001,2.697155534227689,28007,0.05093820800539106
dqn_modified,DQN,Modified,311,-166.3015338891339,-18.33257293701172,0,0.08,86,107,0.7216714,3.4810500211804825,28114,0.05981583398533985
dqn_modified,DQN,Modified,312,-79.76068191112608,-16.83070182800293,0,0.08,45,59,0.7210873,2.4714100219435613,28173,0.03530587500426918
dqn_modified,DQN,Modified,313,-135.01887237526756,-17.773252487182617,0,0.08,54,81,0.7202854,3.4869171575999554,28254,0.04626041601295583
dqn_modified,DQN,Modified,314,-5.553581666684536,-17.8231258392334,1,0.09,48,62,0.7196716,2.887183843120452,28316,0.036761167022632435
dqn_modified,DQN,Modified,315,-43.884503218988115,-17.512737274169922,1,0.1,69,85,0.7188301,2.48120635397294,28401,0.04864774999441579
dqn_modified,DQN,Modified,316,-127.23522890747267,-18.895069122314453,0,0.1,103,122,0.7176223,3.58005703790266,28523,0.07468508300371468
dqn_modified,DQN,Modified,317,-82.74551168797525,-18.372779846191406,0,0.1,50,68,0.7169491,2.6124335663283573,28591,0.04829737500404008
dqn_modified,DQN,Modified,318,-32.37671372230357,-18.819568634033203,1,0.11,72,94,0.7160185,3.3459443063177963,28685,0.060490000003483146
dqn_modified,DQN,Modified,319,-128.5183153880933,-18.441631317138672,0,0.11,72,90,0.7151274999999999,2.5783987588352626,28775,0.04869658302050084
dqn_modified,DQN,Modified,320,-90.70855327982554,-18.27093505859375,0,0.11,76,94,0.7141969,2.769485282137039,28869,0.05422929199994542
dqn_modified,DQN,Modified,321,-138.97265249720414,-17.826560974121094,0,0.11,87,118,0.7130287,3.016960309976238,28987,0.06289624999044463
dqn_modified,DQN,Modified,322,-74.01897856611699,-17.970050811767578,0,0.11,82,103,0.712009,3.072756577753326,29090,0.061114874988561496
dqn_modified,DQN,Modified,323,-94.90053043524362,-18.525678634643555,0,0.11,74,89,0.7111279,3.00831797551573,29179,0.051105499995173886
dqn_modified,DQN,Modified,324,-107.93136631408267,-19.021324157714844,0,0.11,75,90,0.7102369,2.9191168778472476,29269,0.05101683302200399
dqn_modified,DQN,Modified,325,-91.66131462099918,-19.190631866455078,0,0.11,63,73,0.7095142,3.5244407216980034,29342,0.041374458000063896
dqn_modified,DQN,Modified,326,-108.63374677570722,-18.87226104736328,0,0.1,52,62,0.7089004,3.4033037135677953,29404,0.03320670800167136
dqn_modified,DQN,Modified,327,-122.45381838437802,-18.91306495666504,0,0.09,58,73,0.7081777,2.6026953891532063,29477,0.03992304200073704
dqn_modified,DQN,Modified,328,-117.42285669113824,-20.17180633544922,0,0.09,76,89,0.7072966,3.4561316307341117,29566,0.049470792000647634
dqn_modified,DQN,Modified,329,-137.42786620417428,-19.95926284790039,0,0.09,58,69,0.7066135,3.6957126544869463,29635,0.03949529197416268
dqn_modified,DQN,Modified,330,-110.30797220804594,-19.928537368774414,0,0.09,68,104,0.7055839,3.1352354557468343,29739,0.05622333299834281
dqn_modified,DQN,Modified,331,-149.15935110483727,-19.620302200317383,0,0.09,66,79,0.7048018,3.625287865913367,29818,0.04448404198046774
dqn_modified,DQN,Modified,332,-95.70228418040628,-19.74734878540039,0,0.09,103,126,0.7035544,3.1771776089592585,29944,0.07278387498809025
dqn_modified,DQN,Modified,333,-79.12816148196414,-20.932418823242188,0,0.09,72,99,0.7025743,2.77018559701515,30043,0.05227149999700487
dqn_modified,DQN,Modified,334,-93.64552616288587,-20.21030044555664,0,0.09,82,104,0.7015446999999999,3.1385192446983776,30147,0.05686120901373215
dqn_modified,DQN,Modified,335,-150.20406191357,-19.818496704101562,0,0.09,68,107,0.7004854,3.179458385316011,30254,0.06038904099841602
dqn_modified,DQN,Modified,336,-63.908857748646156,-20.069013595581055,0,0.09,58,70,0.6997924,3.553529535872596,30324,0.04037179201259278
dqn_modified,DQN,Modified,337,-133.07162837451776,-20.81243324279785,0,0.09,59,75,0.6990499,3.331709535121918,30399,0.03893549999338575
dqn_modified,DQN,Modified,338,-90.44502288669217,-20.329326629638672,0,0.09,60,73,0.6983272,2.805302469697717,30472,0.04058895897469483
dqn_modified,DQN,Modified,339,-82.6682035760848,-21.067596435546875,0,0.09,98,121,0.6971293000000001,3.2648382844511143,30593,0.09482758300146088
dqn_modified,DQN,Modified,340,-95.70060630597915,-20.848661422729492,0,0.09,67,79,0.6963471999999999,3.0491201877593994,30672,0.04109116701874882
dqn_modified,DQN,Modified,341,-85.45390902605445,-21.517675399780273,0,0.09,68,94,0.6954165999999999,2.9912719593403185,30766,0.05374066700460389
dqn_modified,DQN,Modified,342,-96.87137133270232,-21.214553833007812,0,0.08,77,103,0.6943969,3.1051095822482435,30869,0.06797416697372682
dqn_modified,DQN,Modified,343,-40.62819080492903,-21.928007125854492,0,0.08,60,71,0.693694,3.320745719150758,30940,0.0408541249926202
dqn_modified,DQN,Modified,344,-107.33330432150346,-21.772594451904297,0,0.08,76,114,0.6925654,2.729948344199281,31054,0.062486874987371266
dqn_modified,DQN,Modified,345,-91.28299534432458,-22.080921173095703,0,0.08,57,72,0.6918526,3.01312402718597,31126,0.03896970799542032
dqn_modified,DQN,Modified,346,-130.1617261796722,-21.580961227416992,0,0.08,76,104,0.690823,3.4946237057447433,31230,0.05700366597739048
dqn_modified,DQN,Modified,347,-68.48656488445394,-21.810720443725586,0,0.08,70,85,0.6899815,2.8539355309570538,31315,0.04526445901137777
dqn_modified,DQN,Modified,348,-80.524141992848,-22.044055938720703,0,0.08,65,77,0.6892192,3.079313269683293,31392,0.04347070900257677
dqn_modified,DQN,Modified,349,-74.85581266505358,-22.20405387878418,0,0.08,50,65,0.6885757,2.832556992310744,31457,0.033871374995214865
dqn_modified,DQN,Modified,350,-63.77631310802173,-22.363441467285156,0,0.08,80,117,0.6874174,3.292091520423563,31574,0.07320562499808148
dqn_modified,DQN,Modified,351,-103.83814807242626,-22.23825454711914,0,0.08,56,68,0.6867442,3.2380750319536995,31642,0.039373749983496964
dqn_modified,DQN,Modified,352,-52.45431549300811,-22.5063533782959,0,0.08,69,99,0.6857641,3.1932541125952594,31741,0.0583039170014672
dqn_modified,DQN,Modified,353,-89.16089475994015,-22.528268814086914,0,0.08,75,97,0.6848038000000001,3.5837614991001248,31838,0.05721937501220964
dqn_modified,DQN,Modified,354,-90.01562231651495,-21.635656356811523,0,0.08,61,83,0.6839820999999999,3.200310703501644,31921,0.05215574998874217
dqn_modified,DQN,Modified,355,-86.60543593039965,-22.566221237182617,0,0.08,53,73,0.6832594000000001,2.3780195031264055,31994,0.04488395800581202
dqn_modified,DQN,Modified,356,-76.72471597377434,-22.96206283569336,0,0.08,56,67,0.6825961,3.4971038788112243,32061,0.03833045801729895
dqn_modified,DQN,Modified,357,-132.73881504691542,-22.89478302001953,0,0.08,64,92,0.6816853,2.7051357908741287,32153,0.04930862502078526
dqn_modified,DQN,Modified,358,2.1167220687539583,-23.220176696777344,1,0.09,70,84,0.6808537,2.974559383732932,32237,0.04890212501049973
dqn_modified,DQN,Modified,359,-96.13939322070006,-23.567073822021484,0,0.09,61,75,0.6801112,2.5333550858497618,32312,0.04224258300382644
dqn_modified,DQN,Modified,360,-135.8544122075099,-23.094806671142578,0,0.09,70,86,0.6792598000000001,3.287512096554734,32398,0.049575958983041346
dqn_modified,DQN,Modified,361,-65.61406258714406,-23.490480422973633,0,0.09,57,70,0.6785668,2.8918232236589705,32468,0.04910216698772274
dqn_modified,DQN,Modified,362,-102.37105440206633,-24.029647827148438,0,0.09,81,108,0.6774976,3.434303750042562,32576,0.05935299998964183
dqn_modified,DQN,Modified,363,-127.58746378365326,-24.035018920898438,0,0.09,68,86,0.6766462,3.2658935667470446,32662,0.04685995800537057
dqn_modified,DQN,Modified,364,-92.50784156631016,-23.402099609375,0,0.09,48,67,0.6759828999999999,2.3958272471356747,32729,0.03746049999608658
dqn_modified,DQN,Modified,365,-92.63144948914369,-23.906513214111328,0,0.09,87,113,0.6748642,3.536684388080529,32842,0.0639995829842519
dqn_modified,DQN,Modified,366,-118.48995353548653,-23.351638793945312,0,0.09,74,98,0.673894,2.780478909915807,32940,0.053263167006662115
dqn_modified,DQN,Modified,367,-113.95102368074583,-24.714820861816406,0,0.09,69,90,0.673003,3.1682931661605833,33030,0.049082124984124675
dqn_modified,DQN,Modified,368,-113.67578376789652,-24.31111717224121,0,0.09,71,95,0.6720625,2.4801682252632946,33125,0.050374083017231897
dqn_modified,DQN,Modified,369,-54.51175984831084,-24.816923141479492,0,0.09,48,63,0.6714388,3.5431822737058005,33188,0.03575908302445896
dqn_modified,DQN,Modified,370,-114.06591007236277,-23.903398513793945,0,0.09,66,82,0.6706270000000001,3.7607594699394413,33270,0.04533841600641608
dqn_modified,DQN,Modified,371,-98.48855719505957,-24.49473762512207,0,0.09,71,98,0.6696568,3.2099437464256675,33368,0.056999374995939434
dqn_modified,DQN,Modified,372,-83.68209841970095,-24.458534240722656,0,0.08,80,100,0.6686668,2.914977412223816,33468,0.05413333300384693
dqn_modified,DQN,Modified,373,-20.85028134436419,-25.678321838378906,0,0.08,78,97,0.6677065,3.0756578924729654,33565,0.05281629099044949
dqn_modified,DQN,Modified,374,-98.01576027475424,-25.126197814941406,0,0.08,69,98,0.6667363,3.454338015950456,33663,0.06458345800638199
dqn_modified,DQN,Modified,375,-76.80809343633784,-25.532695770263672,0,0.08,75,103,0.6657166,3.0313446556480184,33766,0.05694083301932551
dqn_modified,DQN,Modified,376,-146.70711565745185,-25.188135147094727,0,0.08,86,109,0.6646375,3.445403520120393,33875,0.05921479198150337
dqn_modified,DQN,Modified,377,-88.10569983400985,-25.473121643066406,0,0.08,68,82,0.6638257000000001,3.207924791225573,33957,0.044914792000781745
dqn_modified,DQN,Modified,378,-128.80104101810343,-25.470550537109375,0,0.08,68,80,0.6630337,3.2346937261521815,34037,0.044091375020798296
dqn_modified,DQN,Modified,379,-160.05577433220168,-25.103961944580078,0,0.08,84,120,0.6618457,3.0702617824077607,34157,0.06846549999318086
dqn_modified,DQN,Modified,380,-87.08334578913525,-25.715007781982422,0,0.08,83,108,0.6607765,2.8566777824803635,34265,0.06222824999713339
dqn_modified,DQN,Modified,381,-64.40026984272748,-25.779464721679688,0,0.07,68,84,0.6599449,3.419129402154968,34349,0.056074292020639405
dqn_modified,DQN,Modified,382,-60.566412060426806,-25.086074829101562,0,0.07,77,99,0.6589648,2.69427346882194,34448,0.060747417010134086
dqn_modified,DQN,Modified,383,-77.74767725394122,-26.4360294342041,0,0.07,78,110,0.6578758,2.853181744705547,34558,0.06229166701086797
dqn_modified,DQN,Modified,384,-112.54951586637324,-27.509056091308594,0,0.07,83,115,0.6567373000000001,3.434316158812979,34673,0.06349891700665466
dqn_modified,DQN,Modified,385,-67.99693390117433,-26.608657836914062,0,0.07,76,88,0.6558661,2.7870547940785233,34761,0.047794458019779995
dqn_modified,DQN,Modified,386,-75.26757186693942,-26.11429214477539,0,0.07,71,101,0.6548662000000001,3.305750802011773,34862,0.05546774997492321
dqn_modified,DQN,Modified,387,-91.21587040752783,-25.9499568939209,0,0.07,88,107,0.6538069,3.1452291574433584,34969,0.05807541697868146
dqn_modified,DQN,Modified,388,-87.61785810018213,-27.581165313720703,0,0.07,65,80,0.6530149,3.4159272432327272,35049,0.047020291996886954
dqn_modified,DQN,Modified,389,-60.733571247819135,-27.856353759765625,0,0.07,144,171,0.651322,2.96354517671797,35220,0.09832083401852287
dqn_modified,DQN,Modified,390,-88.63278745143124,-27.01822853088379,0,0.07,84,106,0.6502726,4.083449509908569,35326,0.0574027500115335
dqn_modified,DQN,Modified,391,-1.7406208780852594,-27.919301986694336,1,0.07,78,106,0.6492232,3.2654002710895718,35432,0.058424250019015744
dqn_modified,DQN,Modified,392,-65.56903724472963,-27.430355072021484,0,0.07,57,69,0.6485401,2.970044537730839,35501,0.038659167010337114
dqn_modified,DQN,Modified,393,-70.90220580430368,-27.50465202331543,0,0.07,70,111,0.6474412,3.4001270301707156,35612,0.06116045900853351
dqn_modified,DQN,Modified,394,-86.78054807400237,-27.912063598632812,0,0.07,79,98,0.646471,3.1315618716940588,35710,0.05297970800893381
dqn_modified,DQN,Modified,395,-141.0638588352137,-27.659969329833984,0,0.07,75,105,0.6454314999999999,3.7063458269550686,35815,0.05844445899128914
dqn_modified,DQN,Modified,396,-46.77162829469628,-28.4686279296875,0,0.07,66,75,0.6446890000000001,3.3048803146680195,35890,0.04244449999532662
dqn_modified,DQN,Modified,397,-93.49797560353889,-28.99559783935547,0,0.07,81,112,0.6435801999999999,3.492724305817059,36002,0.060644625016720966
dqn_modified,DQN,Modified,398,-69.47634594280284,-28.633020401000977,0,0.07,49,62,0.6429663999999999,4.1269989667400235,36064,0.0332209589832928
dqn_modified,DQN,Modified,399,-68.60597149108949,-28.219749450683594,0,0.07,70,81,0.6421645,3.4957682247515076,36145,0.047835542005486786
dqn_modified,DQN,Modified,400,-128.5414818261322,-29.246013641357422,0,0.06,91,117,0.6410062000000001,3.08864305060134,36262,0.06635445801657625
dqn_modified,DQN,Modified,401,-71.46716597785299,-29.254440307617188,0,0.06,55,69,0.6403231,3.140679120153621,36331,0.04036512502352707
dqn_modified,DQN,Modified,402,-115.36386738284172,-28.04681968688965,0,0.06,86,110,0.6392340999999999,3.203266716003418,36441,0.06402912500197999
dqn_modified,DQN,Modified,403,-65.10171783523074,-30.01047134399414,0,0.06,52,67,0.6385708,2.6939176650189642,36508,0.03905037502408959
dqn_modified,DQN,Modified,404,41.04866669815301,-29.22067642211914,1,0.07,59,76,0.6378184,3.3683718364489708,36584,0.04144270799588412
dqn_modified,DQN,Modified,405,-100.59679539633248,-29.32792854309082,0,0.07,53,67,0.6371551,3.4122870173027264,36651,0.0352119579911232
dqn_modified,DQN,Modified,406,-77.5391909161205,-28.91820526123047,0,0.07,71,87,0.6362938,3.7187992772836793,36738,0.048422332998597994
dqn_modified,DQN,Modified,407,-23.89958819078855,-29.179548263549805,0,0.07,97,116,0.6351454000000001,2.8517918021514497,36854,0.06714641599683091
dqn_modified,DQN,Modified,408,-253.20156346573842,-28.88011360168457,0,0.06,99,136,0.633799,3.8301308496909985,36990,0.07376758300233632
dqn_modified,DQN,Modified,409,-116.55498586633087,-31.023025512695312,0,0.06,91,124,0.6325714,2.9249535034741125,37114,0.06925583400879987
dqn_modified,DQN,Modified,410,-94.37991242705053,-30.546905517578125,0,0.06,68,98,0.6316012,3.2887188025883267,37212,0.05733604199485853
dqn_modified,DQN,Modified,411,-78.58175897504805,-29.746559143066406,0,0.06,93,115,0.6304627,3.0653534443482107,37327,0.06600012499256991
dqn_modified,DQN,Modified,412,-108.66452169898585,-29.618167877197266,0,0.06,89,111,0.6293638,3.583733143570187,37438,0.061798499984433874
dqn_modified,DQN,Modified,413,-20.869010870717034,-29.653217315673828,1,0.07,98,121,0.6281658999999999,3.085879216509417,37559,0.06567412498407066
dqn_modified,DQN,Modified,414,-114.5633647455095,-29.996910095214844,0,0.06,72,83,0.6273442,3.572646976235401,37642,0.0456894579983782
dqn_modified,DQN,Modified,415,-77.20530698901882,-30.681747436523438,0,0.05,85,100,0.6263542,3.289081714749336,37742,0.05695962501340546
dqn_modified,DQN,Modified,416,-95.75570786913708,-29.652374267578125,0,0.05,74,82,0.6255424,3.483309443404035,37824,0.04435808298876509
dqn_modified,DQN,Modified,417,-77.47294983596399,-29.625873565673828,0,0.05,63,77,0.6247801,3.007664798142074,37901,0.04163991697714664
dqn_modified,DQN,Modified,418,-75.1976310771181,-29.4875431060791,0,0.04,66,78,0.6240079000000001,2.978823131475693,37979,0.042806874989764765
dqn_modified,DQN,Modified,419,-75.52653649220319,-31.1085147857666,0,0.04,101,131,0.622711,3.592312260438468,38110,0.07560116602689959
dqn_modified,DQN,Modified,420,-117.60168159797819,-30.70254898071289,0,0.04,66,101,0.6217111,3.618332079141447,38211,0.055900834006024525
dqn_modified,DQN,Modified,421,-58.490833203189084,-31.43733787536621,0,0.04,107,129,0.6204339999999999,3.2403854861739996,38340,0.0699857090075966
dqn_modified,DQN,Modified,422,-93.03505182105819,-31.79079818725586,0,0.04,45,62,0.6198202,2.9124735911046304,38402,0.03557512498809956
dqn_modified,DQN,Modified,423,-43.39800992948573,-30.82422637939453,0,0.04,62,75,0.6190777000000001,3.194186089038849,38477,0.061817542009521276
dqn_modified,DQN,Modified,424,-96.8871910797788,-32.747093200683594,0,0.04,51,64,0.6184441,3.0889963442459702,38541,0.03825974999926984
dqn_modified,DQN,Modified,425,-90.85177598424876,-32.59235382080078,0,0.04,92,119,0.617266,3.6522717941708924,38660,0.0687402920157183
dqn_modified,DQN,Modified,426,-110.00197962619157,-31.699188232421875,0,0.04,69,86,0.6164145999999999,3.134048721818037,38746,0.049270749994320795
dqn_modified,DQN,Modified,427,-97.70170529863859,-32.42033386230469,0,0.04,84,122,0.6152067999999999,3.1173485551701217,38868,0.06516950001241639
dqn_modified,DQN,Modified,428,-97.22797480606074,-32.511993408203125,0,0.04,106,136,0.6138604000000001,3.5037380886428497,39004,0.07665608302340843
dqn_modified,DQN,Modified,429,-92.35330341417365,-32.44868850708008,0,0.04,59,76,0.613108,3.502915151809391,39080,0.043760541011579335
dqn_modified,DQN,Modified,430,-93.68172399831236,-33.25666427612305,0,0.04,84,109,0.6120289,3.4650435986322,39189,0.06034716701833531
dqn_modified,DQN,Modified,431,-64.45504734343051,-31.873687744140625,0,0.04,53,67,0.6113656000000001,3.162469069459545,39256,0.0389877499837894
dqn_modified,DQN,Modified,432,-138.44810719095256,-32.328582763671875,0,0.04,78,109,0.6102865,3.4790980247182586,39365,0.058513374999165535
dqn_modified,DQN,Modified,433,-84.9847877171121,-32.901451110839844,0,0.04,61,75,0.6095440000000001,3.10951917330424,39440,0.04292641600477509
dqn_modified,DQN,Modified,434,-145.10035938387736,-32.968788146972656,0,0.04,85,114,0.6084153999999999,3.2412333525063697,39554,0.06483012498938479
dqn_modified,DQN,Modified,435,-128.83271006204163,-33.1535758972168,0,0.04,83,109,0.6073363,3.793198540123231,39663,0.05987087497487664
dqn_modified,DQN,Modified,436,-8.569856207394835,-33.68853759765625,1,0.05,84,119,0.6061582,3.171733953371769,39782,0.06741808401420712
dqn_modified,DQN,Modified,437,-16.95595712024356,-33.10602951049805,1,0.06,97,130,0.6048712,3.252640607723823,39912,0.07135625000228174
dqn_modified,DQN,Modified,438,19.07925213813249,-33.58901596069336,1,0.07,80,105,0.6038317,3.4714832311584836,40017,0.059627833019476384
dqn_modified,DQN,Modified,439,-118.62589753027348,-34.085880279541016,0,0.07,82,96,0.6028813,3.5254012184838452,40113,0.05413541701273061
dqn_modified,DQN,Modified,440,-67.60875866244848,-33.94813919067383,0,0.07,75,90,0.6019903,3.0708649257818856,40203,0.050270540989004076
dqn_modified,DQN,Modified,441,-86.2584759488606,-34.58503341674805,0,0.07,88,107,0.600931,3.503261769486365,40310,0.059126416977960616
dqn_modified,DQN,Modified,442,-84.32936146873091,-33.63315200805664,0,0.07,71,102,0.5999212,3.3029120441745308,40412,0.06237320898799226
dqn_modified,DQN,Modified,443,-126.23127085464219,-34.59900665283203,0,0.07,79,111,0.5988223,2.359828576848314,40523,0.06379266700241715
dqn_modified,DQN,Modified,444,-33.97402798648098,-34.05424499511719,1,0.08,74,99,0.5978422,3.0679751851341943,40622,0.05493004200980067
dqn_modified,DQN,Modified,445,-98.18308855064544,-34.78993225097656,0,0.08,58,79,0.5970601,3.101368348809737,40701,0.045923582976683974
dqn_modified,DQN,Modified,446,-143.63931870045832,-35.10843276977539,0,0.08,110,123,0.5958424,3.560150365034739,40824,0.07110308299888857
dqn_modified,DQN,Modified,447,-89.72019974620886,-34.2413444519043,0,0.08,70,83,0.5950207000000001,3.0687187069869903,40907,0.0477152919920627
dqn_modified,DQN,Modified,448,-100.55338709444794,-35.0296745300293,0,0.08,79,95,0.5940802000000001,3.0593324611061496,41002,0.05416225001681596
dqn_modified,DQN,Modified,449,-72.6159386644224,-35.79631423950195,0,0.08,67,78,0.593308,3.3367952498105855,41080,0.042837125016376376
dqn_modified,DQN,Modified,450,-4.551931551452299,-35.18632125854492,0,0.08,100,122,0.5921002,3.0714387160832763,41202,0.06583400000818074
dqn_modified,DQN,Modified,451,-0.25328682013453374,-35.22486877441406,1,0.09,58,72,0.5913874,3.3783755285872354,41274,0.040093791991239414
dqn_modified,DQN,Modified,452,-52.78232584587193,-34.885833740234375,0,0.09,64,74,0.5906548,3.6845336242302045,41348,0.03740179099258967
dqn_modified,DQN,Modified,453,-51.49630945638129,-35.07795333862305,0,0.09,77,91,0.5897539,3.1522578420219842,41439,0.048850374994799495
dqn_modified,DQN,Modified,454,-96.66970651803146,-35.1018180847168,0,0.09,76,104,0.5887243,3.927031153669724,41543,0.05540704197483137
dqn_modified,DQN,Modified,455,-96.87788531067078,-36.38631057739258,0,0.09,82,111,0.5876254,3.086950472883276,41654,0.06150770798558369
dqn_modified,DQN,Modified,456,-115.72233833773927,-36.03114318847656,0,0.09,69,95,0.5866849,3.611768273303383,41749,0.05082512498483993
dqn_modified,DQN,Modified,457,-71.63833297141773,-34.91861343383789,0,0.09,89,110,0.5855959,3.6194518121806056,41859,0.05890866700792685
dqn_modified,DQN,Modified,458,-83.76000609822202,-36.705909729003906,0,0.08,77,115,0.5844574,3.461695473090462,41974,0.060968166013481095
dqn_modified,DQN,Modified,459,-2.837444792405563,-37.691001892089844,1,0.09,83,107,0.5833980999999999,3.5400237925698823,42081,0.05872416700003669
dqn_modified,DQN,Modified,460,-64.2756997697106,-36.09303283691406,0,0.09,66,77,0.5826358,3.2036551686076375,42158,0.0434002919937484
dqn_modified,DQN,Modified,461,-105.67825859518115,-36.440086364746094,0,0.09,80,104,0.5816062,3.5985905109689784,42262,0.0580092910095118
dqn_modified,DQN,Modified,462,-44.71713688078712,-36.47161102294922,0,0.09,81,92,0.5806954,3.6585558277109396,42354,0.05452754200086929
dqn_modified,DQN,Modified,463,-77.46639053784264,-37.288692474365234,0,0.09,65,90,0.5798044,3.112062156200409,42444,0.048103041015565395
dqn_modified,DQN,Modified,464,-99.77017673562034,-38.20957946777344,0,0.09,67,77,0.5790421,2.7846068329625315,42521,0.04302400001324713
dqn_modified,DQN,Modified,465,-72.82369451800932,-37.67818069458008,0,0.09,60,68,0.5783689000000001,3.209647011230974,42589,0.03907458297908306
dqn_modified,DQN,Modified,466,-59.66972173620264,-37.785587310791016,0,0.09,93,106,0.5773195,3.230067232869706,42695,0.05977008299669251
dqn_modified,DQN,Modified,467,-234.802695874187,-37.42829895019531,0,0.09,108,138,0.5759533,3.421990010617436,42833,0.07790025000576861
dqn_modified,DQN,Modified,468,-104.2660906261027,-37.56031036376953,0,0.09,71,87,0.5750919999999999,3.8863028849678476,42920,0.04888412498985417
dqn_modified,DQN,Modified,469,-64.64927875319165,-39.0101432800293,0,0.09,76,89,0.5742109,3.4299693951446018,43009,0.048993708012858406
dqn_modified,DQN,Modified,470,-94.49204264000721,-38.29254913330078,0,0.09,57,70,0.5735179,3.827404079266957,43079,0.04650295901228674
dqn_modified,DQN,Modified,471,-39.70822928648986,-37.62574768066406,0,0.09,76,96,0.5725675,3.4226481784135103,43175,0.05139037501066923
dqn_modified,DQN,Modified,472,-65.24721236030025,-38.85602951049805,0,0.09,59,77,0.5718052,3.2384022884554677,43252,0.04124754201620817
dqn_modified,DQN,Modified,473,-18.067789358627017,-38.45341491699219,1,0.1,84,117,0.5706469,2.8732346382915464,43369,0.06484983398695476
dqn_modified,DQN,Modified,474,-62.75036580020211,-38.70109939575195,0,0.1,93,112,0.5695381,3.591710044869355,43481,0.06075858400436118
dqn_modified,DQN,Modified,475,-28.720062551871237,-40.06594467163086,0,0.1,114,149,0.568063,3.5658813102933387,43630,0.08059154101647437
dqn_modified,DQN,Modified,476,-63.09743155392126,-39.06187438964844,0,0.1,75,83,0.5672413000000001,3.1233265665640313,43713,0.04533262498443946
dqn_modified,DQN,Modified,477,14.96906401962805,-38.5844841003418,1,0.11,59,68,0.5665681,3.7353656309492447,43781,0.03768041598959826
dqn_modified,DQN,Modified,478,-121.03111120226326,-38.667579650878906,0,0.11,64,81,0.5657662,2.9714827868673535,43862,0.04487058299127966
dqn_modified,DQN,Modified,479,-71.61477852034905,-39.14665222167969,0,0.11,127,150,0.5642811999999999,3.2725070106983183,44012,0.08106037499965169
dqn_modified,DQN,Modified,480,-155.37825546592947,-39.6201171875,0,0.11,83,116,0.5631328,3.2328779985164773,44128,0.07406862499192357
dqn_modified,DQN,Modified,481,-58.050266877179276,-39.6275634765625,0,0.11,63,75,0.5623903,2.923976530234019,44203,0.04380625000339933
dqn_modified,DQN,Modified,482,-89.02490091219939,-39.31024932861328,0,0.11,98,129,0.5611132000000001,3.7395514360693998,44332,0.09516008300124668
dqn_modified,DQN,Modified,483,-44.86809444646251,-38.670753479003906,0,0.11,57,70,0.5604202,3.27504859822137,44402,0.04600179201224819
dqn_modified,DQN,Modified,484,-53.33581412274036,-39.02442169189453,0,0.11,77,102,0.5594104,3.3585261281798866,44504,0.060078499984228984
dqn_modified,DQN,Modified,485,-94.24660704650627,-38.561187744140625,0,0.11,73,94,0.5584798,3.4848508137337704,44598,0.05097662497428246
dqn_modified,DQN,Modified,486,-91.14952629568756,-39.28470230102539,0,0.11,111,130,0.5571927999999999,3.5461345049051136,44728,0.07342400000197813
dqn_modified,DQN,Modified,487,-101.77273929594864,-39.246337890625,0,0.11,83,91,0.5562919,3.150173028091808,44819,0.049858834012411535
dqn_modified,DQN,Modified,488,-91.07302323372755,-39.04487609863281,0,0.11,80,92,0.5553811,3.0042534379855446,44911,0.05250575000536628
dqn_modified,DQN,Modified,489,-221.148362360686,-38.35993957519531,0,0.11,94,117,0.5542228,3.80098777041476,45028,0.06427733300370164
dqn_modified,DQN,Modified,490,-116.47539114712815,-38.80762481689453,0,0.11,69,87,0.5533615000000001,3.332839119708401,45115,0.047500833024969324
dqn_modified,DQN,Modified,491,-66.49771525048095,-38.649871826171875,0,0.1,102,117,0.5522032,3.178757939583216,45232,0.06542358300066553
dqn_modified,DQN,Modified,492,-67.43835672544836,-38.259246826171875,0,0.1,78,102,0.5511934000000001,3.128553797801336,45334,0.05477708298712969
dqn_modified,DQN,Modified,493,-76.95689598589004,-38.0965576171875,0,0.1,53,61,0.5505895000000001,4.051270483947191,45395,0.03342791699105874
dqn_modified,DQN,Modified,494,-104.26186790587509,-38.866580963134766,0,0.1,86,106,0.5495401,3.5319305680832773,45501,0.06965762499021366
dqn_modified,DQN,Modified,495,-146.19340387944212,-39.59334182739258,0,0.1,90,118,0.5483719,2.9197945195739554,45619,0.08445791702251881
dqn_modified,DQN,Modified,496,-67.7275543074417,-39.20464324951172,0,0.1,66,76,0.5476194999999999,3.2194543747525466,45695,0.05619475001003593
dqn_modified,DQN,Modified,497,-65.12866391945771,-39.380775451660156,0,0.1,78,115,0.546481,3.5782902359962465,45810,0.08622916700551286
dqn_modified,DQN,Modified,498,-61.51303201295597,-38.88243103027344,0,0.1,86,118,0.5453128,3.212176959393388,45928,0.08372749999398366
dqn_modified,DQN,Modified,499,-72.52621695239412,-40.298255920410156,0,0.1,102,124,0.5440852,3.375788976107874,46052,0.09941749999416061
dqn_modified,DQN,Modified,500,-73.10106794706593,-40.43459701538086,0,0.1,89,121,0.5428873000000001,4.184220370674922,46173,0.08783154201228172
dqn_modified,DQN,Modified,501,-74.69480356683906,-39.455406188964844,0,0.1,71,83,0.5420655999999999,3.6265081239033896,46256,0.058916375011904165
dqn_modified,DQN,Modified,502,-115.69891135638532,-40.50658416748047,0,0.1,85,112,0.5409568,3.326797460338899,46368,0.07406183399143629
dqn_modified,DQN,Modified,503,-76.10393243881342,-40.154930114746094,0,0.1,101,121,0.5397589,3.3135442768246675,46489,0.07812383299460635
dqn_modified,DQN,Modified,504,-55.5405672422681,-41.282962799072266,0,0.09,112,145,0.5383234,3.302805780131241,46634,0.08944587499718182
dqn_modified,DQN,Modified,505,-83.19315703024398,-40.74694061279297,0,0.09,81,104,0.5372938,3.856755760426705,46738,0.06333591698785312
dqn_modified,DQN,Modified,506,-77.47644659833459,-41.12334442138672,0,0.09,76,84,0.5364622,3.850251595888819,46822,0.05146720798802562
dqn_modified,DQN,Modified,507,-64.02215988226695,-41.30741882324219,0,0.09,99,109,0.5353831,3.8981621861457825,46931,0.07374020799761638
dqn_modified,DQN,Modified,508,-79.39056185439246,-40.200958251953125,0,0.09,67,82,0.5345713000000001,3.379828426896072,47013,0.06101616600062698
dqn_modified,DQN,Modified,509,-79.28556527179146,-41.40423583984375,0,0.09,86,111,0.5334724,3.4258499800621927,47124,0.08710545799112879
dqn_modified,DQN,Modified,510,-19.8576431100918,-40.836856842041016,0,0.09,96,108,0.5324032,3.4330559102473437,47232,0.08235574999707751
dqn_modified,DQN,Modified,511,-42.15320050972778,-40.611209869384766,0,0.09,76,90,0.5315122000000001,3.6903223931789397,47322,0.06526879197917879
dqn_modified,DQN,Modified,512,-238.63134738839517,-40.71098327636719,0,0.09,85,110,0.5304232,3.197726658257571,47432,0.08342249999986961
dqn_modified,DQN,Modified,513,-106.81295591732504,-41.76805114746094,0,0.08,79,86,0.5295718,4.029374072718066,47518,0.049185333016794175
dqn_modified,DQN,Modified,514,-113.79729124098587,-42.93512725830078,0,0.08,71,86,0.5287204,3.2050048507923306,47604,0.055827375006629154
dqn_modified,DQN,Modified,515,-58.33216901203558,-41.73914337158203,0,0.08,74,93,0.5277997,3.962417698034676,47697,0.08934137501637451
dqn_modified,DQN,Modified,516,-98.00958983858808,-42.26517105102539,0,0.08,85,110,0.5267107,3.3237500575455754,47807,0.08468304100097157
dqn_modified,DQN,Modified,517,8.843537222210259,-42.735774993896484,1,0.09,63,78,0.5259385000000001,3.764962390447274,47885,0.054937582986894995
dqn_modified,DQN,Modified,518,-76.50948430681656,-42.28654479980469,0,0.09,65,84,0.5251068999999999,3.0465082185609,47969,0.056178207974880934
dqn_modified,DQN,Modified,519,-46.89413594763304,-42.87679672241211,0,0.09,105,132,0.5238001,3.5024724525935724,48101,0.0821043330070097
dqn_modified,DQN,Modified,520,36.50344399428792,-41.90559768676758,1,0.1,71,87,0.5229388,4.079385964349768,48188,0.05388737501925789
dqn_modified,DQN,Modified,521,-89.63022646033403,-42.188209533691406,0,0.1,69,81,0.5221369,3.202207021507216,48269,0.04538275001686998
dqn_modified,DQN,Modified,522,-122.20367945741023,-42.107826232910156,0,0.1,85,117,0.5209786000000001,3.1357653400836845,48386,0.0688067089940887
dqn_modified,DQN,Modified,523,-66.98548499555227,-42.66282653808594,0,0.1,65,85,0.5201371,3.469020936769598,48471,0.04458004201296717
dqn_modified,DQN,Modified,524,-113.67399997705739,-42.70598602294922,0,0.1,84,111,0.5190382,3.230604798407168,48582,0.06195566602400504
dqn_modified,DQN,Modified,525,-88.20840881440726,-42.871002197265625,0,0.1,101,125,0.5178007,3.5472511634826662,48707,0.06915645801927894
dqn_modified,DQN,Modified,526,-57.38082398670217,-42.81675720214844,0,0.1,92,116,0.5166523000000001,3.244528797679934,48823,0.06418804099666886
dqn_modified,DQN,Modified,527,-82.43711868962613,-43.7357177734375,0,0.1,99,123,0.5154346000000001,3.2989661746877963,48946,0.06861758299055509
dqn_modified,DQN,Modified,528,-112.14999007362422,-42.435829162597656,0,0.1,99,121,0.5142367,3.481811820475523,49067,0.07752433401765302
dqn_modified,DQN,Modified,529,-111.92414742597815,-42.71092224121094,0,0.1,82,98,0.5132665000000001,3.5705143109876283,49165,0.05506054201396182
dqn_modified,DQN,Modified,530,-61.21660898561025,-41.9830207824707,0,0.1,74,79,0.5124844,2.6230500280102595,49244,0.04669883399037644
dqn_modified,DQN,Modified,531,-30.914233863602064,-42.677738189697266,0,0.1,61,82,0.5116726,3.0082526803016663,49326,0.04703862499445677
dqn_modified,DQN,Modified,532,-21.38833236389962,-42.176002502441406,0,0.1,120,152,0.5101678000000001,3.354102983286506,49478,0.0831826249777805
dqn_modified,DQN,Modified,533,-33.49636846781341,-43.254947662353516,0,0.1,117,153,0.5086531000000001,3.3064807556033915,49631,0.10155779198976234
dqn_modified,DQN,Modified,534,-74.22865842512735,-42.956825256347656,0,0.1,106,146,0.5072077,3.054974186910342,49777,0.08691708298283629
dqn_modified,DQN,Modified,535,-22.692335478600825,-42.32335662841797,0,0.1,68,82,0.5063959,3.0674980893367674,49859,0.047678208007710055
dqn_modified,DQN,Modified,536,-75.91285051500536,-41.94733428955078,0,0.09,78,92,0.5054851,3.387541255225306,49951,0.05169854199630208
dqn_modified,DQN,Modified,537,-11.77211148889738,-41.827693939208984,0,0.08,93,112,0.5043763,3.5611469793532575,50063,0.05916270799934864
dqn_modified,DQN,Modified,538,-69.37659635844977,-42.65627670288086,0,0.07,99,125,0.5031388,2.981524733066559,50188,0.06775070799631067
dqn_modified,DQN,Modified,539,-127.15412273408549,-42.972694396972656,0,0.07,65,80,0.5023468,3.040871684253216,50268,0.04438549999031238
dqn_modified,DQN,Modified,540,-6.92626994020754,-42.90913391113281,1,0.08,89,107,0.5012875,3.42188402035526,50375,0.05958162498427555
dqn_modified,DQN,Modified,541,6.002056657699896,-42.222042083740234,0,0.08,97,110,0.5001985,3.564440136606043,50485,0.059585916984360665
dqn_modified,DQN,Modified,542,-79.30847424301697,-44.853981018066406,0,0.08,95,121,0.4990006,3.57639944257815,50606,0.06718958300189115
dqn_modified,DQN,Modified,543,-64.3845055392404,-42.69407653808594,0,0.08,112,146,0.4975552000000001,3.320204435554269,50752,0.08421641701715998
dqn_modified,DQN,Modified,544,-141.70909048520718,-43.95905303955078,0,0.07,72,88,0.496684,3.1339183808727697,50840,0.04895633299020119
dqn_modified,DQN,Modified,545,-140.32797535280957,-43.514808654785156,0,0.07,63,85,0.4958425000000001,2.813093438569237,50925,0.04685454198624939
dqn_modified,DQN,Modified,546,-57.273107625521796,-43.507354736328125,0,0.07,134,152,0.4943377000000001,3.338836122108133,51077,0.08412779198260978
dqn_modified,DQN,Modified,547,-50.23868144949112,-42.991111755371094,0,0.07,65,79,0.4935556,3.5416320969786823,51156,0.04379408300155774
dqn_modified,DQN,Modified,548,-10.455205767868208,-44.04408264160156,1,0.08,78,109,0.4924765,3.6185501381891583,51265,0.058319375006249174
dqn_modified,DQN,Modified,549,-31.482780678131647,-43.956520080566406,0,0.08,69,86,0.49162510000000004,3.484123916126961,51351,0.04812204098561779
dqn_modified,DQN,Modified,550,-106.13255671299034,-43.355934143066406,0,0.08,62,70,0.4909321000000001,3.2309012821742464,51421,0.037912917003268376
dqn_modified,DQN,Modified,551,-231.34386208646197,-45.259620666503906,0,0.07,137,158,0.4893679000000001,3.4655136677283274,51579,0.09303162500145845
dqn_modified,DQN,Modified,552,-68.52671040926924,-42.930206298828125,0,0.07,66,82,0.48855609999999994,3.696551066346285,51661,0.04370470799040049
dqn_modified,DQN,Modified,553,-56.831488998391066,-43.925594329833984,0,0.07,89,112,0.48744730000000003,3.723177240363189,51773,0.061852832994190976
dqn_modified,DQN,Modified,554,-107.62918950555456,-44.68095779418945,0,0.07,83,112,0.4863385,2.980767731155668,51885,0.06018979198415764
dqn_modified,DQN,Modified,555,-47.28351886801318,-44.311622619628906,0,0.07,74,84,0.4855069000000001,3.3547617537634715,51969,0.05500216700602323
dqn_modified,DQN,Modified,556,-32.99985339487621,-43.85104751586914,0,0.07,63,72,0.4847941,3.2073349406321845,52041,0.03947445799713023
dqn_modified,DQN,Modified,557,-88.26786047984551,-43.70734786987305,0,0.07,61,79,0.484012,3.689189323896094,52120,0.04381479200674221
dqn_modified,DQN,Modified,558,-63.80150757036708,-43.8636474609375,0,0.07,119,150,0.48252699999999993,3.0032493801911673,52270,0.08288812500541098
dqn_modified,DQN,Modified,559,-96.39064475164312,-44.25780487060547,0,0.06,94,123,0.48130930000000005,2.904453961829829,52393,0.06890437501715496
dqn_modified,DQN,Modified,560,-66.49611234975646,-44.39479446411133,0,0.06,139,159,0.47973520000000003,2.7443797475886793,52552,0.08949050001683645
dqn_modified,DQN,Modified,561,-57.83845436113841,-44.030921936035156,0,0.06,66,77,0.4789728999999999,3.0456169464371423,52629,0.042333791992859915
dqn_modified,DQN,Modified,562,-99.58540752858798,-44.44163513183594,0,0.06,83,102,0.4779631000000001,3.2558773136606405,52731,0.09064104099525139
dqn_modified,DQN,Modified,563,-112.49197528897763,-44.57851028442383,0,0.06,65,90,0.4770721,3.214699508084191,52821,0.05158137498074211
dqn_modified,DQN,Modified,564,-74.37338456676663,-43.642730712890625,0,0.06,76,96,0.4761217,3.691565108175079,52917,0.05461520899552852
dqn_modified,DQN,Modified,565,-5.868253111666462,-44.024009704589844,0,0.06,105,122,0.4749139,3.153440939598396,53039,0.06594875000882894
dqn_modified,DQN,Modified,566,-36.40345911046011,-44.068519592285156,0,0.06,106,140,0.4735279,2.8819443941116334,53179,0.07634562498424202
dqn_modified,DQN,Modified,567,-92.78829104066749,-43.05048370361328,0,0.06,87,99,0.47254779999999996,3.04791590782127,53278,0.053405749989906326
dqn_modified,DQN,Modified,568,-92.01091929603007,-44.86376190185547,0,0.06,90,99,0.47156770000000003,3.0708978555419226,53377,0.05578645798959769
dqn_modified,DQN,Modified,569,-83.77415597124491,-43.82393264770508,0,0.06,77,105,0.47052820000000006,3.486845562571571,53482,0.05994320899480954
dqn_modified,DQN,Modified,570,-89.35439551880374,-45.07810974121094,0,0.06,80,111,0.46942929999999994,4.0558051252150324,53593,0.062262041989015415
dqn_modified,DQN,Modified,571,-69.1593426393226,-44.87604904174805,0,0.06,58,64,0.46879570000000004,3.15650936961174,53657,0.035044082993408665
dqn_modified,DQN,Modified,572,-81.06270714489327,-45.183921813964844,0,0.06,87,108,0.46772650000000004,3.0719027331581823,53765,0.05723179198685102
dqn_modified,DQN,Modified,573,-99.12018411344793,-46.42213439941406,0,0.05,71,97,0.4667662,3.5940550424389004,53862,0.05637733300682157
dqn_modified,DQN,Modified,574,-51.068548873031865,-45.15915298461914,0,0.05,140,154,0.46524160000000003,3.1903056602973443,54016,0.08999883400974795
dqn_modified,DQN,Modified,575,-63.22018095073681,-45.68995666503906,0,0.05,68,80,0.4644496,4.026323080062866,54096,0.04069470800459385
dqn_modified,DQN,Modified,576,-38.046485216633045,-44.989013671875,0,0.05,73,86,0.46359820000000007,3.2735518092332883,54182,0.046987917012302205
dqn_modified,DQN,Modified,577,-56.73614518288497,-45.959449768066406,0,0.04,55,63,0.46297450000000007,3.041306465391129,54245,0.03702183300629258
dqn_modified,DQN,Modified,578,-69.72906868916527,-45.29644775390625,0,0.04,105,113,0.46185580000000004,3.0383064224656704,54358,0.06202233297517523
dqn_modified,DQN,Modified,579,-83.43026636317478,-46.58130645751953,0,0.04,86,116,0.4607074,3.125031237972194,54474,0.06452545899082907
dqn_modified,DQN,Modified,580,-36.269204369280004,-47.85883712768555,0,0.04,70,82,0.45989559999999996,3.3803672921366807,54556,0.044035667000571266
dqn_modified,DQN,Modified,581,-35.51924519412937,-47.215576171875,0,0.04,131,178,0.4581333999999999,3.3201729327105403,54734,0.10218541699578054
dqn_modified,DQN,Modified,582,-497.48843650743316,-47.487884521484375,0,0.04,817,958,0.4486492000000001,3.284263737733031,55692,0.5600722919916734
dqn_modified,DQN,Modified,583,-46.76025453422409,-46.91904067993164,0,0.04,111,140,0.44726319999999997,3.3450886662517276,55832,0.07848624998587184
dqn_modified,DQN,Modified,584,6.438283907640795,-49.17479705810547,1,0.05,198,212,0.4451643999999999,3.293292565728134,56044,0.11996645800536498
dqn_modified,DQN,Modified,585,-50.224758656144864,-47.744354248046875,0,0.05,60,66,0.444511,3.027860226956281,56110,0.03796654200414196
dqn_modified,DQN,Modified,586,-38.621922682559926,-48.864131927490234,0,0.05,100,125,0.4432735,3.3860981402397154,56235,0.06935087498277426
dqn_modified,DQN,Modified,587,25.148877976631,-49.416725158691406,1,0.06,91,114,0.44214489999999995,3.076097298086735,56349,0.06278254199423827
dqn_modified,DQN,Modified,588,-100.15933595035105,-49.17055130004883,0,0.06,105,140,0.44075889999999995,2.8838320055178235,56489,0.0791052499844227
dqn_modified,DQN,Modified,589,-128.6777316282283,-49.71722412109375,0,0.06,106,134,0.4394323,3.1044812754018984,56623,0.07265824999194592
dqn_modified,DQN,Modified,590,-35.67502493621724,-50.3206787109375,0,0.06,107,127,0.438175,3.252846631478137,56750,0.06932008400326595
dqn_modified,DQN,Modified,591,-86.32310881535331,-50.05970001220703,0,0.06,92,117,0.43701670000000004,3.0672775191119594,56867,0.06479629199020565
dqn_modified,DQN,Modified,592,-34.61050195613183,-50.368980407714844,0,0.06,90,129,0.4357396,3.4306751027587774,56996,0.06979562502237968
dqn_modified,DQN,Modified,593,-59.47921157938375,-51.19166946411133,0,0.06,94,108,0.4346704,3.243252310487959,57104,0.05813691602088511
dqn_modified,DQN,Modified,594,-68.76456780167162,-51.493465423583984,0,0.06,118,153,0.43315570000000003,3.313850165192598,57257,0.08146491699153557
dqn_modified,DQN,Modified,595,-41.22912490282839,-51.819549560546875,0,0.06,130,157,0.4316014,3.3146369791334602,57414,0.0913930409878958
dqn_modified,DQN,Modified,596,-99.5429258103132,-49.631309509277344,0,0.06,95,124,0.43037380000000003,2.9995057188695475,57538,0.06889654099359177
dqn_modified,DQN,Modified,597,-47.706267478929014,-51.12442398071289,0,0.06,82,92,0.42946299999999993,3.1013484584248583,57630,0.04840166599024087
dqn_modified,DQN,Modified,598,-72.70226885733311,-49.99723434448242,0,0.06,90,116,0.4283146,3.188789797754123,57746,0.06536191600025631
dqn_modified,DQN,Modified,599,-52.33056422004379,-49.646629333496094,0,0.06,64,70,0.42762160000000005,2.9202667696135385,57816,0.04600366699742153
dqn_modified,DQN,Modified,600,36.848987198892175,-50.60658645629883,1,0.07,66,76,0.42686920000000006,2.9314984287086285,57892,0.04648054201970808
dqn_modified,DQN,Modified,601,-68.5588316537323,-50.24784851074219,0,0.07,86,97,0.42590890000000003,3.474022743628197,57989,0.054228374996455386
dqn_modified,DQN,Modified,602,-10.639984817455002,-50.446807861328125,0,0.07,76,86,0.4250575,3.084026425383812,58075,0.046536709007341415
dqn_modified,DQN,Modified,603,-78.6249837776162,-51.16181945800781,0,0.07,77,96,0.42410710000000007,3.3563267520318427,58171,0.0548234999878332
dqn_modified,DQN,Modified,604,-37.220983148430584,-49.845115661621094,0,0.07,97,110,0.42301809999999995,3.04582490270788,58281,0.062002291000681
dqn_modified,DQN,Modified,605,-35.33766571350603,-50.68103790283203,0,0.07,112,132,0.4217113,3.0991423468698156,58413,0.07609658301225863
dqn_modified,DQN,Modified,606,4.513854132945653,-51.30564880371094,0,0.07,85,94,0.4207807,3.068038721667959,58507,0.05429133301367983
dqn_modified,DQN,Modified,607,-57.288280260407205,-51.13735580444336,0,0.07,124,137,0.41942440000000003,3.146809402173453,58644,0.1045810840150807
dqn_modified,DQN,Modified,608,-150.16376969786927,-50.89670944213867,0,0.07,74,96,0.418474,3.0547249714533486,58740,0.06684754099114798
dqn_modified,DQN,Modified,609,-104.25977728520462,-50.915313720703125,0,0.07,104,120,0.41728600000000005,3.0846198399861655,58860,0.06536958299693651
dqn_modified,DQN,Modified,610,-24.950112498331606,-50.696571350097656,0,0.07,97,122,0.41607819999999995,3.2213043756172306,58982,0.06784741702722386
dqn_modified,DQN,Modified,611,-87.7427043272067,-49.89598083496094,0,0.07,69,80,0.41528619999999994,3.458132205158472,59062,0.04551054199691862
dqn_modified,DQN,Modified,612,-161.10627834808028,-51.13285827636719,0,0.07,357,404,0.41128660000000006,3.377517349649184,59466,0.22988341699237935
dqn_modified,DQN,Modified,613,-43.80410755528854,-51.79052734375,0,0.07,79,91,0.41038569999999996,3.292251086497045,59557,0.05322720800177194
dqn_modified,DQN,Modified,614,-33.66523994135048,-52.01976013183594,0,0.07,140,174,0.40866309999999995,3.1146556231482276,59731,0.09923345898278058
dqn_modified,DQN,Modified,615,-87.51029245966988,-51.76934814453125,0,0.07,105,129,0.407386,3.0910372710967247,59860,0.07036199999856763
dqn_modified,DQN,Modified,616,-75.65168126325449,-53.47156524658203,0,0.07,87,102,0.40637619999999997,3.3964564075656964,59962,0.05551712500164285
dqn_modified,DQN,Modified,617,-10.525906004082955,-51.68294143676758,0,0.06,78,93,0.40545549999999997,3.0268011868640943,60055,0.05268941697431728
dqn_modified,DQN,Modified,618,-61.7992513270113,-51.74827194213867,0,0.06,63,85,0.4046139999999999,3.2710049131337335,60140,0.0464627500041388
dqn_modified,DQN,Modified,619,-22.30684793268972,-50.9912223815918,0,0.06,97,108,0.40354480000000004,3.2943828254938126,60248,0.06058795901481062
dqn_modified,DQN,Modified,620,-123.74756495285945,-51.655433654785156,1,0.06,366,441,0.3991789,3.3020630642400035,60689,0.24843754200264812
dqn_modified,DQN,Modified,621,-51.038423386762474,-52.15928649902344,0,0.06,80,92,0.3982681,3.043813760513845,60781,0.05414233400369994
dqn_modified,DQN,Modified,622,-61.624769260885934,-52.57917022705078,0,0.06,93,123,0.3970504,3.5007435093081094,60904,0.06835270798183046
dqn_modified,DQN,Modified,623,-38.46769880907485,-51.22003173828125,0,0.06,124,150,0.39556540000000007,2.8787261974811553,61054,0.08181224999134429
dqn_modified,DQN,Modified,624,-82.81403790392312,-51.583396911621094,0,0.06,82,91,0.3946645,3.1609872795723297,61145,0.051125166995916516
dqn_modified,DQN,Modified,625,10.930230543760686,-50.36623764038086,0,0.06,118,138,0.3932983,3.085524051949598,61283,0.08114545801072381
dqn_modified,DQN,Modified,626,-99.76152870851057,-50.792808532714844,0,0.06,96,116,0.39214989999999994,2.9923010766506195,61399,0.06398354200064205
dqn_modified,DQN,Modified,627,-62.457885455831324,-51.129913330078125,0,0.06,118,140,0.39076390000000005,2.7583842537232806,61539,0.07997562500531785
dqn_modified,DQN,Modified,628,-88.65537400616262,-51.849098205566406,0,0.06,66,76,0.39001150000000007,2.9867552346304844,61615,0.0430482910014689
dqn_modified,DQN,Modified,629,-32.008895301616306,-50.32881164550781,0,0.06,93,109,0.38893239999999996,3.367418230126757,61724,0.05790408400935121
dqn_modified,DQN,Modified,630,-78.29618233438079,-51.81588363647461,0,0.06,104,114,0.3878037999999999,3.2057864990150717,61838,0.06023379199905321
dqn_modified,DQN,Modified,631,-45.185986117438176,-51.91472625732422,0,0.06,107,132,0.386497,3.290203971844731,61970,0.07195391698041931
dqn_modified,DQN,Modified,632,-14.917939845454512,-50.676422119140625,0,0.06,135,165,0.3848635,2.991065647024097,62135,0.09150933398632333
dqn_modified,DQN,Modified,633,-69.54489898743978,-50.32556915283203,0,0.06,97,99,0.3838834,2.967598733275828,62234,0.05671449998044409
dqn_modified,DQN,Modified,634,12.261414043306957,-49.7664680480957,1,0.07,111,142,0.3824776,3.0187872140340404,62376,0.08213720898493193
dqn_modified,DQN,Modified,635,-1.6502910746323494,-49.920509338378906,1,0.08,90,113,0.38135890000000006,2.89079591869253,62489,0.06413850001990795
dqn_modified,DQN,Modified,636,-35.39365673383142,-49.51155090332031,0,0.08,92,126,0.38011150000000005,3.466069248933641,62615,0.07266420900123194
dqn_modified,DQN,Modified,637,-60.18347137962767,-50.62984085083008,0,0.08,85,136,0.37876509999999997,3.1504475443678746,62751,0.077856709016487
dqn_modified,DQN,Modified,638,-39.94409659815586,-49.73905944824219,0,0.08,185,203,0.37675539999999996,3.151584022150838,62954,0.11473466700408608
dqn_modified,DQN,Modified,639,-146.4321662988753,-48.754676818847656,1,0.09,441,572,0.3710926,3.0666307644410566,63526,0.3452478749968577
dqn_modified,DQN,Modified,640,-53.49691258886517,-49.31848907470703,0,0.08,72,94,0.370162,2.990805434419754,63620,0.053136458998778835
dqn_modified,DQN,Modified,641,-63.107291820239496,-49.147403717041016,0,0.08,71,109,0.3690829,2.9943846901622386,63729,0.06890237500192598
dqn_modified,DQN,Modified,642,-42.36126380609076,-50.79047775268555,0,0.08,104,116,0.36793450000000005,3.4340652304476706,63845,0.06555154200759716
dqn_modified,DQN,Modified,643,-71.16951175412942,-49.67727279663086,0,0.08,124,139,0.36655840000000006,3.763177231061373,63984,0.07945683400612324
dqn_modified,DQN,Modified,644,-98.74246892747566,-48.97879409790039,0,0.08,65,73,0.3658357,3.7572821868609076,64057,0.04192979200161062
dqn_modified,DQN,Modified,645,-238.46869131557546,-49.42845153808594,0,0.08,634,829,0.35762859999999996,3.172183931880463,64886,0.4815835000190418
dqn_modified,DQN,Modified,646,9.93470871306485,-49.22063064575195,0,0.08,100,108,0.3565594000000001,3.1870037389022334,64994,0.06666350000887178
dqn_modified,DQN,Modified,647,-29.932341503614495,-49.29589080810547,0,0.08,110,137,0.3552031000000001,3.3708636138560997,65131,0.08991233300184831
dqn_modified,DQN,Modified,648,-23.737202469129826,-49.90859603881836,0,0.07,93,102,0.35419330000000004,2.9087099374509324,65233,0.058763291977811605
dqn_modified,DQN,Modified,649,-2.711695614558522,-49.88605499267578,1,0.08,98,117,0.353035,2.5742051642165227,65350,0.06547816700185649
dqn_modified,DQN,Modified,650,-67.62939339627997,-49.52570724487305,0,0.08,69,75,0.3522925,2.7892555538813273,65425,0.04433937501744367
dqn_modified,DQN,Modified,651,-1.5115946079016993,-50.26441192626953,0,0.08,102,144,0.3508669,2.962660972442892,65569,0.0829201249871403
dqn_modified,DQN,Modified,652,-49.47243628248053,-49.313575744628906,0,0.08,118,144,0.34944130000000007,2.702286526146862,65713,0.08661870798096061
dqn_modified,DQN,Modified,653,-43.16211978516971,-50.35990905761719,0,0.08,127,145,0.3480057999999999,2.869630182200465,65858,0.08999187502195127
dqn_modified,DQN,Modified,654,-80.58675095564602,-49.91407012939453,0,0.08,85,94,0.34707520000000003,2.7313155766497266,65952,0.05430783302290365
dqn_modified,DQN,Modified,655,-80.80457406994695,-49.98568344116211,0,0.08,73,80,0.3462832,2.5895895078778266,66032,0.049786874995334074
dqn_modified,DQN,Modified,656,-117.96032661494073,-50.69423294067383,0,0.08,104,112,0.3451744,3.2455751709640026,66144,0.06991320798988454
dqn_modified,DQN,Modified,657,-33.16155870237067,-50.287940979003906,0,0.08,91,102,0.34416459999999993,3.177568016683354,66246,0.05828354100231081
dqn_modified,DQN,Modified,658,-54.69021587518606,-50.278114318847656,0,0.08,97,132,0.3428578,3.249381322752346,66378,0.07897462500841357
dqn_modified,DQN,Modified,659,-7.191343218527706,-51.03264236450195,0,0.08,94,106,0.3418084,3.010986197669551,66484,0.06189325000741519
dqn_modified,DQN,Modified,660,27.63888061001036,-49.76768493652344,1,0.09,92,107,0.3407491,3.3096239032032333,66591,0.0584466670115944
dqn_modified,DQN,Modified,661,13.369839211079515,-49.58457565307617,1,0.1,137,155,0.3392145999999999,3.124412859639814,66746,0.09059020801214501
dqn_modified,DQN,Modified,662,-73.83897179283213,-50.36651611328125,0,0.1,91,124,0.33798700000000004,2.9991386071328194,66870,0.0680086670035962
dqn_modified,DQN,Modified,663,-76.16155820076281,-49.121360778808594,0,0.1,112,130,0.3367,2.823639839429122,67000,0.08225324997329153
dqn_modified,DQN,Modified,664,-48.048133792763764,-49.15776062011719,0,0.1,114,131,0.33540310000000007,3.0294013032476412,67131,0.07683683300274424
dqn_modified,DQN,Modified,665,-68.39460773806269,-49.06064224243164,0,0.1,143,178,0.3336409,3.353752269503776,67309,0.09701233298983425
dqn_modified,DQN,Modified,666,-57.911871248945175,-49.728782653808594,0,0.1,119,142,0.3322351,3.056324042484794,67451,0.07803716699709184
dqn_modified,DQN,Modified,667,-51.51179235969401,-47.73945999145508,0,0.1,64,70,0.33154210000000006,3.188712433406285,67521,0.03862933401251212
dqn_modified,DQN,Modified,668,-33.31832536649189,-48.19303894042969,0,0.1,82,117,0.3303838,3.1178584710145607,67638,0.06406595799489878
dqn_modified,DQN,Modified,669,-18.54528264482184,-48.08897018432617,0,0.1,108,130,0.3290968000000001,3.127597672205705,67768,0.06913883300148882
dqn_modified,DQN,Modified,670,-26.361392798009177,-48.089534759521484,0,0.1,99,118,0.3279286,2.8029849049398456,67886,0.0657887079869397
dqn_modified,DQN,Modified,671,11.79599771846469,-48.6177864074707,0,0.1,99,108,0.3268594,2.957398043738471,67994,0.057701999990968034
dqn_modified,DQN,Modified,672,-29.20334666865587,-47.061622619628906,0,0.1,131,159,0.3252853,2.9435763280346707,68153,0.08885995799209923
dqn_modified,DQN,Modified,673,-28.25756284516156,-46.879676818847656,0,0.1,84,89,0.32440420000000003,2.4948797266135054,68242,0.05003704098635353
dqn_modified,DQN,Modified,674,-92.0856239093169,-47.26410675048828,0,0.1,123,139,0.32302809999999993,2.8863694770730657,68381,0.07600908298627473
dqn_modified,DQN,Modified,675,-61.918099596572475,-48.247352600097656,0,0.1,112,131,0.3217312000000001,2.926363731613596,68512,0.07301649998407811
dqn_modified,DQN,Modified,676,-11.868909313006554,-48.08354568481445,0,0.1,124,137,0.3203748999999999,3.047184971127197,68649,0.07593612498021685
dqn_modified,DQN,Modified,677,-76.30197543156648,-47.70922088623047,0,0.1,105,125,0.3191374,2.8318068952560425,68774,0.06911829099408351
dqn_modified,DQN,Modified,678,-4.506760734077716,-47.11774444580078,0,0.1,103,132,0.31783059999999996,3.2056290818886324,68906,0.07430666600703262
dqn_modified,DQN,Modified,679,-30.783641127241978,-48.51081466674805,0,0.1,85,90,0.3169396,3.4448645856645372,68996,0.051433625019853935
dqn_modified,DQN,Modified,680,-15.184578158073919,-47.55072784423828,0,0.1,106,119,0.3157614999999999,2.9663913856033517,69115,0.06836529201245867
dqn_modified,DQN,Modified,681,-60.17600173216154,-47.226139068603516,0,0.1,82,87,0.3149002000000001,2.6553033329974647,69202,0.04787858302006498
dqn_modified,DQN,Modified,682,-76.5439038180858,-48.1458740234375,0,0.1,77,89,0.3140191,2.6179279048791093,69291,0.0480540840071626
dqn_modified,DQN,Modified,683,-29.217630271329924,-47.358482360839844,0,0.1,113,123,0.3128014,3.018298706388086,69414,0.0684194170171395
dqn_modified,DQN,Modified,684,-32.462500998636344,-49.52481460571289,0,0.09,90,112,0.3116926,3.017093042709998,69526,0.07905562501400709
dqn_modified,DQN,Modified,685,-70.50907343984179,-48.11802673339844,0,0.09,115,141,0.3102967,2.866246922641781,69667,0.08148866699775681
dqn_modified,DQN,Modified,686,-175.26527159382837,-47.065704345703125,1,0.1,614,718,0.3031885000000001,3.128677211016998,70385,0.407335708005121
dqn_modified,DQN,Modified,687,-43.99973433954967,-47.55682373046875,0,0.09,140,169,0.3015154000000001,3.3133976935634952,70554,0.09222266601864249
dqn_modified,DQN,Modified,688,-50.268638637791,-47.31663513183594,0,0.09,132,150,0.30003040000000003,2.7683215049902596,70704,0.08560191697324626
dqn_modified,DQN,Modified,689,-40.92764363632773,-48.185062408447266,0,0.09,121,150,0.29854540000000007,3.1617091917991638,70854,0.09317358300904743
dqn_modified,DQN,Modified,690,-31.13587564527026,-47.753204345703125,0,0.09,100,120,0.2973574,3.2266125033299127,70974,0.06541937499423511
dqn_modified,DQN,Modified,691,-234.69065632323768,-48.50040054321289,1,0.1,707,833,0.28911070000000005,2.902635841667294,71807,0.4584472920105327
dqn_modified,DQN,Modified,692,-7.151487924621321,-48.20427703857422,0,0.1,130,161,0.2875168,2.6301222417665566,71968,0.09079470799770206
dqn_modified,DQN,Modified,693,-80.14050390336206,-47.654762268066406,0,0.1,182,201,0.2855268999999999,3.016439468113344,72169,0.11325795800075866
dqn_modified,DQN,Modified,694,-245.79705701793932,-46.48139953613281,0,0.1,854,1000,0.2756269,2.9703910147547723,73169,0.575610041996697
dqn_modified,DQN,Modified,695,-170.21196757577195,-47.10944747924805,0,0.1,325,372,0.2719441,2.942297546613601,73541,0.2107680420158431
dqn_modified,DQN,Modified,696,-32.34957887921664,-47.105506896972656,0,0.1,96,130,0.2706571,2.769005872653081,73671,0.07278829198912717
dqn_modified,DQN,Modified,697,15.555924125639436,-47.766807556152344,1,0.11,82,98,0.26968690000000006,2.73831723782481,73769,0.05722158300341107
dqn_modified,DQN,Modified,698,-23.153854621739654,-47.24480438232422,0,0.11,111,138,0.26832069999999997,3.1141318462897036,73907,0.08089054198353551
dqn_modified,DQN,Modified,699,-321.3615381862518,-47.34544372558594,0,0.11,857,1000,0.25842069999999995,2.9535833795666693,74907,0.5653113749867771
dqn_modified,DQN,Modified,700,-21.42621427303625,-47.95281982421875,0,0.1,133,154,0.25689609999999996,2.6178997844070584,75061,0.08767908299341798
dqn_modified,DQN,Modified,701,-326.56327762176835,-46.53710174560547,0,0.1,840,1000,0.24699610000000005,3.058520934164524,76061,0.5601617500069551
dqn_modified,DQN,Modified,702,-48.56226074956332,-46.517913818359375,0,0.1,132,150,0.2455111000000001,2.6339705085754392,76211,0.08311725000385195
dqn_modified,DQN,Modified,703,-80.97655273182718,-47.15414810180664,0,0.1,86,121,0.2443132,3.0853662983445096,76332,0.06765612500021234
dqn_modified,DQN,Modified,704,-66.53965625938646,-47.19779968261719,0,0.1,77,99,0.24333309999999997,2.745590424296832,76431,0.05724458399345167
dqn_modified,DQN,Modified,705,-4.3060047580267735,-44.907073974609375,0,0.1,124,168,0.2416699000000001,2.8657521193935755,76599,0.09703345800517127
dqn_modified,DQN,Modified,706,-252.46315116447656,-47.45130920410156,0,0.1,849,1000,0.23176990000000008,2.8688651334047317,77599,0.5620992080075666
dqn_modified,DQN,Modified,707,-15.437538580244833,-47.23103332519531,0,0.1,102,119,0.2305918,2.794602692628107,77718,0.06725212500896305
dqn_modified,DQN,Modified,708,-75.14473513746525,-46.634483337402344,0,0.1,110,135,0.22925529999999994,2.688504515753852,77853,0.0762725000095088
dqn_modified,DQN,Modified,709,-267.2354530681548,-47.11383056640625,0,0.1,875,1000,0.21935530000000003,2.942350049853325,78853,0.5779416669975035
dqn_modified,DQN,Modified,710,-21.529345299795352,-48.19792938232422,0,0.1,162,205,0.2173258,2.719103082505668,79058,0.11918762500863522
dqn_modified,DQN,Modified,711,6.472782184659266,-47.644493103027344,1,0.11,172,207,0.2152765000000001,2.8480447979940884,79265,0.11205729100038297
dqn_modified,DQN,Modified,712,-234.24671202236263,-46.26914978027344,0,0.11,804,1000,0.20537650000000007,2.843964717209339,80265,0.564315167022869
dqn_modified,DQN,Modified,713,-20.989336919441982,-46.830196380615234,0,0.11,126,143,0.20396079999999994,2.940495357229993,80408,0.0813052500016056
dqn_modified,DQN,Modified,714,-298.33463546989816,-46.77797317504883,0,0.11,821,1000,0.19406080000000003,2.8481779497265816,81408,0.5761326250212733
dqn_modified,DQN,Modified,715,-112.46983148990314,-47.80538558959961,0,0.11,303,361,0.19048690000000001,2.735743477734172,81769,0.20443920799880289
dqn_modified,DQN,Modified,716,-74.7421489436181,-47.15144348144531,0,0.11,237,273,0.18778419999999996,2.5766507666626257,82042,0.15844037500210106
dqn_modified,DQN,Modified,717,-278.80381345319523,-46.57430648803711,0,0.11,806,1000,0.17788419999999994,2.914020283520222,83042,0.5958251249976456
dqn_modified,DQN,Modified,718,27.631850954450513,-46.98872756958008,0,0.11,98,103,0.17686449999999998,2.5568784313294493,83145,0.06358037499012426
dqn_modified,DQN,Modified,719,-232.14477481872254,-47.67329788208008,0,0.11,833,1000,0.16696449999999996,2.9013981525301933,84145,0.7018908750033006
dqn_modified,DQN,Modified,720,-228.9831032560749,-49.16830062866211,0,0.1,826,1000,0.15706449999999994,2.868945059239864,85145,0.7992589159985073
dqn_modified,DQN,Modified,721,-250.4066108165822,-49.27912902832031,0,0.1,797,1000,0.14716449999999992,2.7494020404815673,86145,0.6790264580049552
dqn_modified,DQN,Modified,722,-269.1878208628257,-48.60908508300781,0,0.1,806,1000,0.1372645,2.7238154165148734,87145,0.5710529579955619
dqn_modified,DQN,Modified,723,-248.0540845769504,-47.7768440246582,0,0.1,812,1000,0.1273645000000001,2.8802974332571027,88145,0.5801075829949696
dqn_modified,DQN,Modified,724,-243.49569967247115,-48.805294036865234,0,0.1,793,1000,0.11746450000000008,2.663019574046135,89145,0.577196416008519
dqn_modified,DQN,Modified,725,-253.9105661729996,-49.538734436035156,0,0.1,854,1000,0.10756450000000006,2.782300131082535,90145,0.6070302910229657
dqn_modified,DQN,Modified,726,-264.3237859864191,-49.668331146240234,0,0.1,765,1000,0.09766450000000004,2.652962388038635,91145,0.5704568750225008
dqn_modified,DQN,Modified,727,-232.1393587296442,-49.53065490722656,0,0.1,335,370,0.09400149999999996,2.436375171912683,91515,0.20759741601068527
dqn_modified,DQN,Modified,728,-272.60197867575266,-49.998497009277344,0,0.1,804,1000,0.08410149999999994,2.637265323281288,92515,0.5716470409824979
dqn_modified,DQN,Modified,729,-339.60098787860136,-48.29220962524414,0,0.1,522,689,0.07728040000000003,2.3815266216614424,93204,0.3837084580154624
dqn_modified,DQN,Modified,730,-269.35508642675694,-48.2751579284668,0,0.1,764,1000,0.06738040000000001,2.5237905022501947,94204,0.5769168749975506
dqn_modified,DQN,Modified,731,-257.40300872359467,-47.28269958496094,0,0.1,758,1000,0.05748039999999999,2.4826188714504243,95204,0.5569745829852764
dqn_modified,DQN,Modified,732,-280.71694505368185,-46.85459899902344,0,0.1,797,1000,0.04758039999999997,2.598364645719528,96204,0.5720599580090493
dqn_modified,DQN,Modified,733,-238.44488289111058,-46.52302932739258,0,0.1,791,1000,0.03768039999999995,2.426267997145653,97204,0.5807080839877017
dqn_modified,DQN,Modified,734,-252.83330650643848,-45.30793762207031,0,0.09,749,1000,0.02778040000000004,2.631127263724804,98204,0.5746780420013238
dqn_modified,DQN,Modified,735,-240.6717357536338,-46.75883102416992,0,0.08,767,1000,0.01788040000000002,2.585575917780399,99204,0.578303791990038
dqn_modified,DQN,Modified,736,-235.84880730765423,-45.9742431640625,0,0.08,718,1000,0.010000000000000009,2.4431330003142357,100204,0.6790431249828544
dqn_modified,DQN,Modified,737,-249.61280175705477,-44.47169876098633,0,0.08,788,1000,0.010000000000000009,2.769783894062042,101204,0.7295755000086501
dqn_modified,DQN,Modified,738,-237.95903928674653,-46.377037048339844,0,0.08,709,1000,0.010000000000000009,2.3401438928246496,102204,0.6727660420001484
dqn_modified,DQN,Modified,739,-257.0287531931045,-46.02163314819336,0,0.07,787,1000,0.010000000000000009,2.4716824365258216,103204,0.681555874994956
dqn_modified,DQN,Modified,740,-239.19092517584315,-47.68547439575195,0,0.07,713,1000,0.010000000000000009,2.457338205456734,104204,0.5898913749842905
dqn_modified,DQN,Modified,741,-483.17456657020944,-48.256736755371094,0,0.07,860,973,0.010000000000000009,2.373488047752694,105177,0.8095625409914646
dqn_modified,DQN,Modified,742,-265.4167996413394,-48.10856246948242,0,0.07,836,1000,0.010000000000000009,2.322473069190979,106177,0.7265590419992805
dqn_modified,DQN,Modified,743,-298.49647766021195,-50.31390380859375,0,0.07,758,1000,0.010000000000000009,2.296328626871109,107177,0.6752893330121879
dqn_modified,DQN,Modified,744,-243.52610367308355,-52.10542297363281,0,0.07,756,1000,0.010000000000000009,2.2505656311511992,108177,0.9648066249792464
dqn_modified,DQN,Modified,745,-287.05967973119454,-51.32017517089844,0,0.07,753,1000,0.010000000000000009,2.2306374526023864,109177,0.6208102920209058
dqn_modified,DQN,Modified,746,-239.89306240930915,-52.390560150146484,0,0.07,740,1000,0.010000000000000009,2.2058490110635756,110177,0.5701849160250276
dqn_modified,DQN,Modified,747,-255.30311748826904,-52.81425476074219,0,0.07,766,1000,0.010000000000000009,2.1890061927735807,111177,0.6180410840024706
dqn_modified,DQN,Modified,748,-151.96569163484742,-52.6243896484375,0,0.07,212,232,0.010000000000000009,2.1574562425757278,111409,0.1369638330070302
dqn_modified,DQN,Modified,749,-279.5868190097165,-52.63076400756836,0,0.06,756,1000,0.010000000000000009,1.9768653120994568,112409,0.5864565419906285
dqn_modified,DQN,Modified,750,-241.0625729656357,-53.238155364990234,0,0.06,776,1000,0.010000000000000009,2.0672136169075968,113409,0.6417601660068613
dqn_modified,DQN,Modified,751,-317.32656366813177,-52.394378662109375,0,0.06,631,642,0.010000000000000009,2.055001654728922,114051,0.4222893329861108
dqn_modified,DQN,Modified,752,-284.36419931320444,-49.182464599609375,0,0.06,781,1000,0.010000000000000009,1.9124087635278701,115051,0.6113528329879045
dqn_modified,DQN,Modified,753,-310.2751654778038,-47.680763244628906,0,0.06,533,611,0.010000000000000009,1.8765905501409366,115662,0.3825649160135072
dqn_modified,DQN,Modified,754,-300.54642710173863,-48.570953369140625,0,0.06,821,1000,0.010000000000000009,1.8816658278107643,116662,0.679327124991687
dqn_modified,DQN,Modified,755,-237.16516780020697,-47.829559326171875,0,0.06,788,1000,0.010000000000000009,1.7566805854141712,117662,0.8665654580108821
dqn_modified,DQN,Modified,756,-231.33018680193285,-44.68959045410156,0,0.06,784,1000,0.010000000000000009,1.7689228872060776,118662,0.7358041669940576
dqn_modified,DQN,Modified,757,-249.3343970265973,-45.08497619628906,0,0.06,825,1000,0.010000000000000009,1.7794313440322875,119662,0.5766176659963094
dqn_modified,DQN,Modified,758,-242.11135972139817,-45.68632125854492,0,0.06,772,1000,0.010000000000000009,1.7566895187497138,120662,0.7512439159909263
dqn_modified,DQN,Modified,759,-333.440893871297,-43.6334228515625,0,0.06,798,1000,0.010000000000000009,1.6859765554070472,121662,0.6416508330148645
dqn_modified,DQN,Modified,760,-407.61031795976544,-44.53584289550781,0,0.05,827,1000,0.010000000000000009,1.6460186608731746,122662,0.5713773329916876
dqn_modified,DQN,Modified,761,-272.6667728176,-43.11635971069336,0,0.04,830,1000,0.010000000000000009,1.5486790175139904,123662,0.5585301659884863
dqn_modified,DQN,Modified,762,-266.51659622992116,-42.68199157714844,0,0.04,785,1000,0.010000000000000009,1.5473098404109478,124662,0.5675873329746537
dqn_modified,DQN,Modified,763,-416.82094681307166,-44.10408020019531,0,0.04,810,1000,0.010000000000000009,1.582200676202774,125662,0.5539925830089487
dqn_modified,DQN,Modified,764,-297.3998676498779,-46.053096771240234,0,0.04,778,1000,0.010000000000000009,1.6007233147323132,126662,0.5711169580172282
dqn_modified,DQN,Modified,765,-302.66917792292537,-43.784507751464844,0,0.04,818,1000,0.010000000000000009,1.6121055782139302,127662,0.5626889580162242
dqn_modified,DQN,Modified,766,-332.7486036468227,-44.53404235839844,0,0.04,794,1000,0.010000000000000009,1.4719926547706128,128662,0.5536005000176374
dqn_modified,DQN,Modified,767,-245.6281796773264,-43.353973388671875,0,0.04,776,1000,0.010000000000000009,1.535219019472599,129662,0.5679207079811022
dqn_modified,DQN,Modified,768,-312.5873319532585,-40.820152282714844,0,0.04,813,1000,0.010000000000000009,1.4938267914652825,130662,0.5733670830086339
dqn_modified,DQN,Modified,769,-300.81205686757875,-41.301578521728516,0,0.04,808,1000,0.010000000000000009,1.517355603903532,131662,0.5923662499990314
dqn_modified,DQN,Modified,770,-253.93926532665023,-40.40066146850586,0,0.04,309,384,0.010000000000000009,1.4581341221928596,132046,0.21733995800605044
dqn_modified,DQN,Modified,771,-237.79365674455624,-38.618194580078125,0,0.04,783,1000,0.010000000000000009,1.5460862674415112,133046,0.5805063750012778
dqn_modified,DQN,Modified,772,-295.1334303272945,-37.12321472167969,0,0.04,779,1000,0.010000000000000009,1.4320887257158756,134046,0.5817803329846356
dqn_modified,DQN,Modified,773,-247.22905050362357,-39.23329162597656,0,0.04,763,1000,0.010000000000000009,1.3711532316207886,135046,0.5824416669784114
dqn_modified,DQN,Modified,774,-267.2255593602607,-39.312808990478516,0,0.04,767,1000,0.010000000000000009,1.362386014074087,136046,0.5827775840007234
dqn_modified,DQN,Modified,775,-243.1085709839366,-36.764671325683594,0,0.04,760,1000,0.010000000000000009,1.359791737794876,137046,0.5648629589995835
dqn_modified,DQN,Modified,776,-223.91885323237616,-39.050987243652344,0,0.04,739,1000,0.010000000000000009,1.2683399510085582,138046,0.5835310419788584
dqn_modified,DQN,Modified,777,-261.87811644881367,-36.93208312988281,0,0.04,805,1000,0.010000000000000009,1.3139627604484558,139046,0.5714279999956489
dqn_modified,DQN,Modified,778,-240.5696125309458,-39.56812286376953,0,0.04,782,1000,0.010000000000000009,1.2290292650163173,140046,0.5677254579786677
dqn_modified,DQN,Modified,779,-254.06209668092401,-38.47461700439453,0,0.04,758,1000,0.010000000000000009,1.2189316932857037,141046,0.5535788749984931
dqn_modified,DQN,Modified,780,250.14995113267912,-38.60149383544922,1,0.05,235,367,0.010000000000000009,1.3005926615535726,141413,0.21183141699293628
dqn_modified,DQN,Modified,781,-290.55154366650726,-37.73101043701172,0,0.05,700,1000,0.010000000000000009,1.2061491317003965,142413,0.5660184170119464
dqn_modified,DQN,Modified,782,-223.36216474154037,-37.932064056396484,0,0.05,651,1000,0.010000000000000009,1.141843582957983,143413,0.5703087500005495
dqn_modified,DQN,Modified,783,-254.84195039081501,-35.87267303466797,0,0.05,747,1000,0.010000000000000009,1.0757436145246029,144413,0.5613421250018291
dqn_modified,DQN,Modified,784,-229.48010663358127,-33.731201171875,0,0.05,688,1000,0.010000000000000009,1.026587519556284,145413,0.5687868329987396
dqn_modified,DQN,Modified,785,18.175717942012298,-32.63197708129883,0,0.05,129,144,0.010000000000000009,0.9248679327881999,145557,0.07970391699927859
dqn_modified,DQN,Modified,786,-289.80335363346217,-33.840431213378906,0,0.04,739,1000,0.010000000000000009,0.9829439069628716,146557,0.5917914580204524
dqn_modified,DQN,Modified,787,83.1415013708398,-35.0333251953125,1,0.05,570,763,0.010000000000000009,1.0028619026059717,147320,0.5221069999970496
dqn_modified,DQN,Modified,788,-258.50383054675956,-31.575946807861328,0,0.05,744,1000,0.010000000000000009,1.0056655076891183,148320,0.5903263340005651
dqn_modified,DQN,Modified,789,-166.82686762650707,-32.00877380371094,0,0.05,377,488,0.010000000000000009,0.9503036811947823,148808,0.27893191698240116
dqn_modified,DQN,Modified,790,-249.94892311701213,-30.16485595703125,0,0.05,766,1000,0.010000000000000009,0.9317441522628069,149808,0.5920442089845892
dqn_modified,DQN,Modified,791,-247.24712565649114,-28.984291076660156,0,0.04,745,1000,0.010000000000000009,0.9072771895825863,150808,0.5671259999799076
dqn_modified,DQN,Modified,792,-208.1376516321747,-25.917875289916992,0,0.04,741,1000,0.010000000000000009,0.9154940036684275,151808,0.6032993749831803
dqn_modified,DQN,Modified,793,-215.03139439471713,-26.224117279052734,0,0.04,760,1000,0.010000000000000009,0.8620355838686228,152808,0.726137083984213
dqn_modified,DQN,Modified,794,-268.42218510832015,-25.890300750732422,0,0.04,741,1000,0.010000000000000009,0.8614721720963716,153808,0.6011641250224784
dqn_modified,DQN,Modified,795,-223.0279922171012,-26.983173370361328,0,0.04,768,1000,0.010000000000000009,0.8530046523362398,154808,0.5655816250073258
dqn_modified,DQN,Modified,796,-233.18074532588798,-22.52471923828125,0,0.04,736,1000,0.010000000000000009,0.8514164291322232,155808,0.6071647079952527
dqn_modified,DQN,Modified,797,-240.8505281826025,-18.33260726928711,0,0.03,728,1000,0.010000000000000009,0.7895716399848461,156808,0.5768611660168972
dqn_modified,DQN,Modified,798,-267.7081889630525,-18.722469329833984,0,0.03,754,1000,0.010000000000000009,0.7765535613894463,157808,0.5648637080157641
dqn_modified,DQN,Modified,799,-54.374062961464844,-16.89824867248535,0,0.03,130,155,0.010000000000000009,0.8353776956758191,157963,0.0864364999870304
dqn_modified,DQN,Modified,800,-251.58577339449496,-16.4637393951416,0,0.03,772,1000,0.010000000000000009,0.7663885497301817,158963,0.5855088330281433
