experiment,algorithm,environment_type,episode,episode_reward,average_predicted_q,successful_safe_landing,moving_safe_landing_rate_100,attempted_thruster_activations,executed_thruster_activations,average_attempted_thruster_activations_per_episode,episode_steps,epsilon,training_loss,global_step,episode_seconds,random_seed,episode_seed
dqn_original,DQN,Original,1,-132.79218864697737,0.23927843570709229,0,0.0,51,51,51.0,71,0.9992971,,71,0.016314541979227215,148,148
dqn_original,DQN,Original,2,-436.56909383114413,0.23927843570709229,0,0.0,66,66,58.5,93,0.9983764,,164,0.0029721670143771917,148,149
dqn_original,DQN,Original,3,-112.57906434871666,0.23927843570709229,0,0.0,104,104,73.66666666666667,124,0.9971488,,288,0.005084125004941598,148,150
dqn_original,DQN,Original,4,-74.44868944262682,0.23927843570709229,0,0.0,67,67,72.0,86,0.9962974,,374,0.003104041999904439,148,151
dqn_original,DQN,Original,5,-141.56012349174068,0.23927843570709229,0,0.0,104,104,78.4,139,0.9949213,,513,0.004321499989600852,148,152
dqn_original,DQN,Original,6,-168.37205971687894,0.23927843570709229,0,0.0,82,82,79.0,113,0.9938026,,626,0.0032856659963726997,148,153
dqn_original,DQN,Original,7,-170.35344794293002,0.23927843570709229,0,0.0,69,69,77.57142857142857,88,0.9929314,,714,0.0027946670015808195,148,154
dqn_original,DQN,Original,8,-264.70882489618236,0.23927843570709229,0,0.0,43,43,73.25,63,0.9923077,,777,0.001994791004108265,148,155
dqn_original,DQN,Original,9,-262.5808424437788,0.23927843570709229,0,0.0,88,88,74.88888888888889,114,0.9911791,,891,0.005409250006778166,148,156
dqn_original,DQN,Original,10,-256.15527652180396,-0.012229343876242638,0,0.0,94,94,76.8,126,0.9899317,2.1113538601819206,1017,0.06681337501504458,148,157
dqn_original,DQN,Original,11,-57.57213286969477,-0.18001878261566162,1,0.09090909090909091,51,51,74.45454545454545,65,0.9892882,2.1978359974347628,1082,0.0353016659792047,148,158
dqn_original,DQN,Original,12,-174.41318395705673,0.16844303905963898,0,0.08333333333333333,67,67,73.83333333333333,86,0.9884368,1.9004295634668926,1168,0.054249375010840595,148,159
dqn_original,DQN,Original,13,-304.36791046885253,0.38213035464286804,0,0.07692307692307693,68,68,73.38461538461539,92,0.987526,2.1019763123729955,1260,0.06073641701368615,148,160
dqn_original,DQN,Original,14,-285.8178739310762,0.6884204745292664,0,0.07142857142857142,74,74,73.42857142857143,102,0.9865162,1.5738309595514746,1362,0.08073166600661352,148,161
dqn_original,DQN,Original,15,-245.4514514552244,0.745940089225769,0,0.06666666666666667,86,86,74.26666666666667,122,0.9853084,1.5076644850558922,1484,0.08850754200830124,148,162
dqn_original,DQN,Original,16,-108.63808069210727,0.9206465482711792,0,0.0625,65,65,73.6875,84,0.9844768,1.8398101379474003,1568,0.05943516700062901,148,163
dqn_original,DQN,Original,17,-214.14884353047543,0.8985264897346497,0,0.058823529411764705,86,86,74.41176470588235,104,0.9834472,1.4048837234194462,1672,0.07535850000567734,148,164
dqn_original,DQN,Original,18,-182.98975393433926,0.9656282067298889,0,0.05555555555555555,62,62,73.72222222222223,85,0.9826057,1.3302807683453841,1757,0.0840572920278646,148,165
dqn_original,DQN,Original,19,-78.73077270348924,0.8233494758605957,1,0.10526315789473684,81,81,74.10526315789474,104,0.9815761,1.3956076110211701,1861,0.08237704201019369,148,166
dqn_original,DQN,Original,20,-76.49577888820804,1.1878571510314941,0,0.1,57,57,73.25,74,0.9808435,1.5164139417780411,1935,0.049192292004590854,148,167
dqn_original,DQN,Original,21,-187.8189628082826,1.1281769275665283,0,0.09523809523809523,51,51,72.19047619047619,71,0.9801406,1.5157863644646927,2006,0.046760666999034584,148,168
dqn_original,DQN,Original,22,-378.976284564861,1.4526091814041138,0,0.09090909090909091,80,80,72.54545454545455,104,0.979111,1.4345911169567933,2110,0.07063991701579653,148,169
dqn_original,DQN,Original,23,-350.931393128135,1.1883299350738525,0,0.08695652173913043,69,69,72.3913043478261,87,0.9782497,1.3174729328388455,2197,0.05777849999140017,148,170
dqn_original,DQN,Original,24,-26.12492062597829,1.5138427019119263,0,0.08333333333333333,75,75,72.5,97,0.9772894,1.0593670964548267,2294,0.05822283300221898,148,171
dqn_original,DQN,Original,25,-79.34739316663712,1.367125153541565,0,0.08,76,76,72.64,99,0.9763093,1.418374796557908,2393,0.06141533300979063,148,172
dqn_original,DQN,Original,26,-174.04953037016494,1.7051751613616943,0,0.07692307692307693,50,50,71.76923076923077,61,0.9757054000000001,1.130719101331273,2454,0.03501241697813384,148,173
dqn_original,DQN,Original,27,-95.25530755257863,1.7505667209625244,0,0.07407407407407407,58,58,71.25925925925925,83,0.9748837,1.3997117666954018,2537,0.04804504101048224,148,174
dqn_original,DQN,Original,28,-173.95004001929502,1.6138125658035278,0,0.07142857142857142,92,92,72.0,120,0.9736957,1.1784178206076226,2657,0.07261562498752028,148,175
dqn_original,DQN,Original,29,-102.61867303539958,1.7483603954315186,0,0.06896551724137931,47,47,71.13793103448276,67,0.9730324,0.98509613524622,2724,0.04325329198036343,148,176
dqn_original,DQN,Original,30,-240.45209280436234,1.8344547748565674,0,0.06666666666666667,67,67,71.0,87,0.9721711,1.2059844388016339,2811,0.06388145897653885,148,177
dqn_original,DQN,Original,31,-164.4777383179071,1.855546474456787,0,0.06451612903225806,118,118,72.51612903225806,146,0.9707257,1.2077928684549788,2957,0.11188962502637878,148,178
dqn_original,DQN,Original,32,-89.86141799444442,2.0576157569885254,0,0.0625,52,52,71.875,74,0.9699931,1.239478299142541,3031,0.05332083298708312,148,179
dqn_original,DQN,Original,33,-200.88504419582492,2.370619297027588,0,0.06060606060606061,84,84,72.24242424242425,113,0.9688744,1.0866027577260955,3144,0.07790604201727547,148,180
dqn_original,DQN,Original,34,-20.861567569051147,2.3632941246032715,0,0.058823529411764705,98,98,73.0,134,0.9675478,1.2289042948786892,3278,0.09653804200934246,148,181
dqn_original,DQN,Original,35,-251.54951266806418,2.4866294860839844,0,0.05714285714285714,86,86,73.37142857142857,110,0.9664588,1.16723794571378,3388,0.09332433401141316,148,182
dqn_original,DQN,Original,36,-335.83121238224254,2.6617114543914795,0,0.05555555555555555,84,84,73.66666666666667,106,0.9654094,1.1395420748388991,3494,0.06737766700098291,148,183
dqn_original,DQN,Original,37,-106.60034290065909,2.868438243865967,0,0.05405405405405406,64,64,73.4054054054054,74,0.9646768,1.1791194679366577,3568,0.04045295901596546,148,184
dqn_original,DQN,Original,38,-112.47209530404459,3.0949952602386475,0,0.05263157894736842,59,59,73.02631578947368,71,0.9639739,1.299323365302153,3639,0.042338957980973646,148,185
dqn_original,DQN,Original,39,-88.76444891780899,2.8873064517974854,0,0.05128205128205128,65,65,72.82051282051282,89,0.9630928,1.13895104507382,3728,0.05973687500227243,148,186
dqn_original,DQN,Original,40,-161.5842808128482,2.7880144119262695,0,0.05,88,88,73.2,113,0.9619740999999999,1.123193499986577,3841,0.0768307079852093,148,187
dqn_original,DQN,Original,41,-195.9844236321396,2.8496711254119873,0,0.04878048780487805,88,88,73.5609756097561,120,0.9607861,1.1159191392983,3961,0.07655720799812116,148,188
dqn_original,DQN,Original,42,-187.7570128910893,3.7239551544189453,0,0.047619047619047616,51,51,73.02380952380952,71,0.9600832,1.2539322582978598,4032,0.04059704201063141,148,189
dqn_original,DQN,Original,43,-239.03925405641317,3.6726953983306885,0,0.046511627906976744,93,93,73.48837209302326,121,0.9588853,1.2947429012168536,4153,0.06537908301106654,148,190
dqn_original,DQN,Original,44,-103.19439821170353,3.334897994995117,0,0.045454545454545456,95,95,73.97727272727273,123,0.9576676,1.1016712324406073,4276,0.0646194999862928,148,191
dqn_original,DQN,Original,45,-92.1278453324458,4.0015034675598145,0,0.044444444444444446,47,47,73.37777777777778,62,0.9570538,1.2534411501499914,4338,0.03411470801802352,148,192
dqn_original,DQN,Original,46,-234.35400784453932,3.667884349822998,0,0.043478260869565216,93,93,73.80434782608695,109,0.9559747,1.1717719402881936,4447,0.06437158302287571,148,193
dqn_original,DQN,Original,47,-117.75803301752256,4.713619232177734,0,0.0425531914893617,83,83,74.0,102,0.9549649,1.3278415267374002,4549,0.055138916010037065,148,194
dqn_original,DQN,Original,48,-208.4955778907123,4.368747711181641,0,0.041666666666666664,72,72,73.95833333333333,93,0.9540442,1.2322740827196388,4642,0.05297420799615793,148,195
dqn_original,DQN,Original,49,-133.22918856749703,4.486027717590332,0,0.04081632653061224,84,84,74.16326530612245,113,0.9529255,1.2104498893022537,4755,0.06878295898786746,148,196
dqn_original,DQN,Original,50,-287.20586645186046,4.504239559173584,0,0.04,53,53,73.74,67,0.9522622000000001,1.4175022232221133,4822,0.037602291005896404,148,197
dqn_original,DQN,Original,51,-16.4509192029288,4.311600685119629,0,0.0392156862745098,84,84,73.94117647058823,114,0.9511336,1.2450283152100288,4936,0.06352987501304597,148,198
dqn_original,DQN,Original,52,-71.90659649679814,5.3988142013549805,0,0.038461538461538464,107,107,74.57692307692308,143,0.9497179,1.329887526279146,5079,0.07863800000632182,148,199
dqn_original,DQN,Original,53,-163.40177864140182,5.026090145111084,0,0.03773584905660377,91,91,74.88679245283019,118,0.9485497,1.2282876388753874,5197,0.3112939999846276,148,200
dqn_original,DQN,Original,54,-105.89664278718959,5.16535758972168,0,0.037037037037037035,45,45,74.33333333333333,63,0.947926,1.0791153493854735,5260,0.07031820798874833,148,201
dqn_original,DQN,Original,55,-81.13426711409139,5.311244487762451,0,0.03636363636363636,63,63,74.12727272727273,84,0.9470944,1.1861784841333116,5344,0.09139400001731701,148,202
dqn_original,DQN,Original,56,-483.1110877915569,5.215620994567871,0,0.03571428571428571,95,95,74.5,128,0.9458272,1.1808661160175689,5472,0.14458516699960455,148,203
dqn_original,DQN,Original,57,11.331948955082922,6.189209938049316,0,0.03508771929824561,62,62,74.28070175438596,83,0.9450054999999999,1.45205576843526,5555,0.1320647920074407,148,204
dqn_original,DQN,Original,58,-98.10182430697556,6.0205278396606445,0,0.034482758620689655,95,95,74.63793103448276,133,0.9436888,1.2169908318752634,5688,0.11090512500959449,148,205
dqn_original,DQN,Original,59,-66.83588123369879,6.013371467590332,0,0.03389830508474576,41,41,74.0677966101695,59,0.9431047,1.3344880400572794,5747,0.038036667014239356,148,206
dqn_original,DQN,Original,60,-108.25755847918911,5.939659595489502,0,0.03333333333333333,85,85,74.25,110,0.9420157,1.3176382985982027,5857,0.06822729198029265,148,207
dqn_original,DQN,Original,61,-212.79822790963777,6.186579704284668,0,0.03278688524590164,54,54,73.91803278688525,73,0.941293,1.312369316408079,5930,0.04493912501493469,148,208
dqn_original,DQN,Original,62,-124.18794636757164,7.89804744720459,0,0.03225806451612903,56,56,73.62903225806451,77,0.9405307,1.3255975258040738,6007,0.0465460839914158,148,209
dqn_original,DQN,Original,63,-245.87957724980586,6.999860763549805,0,0.031746031746031744,105,105,74.12698412698413,138,0.9391645,1.3504041491643242,6145,0.07701958299730904,148,210
dqn_original,DQN,Original,64,-204.31767972913065,6.84733247756958,0,0.03125,85,85,74.296875,109,0.9380854,1.37932387377144,6254,0.0632261659775395,148,211
dqn_original,DQN,Original,65,-208.5545726010183,7.069085121154785,0,0.03076923076923077,69,69,74.21538461538462,99,0.9371053,1.3094099567394064,6353,0.06431345801684074,148,212
dqn_original,DQN,Original,66,-122.97952865392965,6.974658012390137,0,0.030303030303030304,56,56,73.93939393939394,78,0.9363331,1.1239869497143304,6431,0.045454417006112635,148,213
dqn_original,DQN,Original,67,-111.92319056884877,8.429245948791504,0,0.029850746268656716,65,65,73.80597014925372,87,0.9354718,1.2795221459591526,6518,0.04738875001203269,148,214
dqn_original,DQN,Original,68,-215.86409107086092,7.95256233215332,0,0.029411764705882353,82,82,73.92647058823529,102,0.934462,1.6679377399531066,6620,0.08290654202573933,148,215
dqn_original,DQN,Original,69,-108.4876734795422,7.9750237464904785,0,0.028985507246376812,64,64,73.78260869565217,90,0.933571,1.294002468387286,6710,0.05559695899137296,148,216
dqn_original,DQN,Original,70,-140.1501437794223,8.304749488830566,0,0.02857142857142857,78,78,73.84285714285714,106,0.9325216000000001,1.422063817533682,6816,0.06605341701651923,148,217
dqn_original,DQN,Original,71,-98.16740485061598,7.966977119445801,0,0.028169014084507043,101,101,74.22535211267606,132,0.9312148,1.4355789718189926,6948,0.07262491699657403,148,218
dqn_original,DQN,Original,72,20.054357255437054,9.066238403320312,0,0.027777777777777776,104,104,74.63888888888889,145,0.9297793,1.454593485799329,7093,0.07674162500188686,148,219
dqn_original,DQN,Original,73,-88.93378508601558,9.312910079956055,0,0.0273972602739726,51,51,74.31506849315069,72,0.9290665,1.4195329867717292,7165,0.03933320799842477,148,220
dqn_original,DQN,Original,74,-138.75933119150685,9.052852630615234,0,0.02702702702702703,55,55,74.05405405405405,69,0.9283834,1.3289605422296387,7234,0.0392555000144057,148,221
dqn_original,DQN,Original,75,-70.50610669399103,9.081440925598145,0,0.02666666666666667,62,62,73.89333333333333,78,0.9276112,1.3522089330049663,7312,0.04325554199749604,148,222
dqn_original,DQN,Original,76,-215.36899865616954,8.859479904174805,0,0.02631578947368421,70,70,73.84210526315789,87,0.9267499,1.4412074363094636,7399,0.04771629101014696,148,223
dqn_original,DQN,Original,77,-83.0743532991046,8.999605178833008,0,0.025974025974025976,69,69,73.77922077922078,89,0.9258687999999999,1.5029810740706626,7488,0.05277837498579174,148,224
dqn_original,DQN,Original,78,-107.70637546023003,10.472794532775879,0,0.02564102564102564,66,66,73.67948717948718,86,0.9250174,1.541481232227281,7574,0.045918332994915545,148,225
dqn_original,DQN,Original,79,-105.43162698443177,10.15064525604248,0,0.02531645569620253,43,43,73.29113924050633,60,0.9244234,1.6426817685365678,7634,0.08324762500706129,148,226
dqn_original,DQN,Original,80,-93.1477284782065,10.162919998168945,0,0.025,66,66,73.2,82,0.9236116,1.2411669837992365,7716,0.05528970799059607,148,227
dqn_original,DQN,Original,81,-53.53581459866297,10.367654800415039,0,0.024691358024691357,56,56,72.98765432098766,69,0.9229285,1.4193002743565517,7785,0.03779683299944736,148,228
dqn_original,DQN,Original,82,-119.14989308936106,10.356502532958984,0,0.024390243902439025,108,108,73.41463414634147,132,0.9216217,1.4131433336120662,7917,0.1409163750067819,148,229
dqn_original,DQN,Original,83,-119.05823788724106,11.742292404174805,0,0.024096385542168676,85,85,73.55421686746988,101,0.9206218,1.517266070488656,8018,0.07761866599321365,148,230
dqn_original,DQN,Original,84,-244.7564589723188,11.246530532836914,0,0.023809523809523808,54,54,73.32142857142857,71,0.9199189,1.6014967869285126,8089,0.05354779202025384,148,231
dqn_original,DQN,Original,85,-114.48947763823644,11.416789054870605,0,0.023529411764705882,73,73,73.31764705882352,93,0.9189982,1.29605703616655,8182,0.07062499999301508,148,232
dqn_original,DQN,Original,86,-73.92570658152465,11.381354331970215,0,0.023255813953488372,86,86,73.46511627906976,105,0.9179587,1.4254548981076196,8287,0.06546924999565817,148,233
dqn_original,DQN,Original,87,-122.6840109494616,11.225460052490234,0,0.022988505747126436,79,79,73.52873563218391,107,0.9168994,1.4695671139476456,8394,0.05994758300948888,148,234
dqn_original,DQN,Original,88,-366.0489332407242,11.6879301071167,0,0.022727272727272728,80,80,73.60227272727273,102,0.9158896,1.5495181754231453,8496,0.053992708009900525,148,235
dqn_original,DQN,Original,89,-79.21583259869118,12.472341537475586,0,0.02247191011235955,49,49,73.32584269662921,65,0.9152461,1.5145444370233097,8561,0.037702999979956076,148,236
dqn_original,DQN,Original,90,-137.9508998127094,12.312325477600098,0,0.022222222222222223,50,50,73.06666666666666,75,0.9145036,1.328945791920026,8636,0.05276550000417046,148,237
dqn_original,DQN,Original,91,-111.61189904223804,12.265541076660156,0,0.02197802197802198,87,87,73.21978021978022,103,0.9134839,1.2987007526228729,8739,0.09515116602415219,148,238
dqn_original,DQN,Original,92,-288.0114671608128,12.43392562866211,0,0.021739130434782608,67,67,73.15217391304348,86,0.9126325,1.636529420177604,8825,0.06460329098626971,148,239
dqn_original,DQN,Original,93,-115.03749363782562,12.435612678527832,0,0.021505376344086023,78,78,73.20430107526882,98,0.9116623,1.5229673151459013,8923,0.10261550001450814,148,240
dqn_original,DQN,Original,94,-77.73776829474441,13.923114776611328,0,0.02127659574468085,100,100,73.48936170212765,134,0.9103357,1.486537065857382,9057,0.0947688749874942,148,241
dqn_original,DQN,Original,95,-71.34555444539515,13.726968765258789,0,0.021052631578947368,110,110,73.87368421052632,139,0.9089596,1.6189677042069195,9196,0.09933225001441315,148,242
dqn_original,DQN,Original,96,-81.41442288127962,13.697786331176758,0,0.020833333333333332,89,89,74.03125,115,0.9078211,1.4041280224271442,9311,0.07924220801214688,148,243
dqn_original,DQN,Original,97,-66.36553829212988,13.917097091674805,0,0.020618556701030927,85,85,74.14432989690722,114,0.9066925,1.4746383725289713,9425,0.09739329101284966,148,244
dqn_original,DQN,Original,98,-108.43476332886021,13.625144004821777,0,0.02040816326530612,56,56,73.95918367346938,68,0.9060193,1.487921148976859,9493,0.04154112501419149,148,245
dqn_original,DQN,Original,99,-135.53742164269462,14.987862586975098,0,0.020202020202020204,48,48,73.6969696969697,63,0.9053956,1.6192769114933316,9556,0.05071120901266113,148,246
dqn_original,DQN,Original,100,-116.08560556154261,14.795129776000977,0,0.02,96,96,73.92,123,0.9041779,1.3702840194469545,9679,0.11985316700884141,148,247
dqn_original,DQN,Original,101,-47.07228133252056,15.073208808898926,0,0.02,54,54,73.72277227722772,69,0.9034948,1.5772163254627283,9748,0.11330954200820997,148,248
dqn_original,DQN,Original,102,-97.1359424639823,14.50312328338623,0,0.02,66,66,73.6470588235294,79,0.9027127,1.2888035100849369,9827,0.07131991599453613,148,249
dqn_original,DQN,Original,103,-359.71469582733,14.717069625854492,0,0.02,98,98,73.88349514563107,118,0.9015445,1.437953816126969,9945,0.10824491598759778,148,250
dqn_original,DQN,Original,104,-59.01479318895182,16.205516815185547,0,0.02,58,58,73.73076923076923,75,0.900802,1.7001633602380752,10020,0.05615279098856263,148,251
dqn_original,DQN,Original,105,-201.63619831667216,16.218887329101562,0,0.02,89,89,73.87619047619047,116,0.8996535999999999,1.490931820766679,10136,0.08869616698939353,148,252
dqn_original,DQN,Original,106,-232.6956979481549,16.16088104248047,0,0.02,98,98,74.10377358490567,119,0.8984755,1.3242143731908638,10255,0.11091704102000222,148,253
dqn_original,DQN,Original,107,-51.81317088045126,16.380023956298828,0,0.02,58,58,73.95327102803738,67,0.8978122,1.4284224552449896,10322,0.06696808399283327,148,254
dqn_original,DQN,Original,108,-224.17263222868775,16.164648056030273,0,0.02,64,64,73.86111111111111,73,0.8970895,1.4734635144880373,10395,0.07255495901335962,148,255
dqn_original,DQN,Original,109,-192.1562937950008,16.816761016845703,0,0.02,97,97,74.07339449541284,122,0.8958817,1.5787246592464994,10517,0.09289204198285006,148,256
dqn_original,DQN,Original,110,-340.37866240147036,16.845592498779297,0,0.02,73,73,74.06363636363636,88,0.8950105,1.8806712908500975,10605,0.06964112498098984,148,257
dqn_original,DQN,Original,111,-148.509375754683,16.8507137298584,0,0.01,55,55,73.89189189189189,71,0.8943076,1.5782034157867162,10676,0.05180837499210611,148,258
dqn_original,DQN,Original,112,-61.07879685021505,16.933815002441406,1,0.02,91,91,74.04464285714286,121,0.8931097,1.4896842969104278,10797,0.08951549997436814,148,259
dqn_original,DQN,Original,113,-265.67734652434933,16.762386322021484,0,0.02,78,78,74.07964601769912,97,0.8921494,1.575588810996911,10894,0.07485020800959319,148,260
dqn_original,DQN,Original,114,-144.68926912649363,18.06492042541504,0,0.02,131,131,74.57894736842105,155,0.8906149,1.6275758187617024,11049,0.11366200001793914,148,261
dqn_original,DQN,Original,115,-153.86150029847772,17.736024856567383,0,0.02,83,83,74.65217391304348,103,0.8895952,1.4870524274782069,11152,0.10394124998128973,148,262
dqn_original,DQN,Original,116,-59.55685431247309,18.4046688079834,0,0.02,79,79,74.6896551724138,114,0.8884666,1.7588462693649425,11266,0.0995525420003105,148,263
dqn_original,DQN,Original,117,-85.35940397005369,17.772497177124023,0,0.02,74,74,74.68376068376068,93,0.8875459,1.4886550781547383,11359,0.08355691700126044,148,264
dqn_original,DQN,Original,118,-52.78823093722126,18.42047119140625,0,0.02,67,67,74.61864406779661,82,0.8867341,1.3988321810597326,11441,0.07103225000901148,148,265
dqn_original,DQN,Original,119,-99.24918081589384,19.10024642944336,0,0.01,72,72,74.59663865546219,93,0.8858134,1.4407395353560806,11534,0.07526079198578373,148,266
dqn_original,DQN,Original,120,-117.8862772915487,19.564620971679688,0,0.01,75,75,74.6,102,0.8848036,1.5215382134797526,11636,0.07912300000316463,148,267
dqn_original,DQN,Original,121,-75.02816123743048,19.379179000854492,0,0.01,57,57,74.45454545454545,67,0.8841403,1.1959971253996464,11703,0.055849041003966704,148,268
dqn_original,DQN,Original,122,-13.1989335419007,19.691953659057617,0,0.01,116,116,74.79508196721312,147,0.882685,1.5756290082623359,11850,0.11089483299292624,148,269
dqn_original,DQN,Original,123,-100.36027346301489,19.689401626586914,0,0.01,47,47,74.5691056910569,64,0.8820514,1.611541464459151,11914,0.05587658399599604,148,270
dqn_original,DQN,Original,124,-98.79644552555665,19.62859535217285,0,0.01,51,51,74.37903225806451,67,0.8813881,1.786980677229255,11981,0.05007204198045656,148,271
dqn_original,DQN,Original,125,-81.80136701293821,20.346529006958008,0,0.01,81,81,74.432,95,0.8804476,1.5304081601531883,12076,0.05921549999038689,148,272
dqn_original,DQN,Original,126,-75.22160338954725,20.092742919921875,1,0.02,92,92,74.57142857142857,124,0.87922,1.613012119406654,12200,0.11509808400296606,148,273
dqn_original,DQN,Original,127,-70.4448152634132,20.300792694091797,0,0.02,102,102,74.78740157480316,119,0.8780419,1.5697621286165815,12319,0.1025812909938395,148,274
dqn_original,DQN,Original,128,-89.57007953766045,19.907958984375,0,0.02,81,81,74.8359375,108,0.8769727,1.4658458815128714,12427,0.16623833298217505,148,275
dqn_original,DQN,Original,129,-85.74552722270522,20.691129684448242,0,0.02,84,84,74.90697674418605,111,0.8758738,1.558023632109702,12538,0.11356666698702611,148,276
dqn_original,DQN,Original,130,-72.32067185876927,20.87040901184082,1,0.03,78,78,74.93076923076923,97,0.8749135,1.8268493847134186,12635,0.08314645898644812,148,277
dqn_original,DQN,Original,131,-146.7124351868323,20.60610580444336,0,0.03,71,71,74.90076335877863,87,0.8740522,1.7221032423877167,12722,0.1078585000068415,148,278
dqn_original,DQN,Original,132,-124.50121489623145,20.8037052154541,0,0.03,69,69,74.85606060606061,83,0.8732305,1.5246842464050614,12805,0.07871062500635162,148,279
dqn_original,DQN,Original,133,-117.61913832302312,20.99483299255371,0,0.03,60,60,74.74436090225564,81,0.8724286,1.5167255052077917,12886,0.07754208298865706,148,280
dqn_original,DQN,Original,134,-69.80152073258557,20.798095703125,1,0.04,67,67,74.68656716417911,88,0.8715574,1.4003551380539483,12974,0.07931987498886883,148,281
dqn_original,DQN,Original,135,-73.00677067732178,21.620010375976562,0,0.04,79,79,74.71851851851852,95,0.8706169,1.694743118003795,13069,0.08368258300470188,148,282
dqn_original,DQN,Original,136,-57.94576772724483,21.61224365234375,0,0.04,56,56,74.58088235294117,75,0.8698744,1.8330609202384949,13144,0.09015066700521857,148,283
dqn_original,DQN,Original,137,-64.27281005918263,21.9322509765625,0,0.04,94,94,74.72262773722628,124,0.8686468,1.5028775658818982,13268,0.08588029199745506,148,284
dqn_original,DQN,Original,138,-85.22657527535448,21.794923782348633,0,0.04,101,101,74.91304347826087,139,0.8672707,1.4785094404820915,13407,0.13595249998616055,148,285
dqn_original,DQN,Original,139,-61.52886671463722,21.579538345336914,0,0.04,54,54,74.76258992805755,69,0.8665876,1.267713135999182,13476,0.06665879100910388,148,286
dqn_original,DQN,Original,140,-208.88936704648853,22.606040954589844,0,0.04,90,90,74.87142857142857,116,0.8654392,1.626683919337289,13592,0.09690525001497008,148,287
dqn_original,DQN,Original,141,-53.10448638288135,22.709125518798828,0,0.04,62,62,74.78014184397163,79,0.8646571000000001,1.5847194981348665,13671,0.062280749989440665,148,288
dqn_original,DQN,Original,142,-154.70965110876347,22.61612892150879,0,0.04,106,106,75.0,141,0.8632612,1.4911976912131546,13812,0.13474162499187514,148,289
dqn_original,DQN,Original,143,-106.15027905957416,22.894962310791016,0,0.04,66,66,74.93706293706293,87,0.8623999,1.3718704064001983,13899,0.05679133301600814,148,290
dqn_original,DQN,Original,144,-67.54840982434268,22.660198211669922,0,0.04,62,62,74.84722222222223,79,0.8616178,1.6195586689665347,13978,0.06622441599029116,148,291
dqn_original,DQN,Original,145,-61.37419165983192,23.787246704101562,0,0.04,88,88,74.93793103448276,110,0.8605288,1.4500323894349012,14088,0.1016691249969881,148,292
dqn_original,DQN,Original,146,-84.68291300340958,23.604259490966797,0,0.04,84,84,75.0,111,0.8594299,1.6355697390463975,14199,0.07440225000027567,148,293
dqn_original,DQN,Original,147,-273.23267094938734,23.41823387145996,0,0.04,60,60,74.89795918367346,83,0.8586081999999999,1.2674170666071305,14282,0.05565933301113546,148,294
dqn_original,DQN,Original,148,-53.18579297666231,23.66274642944336,0,0.04,93,93,75.02027027027027,123,0.8573904999999999,1.7501014211798103,14405,0.08779183300794102,148,295
dqn_original,DQN,Original,149,-61.355958136923945,23.386856079101562,0,0.04,56,56,74.89261744966443,73,0.8566678,1.4427798080117735,14478,0.05437129200436175,148,296
dqn_original,DQN,Original,150,-64.59157080842941,24.093486785888672,0,0.04,52,52,74.74,68,0.8559946,1.2931345451404066,14546,0.05285483301850036,148,297
dqn_original,DQN,Original,151,-101.4904043449142,24.238161087036133,0,0.04,67,67,74.6887417218543,85,0.8551531,1.3232535342959797,14631,0.0852963330107741,148,298
dqn_original,DQN,Original,152,-89.19344429753886,24.466014862060547,0,0.04,70,70,74.65789473684211,89,0.854272,1.5916047049372384,14720,0.0631385830056388,148,299
dqn_original,DQN,Original,153,-84.92024376531548,24.319927215576172,0,0.04,88,88,74.74509803921569,114,0.8531434,1.4576960174660933,14834,0.08658124998328276,148,300
dqn_original,DQN,Original,154,-79.9606098635029,24.311967849731445,0,0.04,78,78,74.76623376623377,103,0.8521237,1.5241769830000054,14937,0.07604058299330063,148,301
dqn_original,DQN,Original,155,-129.26161964497607,25.11286163330078,0,0.04,51,51,74.61290322580645,66,0.8514703,1.6565001078627326,15003,0.04870712500996888,148,302
dqn_original,DQN,Original,156,-120.89102272551413,25.090173721313477,0,0.04,76,76,74.62179487179488,103,0.8504506000000001,1.5486596964516686,15106,0.0679040839895606,148,303
dqn_original,DQN,Original,157,-40.732137957115,25.378700256347656,0,0.04,71,71,74.59872611464968,83,0.8496289,1.4427747062171798,15189,0.0523599159787409,148,304
dqn_original,DQN,Original,158,-57.11788458541896,25.08586883544922,0,0.04,51,51,74.4493670886076,67,0.8489656,1.5502413208804913,15256,0.04281908299890347,148,305
dqn_original,DQN,Original,159,-58.14833966244011,25.142574310302734,0,0.04,53,53,74.31446540880503,68,0.8482924000000001,1.5840521680519861,15324,0.04214816598687321,148,306
dqn_original,DQN,Original,160,-64.83602469551401,25.33442497253418,0,0.04,55,55,74.19375,66,0.847639,1.0966228425051228,15390,0.04033700001309626,148,307
dqn_original,DQN,Original,161,-95.96831922158165,25.062143325805664,0,0.04,52,52,74.05590062111801,74,0.8469064,1.3111861732763213,15464,0.044092124997405335,148,308
dqn_original,DQN,Original,162,-123.13001115383449,26.293987274169922,0,0.04,79,79,74.08641975308642,99,0.8459263,1.4872611291480786,15563,0.056087125005433336,148,309
dqn_original,DQN,Original,163,-81.78459358753557,26.532733917236328,0,0.04,74,74,74.08588957055214,94,0.8449957,1.628722090987449,15657,0.05241875001229346,148,310
dqn_original,DQN,Original,164,-68.6964074680487,26.169031143188477,0,0.04,56,56,73.97560975609755,68,0.8443225,1.7088525231708498,15725,0.03619975000037812,148,311
dqn_original,DQN,Original,165,-118.85932712534955,26.416946411132812,0,0.04,54,54,73.85454545454546,73,0.8435998,1.4858398768183303,15798,0.03761883298284374,148,312
dqn_original,DQN,Original,166,-85.77429734900865,26.239688873291016,0,0.04,95,95,73.98192771084338,128,0.8423326,1.3156948871910572,15926,0.09126575000118464,148,313
dqn_original,DQN,Original,167,-86.0412997598633,26.250110626220703,0,0.04,80,80,74.01796407185628,107,0.8412733,1.8540842137604117,16033,0.11080429199500941,148,314
dqn_original,DQN,Original,168,-143.635117369965,26.348098754882812,0,0.04,57,57,73.91666666666667,73,0.8405506,1.3815313328618872,16106,0.09049745899392292,148,315
dqn_original,DQN,Original,169,-90.46127582116421,26.814939498901367,0,0.04,95,95,74.0414201183432,123,0.8393329,1.6287346610693427,16229,0.1403764590213541,148,316
dqn_original,DQN,Original,170,-100.95285835583921,26.30506706237793,0,0.04,73,73,74.03529411764706,90,0.8384419,1.2557503657208549,16319,0.08469400001922622,148,317
dqn_original,DQN,Original,171,-237.2640135392494,26.77594757080078,0,0.04,96,96,74.16374269005848,119,0.8372638,1.4781871243935674,16438,0.1030880410107784,148,318
dqn_original,DQN,Original,172,-78.27297903920186,26.716554641723633,0,0.04,55,55,74.05232558139535,66,0.8366104,1.3437985186323975,16504,0.06040258301072754,148,319
dqn_original,DQN,Original,173,-89.39011823679749,26.900196075439453,0,0.04,52,52,73.92485549132948,64,0.8359768000000001,1.3772203563712537,16568,0.049922666017664596,148,320
dqn_original,DQN,Original,174,-71.23520672884393,26.732059478759766,1,0.05,60,60,73.84482758620689,82,0.8351649999999999,1.4835669761750756,16650,0.06728104199282825,148,321
dqn_original,DQN,Original,175,-123.15911222733764,26.76148223876953,0,0.05,86,86,73.91428571428571,107,0.8341057000000001,1.891691928712007,16757,0.06446449999930337,148,322
dqn_original,DQN,Original,176,-113.16211557496476,26.92093849182129,0,0.05,101,101,74.06818181818181,125,0.8328682000000001,1.489869561433792,16882,0.09879250000813045,148,323
dqn_original,DQN,Original,177,-92.11775682453622,26.534835815429688,0,0.05,67,67,74.02824858757062,91,0.8319673000000001,1.1751720685880263,16973,0.059722333011450246,148,324
dqn_original,DQN,Original,178,-85.89648257464417,26.288833618164062,0,0.05,54,54,73.91573033707866,76,0.8312149,1.9586079740210582,17049,0.05245187500258908,148,325
dqn_original,DQN,Original,179,-89.97146502861965,26.526809692382812,0,0.05,105,105,74.08938547486034,125,0.8299774,1.3424311399459838,17174,0.07615362500655465,148,326
dqn_original,DQN,Original,180,-349.17083844346905,26.701595306396484,0,0.05,86,86,74.15555555555555,110,0.8288884,1.586824694275856,17284,0.05907141699572094,148,327
dqn_original,DQN,Original,181,-85.20221785752645,26.712339401245117,0,0.05,60,60,74.07734806629834,79,0.8281063,1.7073353121552286,17363,0.04358687499188818,148,328
dqn_original,DQN,Original,182,-85.17994708352856,26.392959594726562,0,0.05,103,103,74.23626373626374,130,0.8268193,1.544972752378537,17493,0.07957266698940657,148,329
dqn_original,DQN,Original,183,-61.03320343608095,26.764938354492188,0,0.05,84,84,74.2896174863388,106,0.8257699000000001,1.9737381268784684,17599,0.09487462500692345,148,330
dqn_original,DQN,Original,184,-87.30850134381998,27.159832000732422,0,0.05,57,57,74.19565217391305,74,0.8250373,1.6383574971476116,17673,0.051212666992796585,148,331
dqn_original,DQN,Original,185,-106.13728431809416,26.47248077392578,0,0.05,75,75,74.2,94,0.8241067,1.5648922219555428,17767,0.0634658340131864,148,332
dqn_original,DQN,Original,186,-90.28392452966118,27.579166412353516,0,0.05,80,80,74.23118279569893,112,0.8229979000000001,1.6361000716154064,17879,0.07444816699717194,148,333
dqn_original,DQN,Original,187,-138.44926305755794,27.072818756103516,0,0.05,82,82,74.27272727272727,105,0.8219584,1.77489869083677,17984,0.0651823750231415,148,334
dqn_original,DQN,Original,188,-128.9518269175713,27.111919403076172,0,0.05,75,75,74.27659574468085,93,0.8210377,1.8207791290616477,18077,0.05310208402806893,148,335
dqn_original,DQN,Original,189,-22.253960234687085,26.982666015625,0,0.05,120,120,74.51851851851852,149,0.8195626,1.8332484136491813,18226,0.0856198750261683,148,336
dqn_original,DQN,Original,190,-105.42910788473938,26.877099990844727,0,0.05,61,61,74.44736842105263,75,0.8188200999999999,1.36176127632459,18301,0.053792874998180196,148,337
dqn_original,DQN,Original,191,-107.00161945797498,26.552902221679688,0,0.05,78,78,74.46596858638743,94,0.8178894999999999,1.4718755237916683,18395,0.05280295800184831,148,338
dqn_original,DQN,Original,192,-90.21055433215341,27.45389747619629,0,0.05,89,89,74.54166666666667,111,0.8167906,1.780228214489447,18506,0.061958083999343216,148,339
dqn_original,DQN,Original,193,-59.57466002617005,27.370891571044922,0,0.05,77,77,74.55440414507773,89,0.8159095000000001,1.6535432100965735,18595,0.045552290976047516,148,340
dqn_original,DQN,Original,194,-121.87416675333674,26.835628509521484,0,0.05,102,102,74.69587628865979,129,0.8146324,1.6554000398447348,18724,0.06962945801205933,148,341
dqn_original,DQN,Original,195,-82.33374492809592,27.267019271850586,0,0.05,88,88,74.76410256410256,116,0.813484,1.572435041311486,18840,0.07191220900858752,148,342
dqn_original,DQN,Original,196,-105.6307020525117,26.550769805908203,0,0.05,51,51,74.64285714285714,65,0.8128405,1.4878459916665003,18905,0.03386749999481253,148,343
dqn_original,DQN,Original,197,-100.07966030559491,25.931697845458984,0,0.05,86,86,74.7005076142132,112,0.8117317,1.6130526685821158,19017,0.060315084003377706,148,344
dqn_original,DQN,Original,198,-243.21329920705836,26.675037384033203,0,0.05,79,79,74.72222222222223,95,0.8107911999999999,1.6490631920726675,19112,0.052273958979640156,148,345
dqn_original,DQN,Original,199,-67.3657992036318,27.036705017089844,0,0.05,69,69,74.69346733668341,87,0.8099299,1.8901460009744797,19199,0.06158883299212903,148,346
dqn_original,DQN,Original,200,-112.96711770241673,26.554187774658203,0,0.05,83,83,74.735,103,0.8089102,1.76412145894708,19302,0.054963375005172566,148,347
dqn_original,DQN,Original,201,-117.2278645152999,26.090402603149414,0,0.05,74,74,74.73134328358209,111,0.8078113,1.9659490899459735,19413,0.07351595800719224,148,348
dqn_original,DQN,Original,202,-99.8972201157059,26.174617767333984,0,0.05,88,88,74.79702970297029,109,0.8067322,1.608318044504988,19522,0.06337683298625052,148,349
dqn_original,DQN,Original,203,-80.65006989648626,26.303630828857422,0,0.05,62,62,74.73399014778325,76,0.8059798,1.4391432471181218,19598,0.05038287499337457,148,350
dqn_original,DQN,Original,204,-86.4397022143163,26.618206024169922,0,0.05,61,61,74.66666666666667,77,0.8052175,1.302298956103139,19675,0.04773983298218809,148,351
dqn_original,DQN,Original,205,-129.39352041203134,26.289209365844727,0,0.05,89,89,74.73658536585366,106,0.8041681,1.3688890860890441,19781,0.05858583399094641,148,352
dqn_original,DQN,Original,206,-42.53965594709523,26.447717666625977,0,0.05,53,53,74.63106796116504,69,0.803485,1.6709999515526537,19850,0.03542191698215902,148,353
dqn_original,DQN,Original,207,-68.60743234007742,26.187320709228516,0,0.05,62,62,74.57004830917874,79,0.8027029,1.4011593291276618,19929,0.04403124999953434,148,354
dqn_original,DQN,Original,208,-48.261303158668795,26.281524658203125,0,0.05,65,65,74.52403846153847,78,0.8019307,1.6572882918975291,20007,0.04317616700427607,148,355
dqn_original,DQN,Original,209,-63.75868051937517,26.24740219116211,0,0.05,50,50,74.4066985645933,63,0.801307,1.5160100658734639,20070,0.03488779198960401,148,356
dqn_original,DQN,Original,210,-60.1877979228539,26.302410125732422,0,0.05,92,92,74.49047619047619,118,0.8001388,1.4791527046995647,20188,0.06363266697735526,148,357
dqn_original,DQN,Original,211,-53.20180738907419,26.61362648010254,0,0.05,81,81,74.52132701421802,98,0.7991686,1.9311130255156634,20286,0.055050875002052635,148,358
dqn_original,DQN,Original,212,-55.427565070902055,26.830163955688477,0,0.04,46,46,74.38679245283019,64,0.798535,1.668519475031644,20350,0.0351979169936385,148,359
dqn_original,DQN,Original,213,-107.57356811094677,26.38298225402832,0,0.04,71,71,74.37089201877934,94,0.7976044,1.4646842161074598,20444,0.05171612501726486,148,360
dqn_original,DQN,Original,214,-105.66181595725885,26.71975326538086,0,0.04,66,66,74.33177570093459,87,0.7967431,1.6594929003167427,20531,0.04989929200382903,148,361
dqn_original,DQN,Original,215,-36.74771331120716,26.774206161499023,1,0.05,56,56,74.24651162790698,72,0.7960303,1.7196516771283414,20603,0.03915758299990557,148,362
dqn_original,DQN,Original,216,-46.75550493106559,26.549560546875,0,0.05,80,80,74.27314814814815,102,0.7950205,1.5232128199993396,20705,0.06452941699535586,148,363
dqn_original,DQN,Original,217,-142.11495653349292,27.214868545532227,0,0.05,81,81,74.3041474654378,101,0.7940206,1.8180990896307596,20806,0.0546597920183558,148,364
dqn_original,DQN,Original,218,-80.40121422927784,26.56987762451172,0,0.05,78,78,74.3211009174312,101,0.7930207,1.5285707291695152,20907,0.0553293339908123,148,365
dqn_original,DQN,Original,219,-99.02150915962606,27.767568588256836,0,0.05,81,81,74.35159817351598,97,0.7920604,1.6443877779331404,21004,0.05163083301158622,148,366
dqn_original,DQN,Original,220,-122.06165815957658,26.20904541015625,0,0.05,70,70,74.33181818181818,94,0.7911298,1.6727925285379937,21098,0.051457167020998895,148,367
dqn_original,DQN,Original,221,-62.686712135827044,26.501853942871094,0,0.05,68,68,74.30316742081448,90,0.7902388,1.5759776711463929,21188,0.04854537500068545,148,368
dqn_original,DQN,Original,222,-68.407669603129,26.8863525390625,0,0.05,54,54,74.21171171171171,65,0.7895953,1.6034045228591332,21253,0.03624570797546767,148,369
dqn_original,DQN,Original,223,-53.53690789713938,26.805377960205078,0,0.05,54,54,74.12107623318386,66,0.7889419,1.6381883991487098,21319,0.03532166700460948,148,370
dqn_original,DQN,Original,224,-112.81140939848368,26.536529541015625,0,0.05,75,75,74.125,91,0.788041,1.470539940582527,21410,0.049960500007728115,148,371
dqn_original,DQN,Original,225,-81.32869552987438,25.122657775878906,0,0.05,83,83,74.16444444444444,104,0.7870114,1.6004757101719196,21514,0.05683379099355079,148,372
dqn_original,DQN,Original,226,-74.59010079856236,26.23963165283203,0,0.04,50,50,74.0575221238938,65,0.7863679,1.469471759062547,21579,0.03607162498519756,148,373
dqn_original,DQN,Original,227,-70.69597177744734,25.827451705932617,0,0.04,70,70,74.03964757709251,86,0.7855165,1.570139765739441,21665,0.04677129100309685,148,374
dqn_original,DQN,Original,228,-19.112959640113687,25.881559371948242,1,0.05,93,93,74.12280701754386,119,0.7843384,1.5943806578381723,21784,0.06335437498637475,148,375
dqn_original,DQN,Original,229,-52.24653511271346,26.475299835205078,1,0.06,79,79,74.14410480349345,97,0.7833781,1.6338905790417464,21881,0.05078954200143926,148,376
dqn_original,DQN,Original,230,-140.8504706542156,26.409412384033203,0,0.05,70,70,74.12608695652175,101,0.7823782,1.5892297817338812,21982,0.053501833986956626,148,377
dqn_original,DQN,Original,231,-78.44156385187665,25.489009857177734,0,0.05,57,57,74.05194805194805,68,0.781705,1.695189405890072,22050,0.03756654099561274,148,378
dqn_original,DQN,Original,232,-75.26140503582859,25.123706817626953,0,0.05,65,65,74.01293103448276,78,0.7809328,1.7395301856673682,22128,0.042487458005780354,148,379
dqn_original,DQN,Original,233,-58.07480098905875,25.39437484741211,0,0.05,72,72,74.00429184549357,91,0.7800319,1.9086027561308263,22219,0.04875012501724996,148,380
dqn_original,DQN,Original,234,-96.96400894154839,25.45947265625,0,0.04,51,51,73.90598290598291,68,0.7793587,1.4217475516831173,22287,0.03825208300258964,148,381
dqn_original,DQN,Original,235,-119.88248678510786,25.39867401123047,0,0.04,75,75,73.91063829787234,93,0.778438,1.3674792631339001,22380,0.049310874979710206,148,382
dqn_original,DQN,Original,236,-72.52429624323878,25.361576080322266,0,0.04,78,78,73.92796610169492,95,0.7774975,1.6175688724768789,22475,0.04958466699463315,148,383
dqn_original,DQN,Original,237,-79.8762016352578,25.011432647705078,0,0.04,60,60,73.86919831223629,79,0.7767154000000001,1.515743074915077,22554,0.0488863329810556,148,384
dqn_original,DQN,Original,238,-103.1553448482334,24.801616668701172,0,0.04,68,68,73.84453781512605,90,0.7758244,1.565967113441891,22644,0.04715275001944974,148,385
dqn_original,DQN,Original,239,-174.36848886189824,25.04767608642578,0,0.04,110,110,73.99581589958159,131,0.7745275,1.745134763590252,22775,0.07132487499620765,148,386
dqn_original,DQN,Original,240,-83.5133260347724,24.677215576171875,0,0.04,88,88,74.05416666666666,106,0.7734781,1.5126530733310952,22881,0.058305874990765005,148,387
dqn_original,DQN,Original,241,-85.06926375597858,24.5906982421875,0,0.04,49,49,73.95020746887967,63,0.7728543999999999,1.4487662575547657,22944,0.0337599579943344,148,388
dqn_original,DQN,Original,242,-113.21307177603592,24.756725311279297,0,0.04,75,75,73.95454545454545,91,0.7719535,1.7189159832157932,23035,0.04919712501578033,148,389
dqn_original,DQN,Original,243,-61.349999942861714,24.7770938873291,0,0.04,77,77,73.96707818930041,97,0.7709932,1.6915803898855584,23132,0.052235833019949496,148,390
dqn_original,DQN,Original,244,-102.81369810164733,24.697738647460938,0,0.04,93,93,74.04508196721312,112,0.7698844,1.6993953857038702,23244,0.06411829200806096,148,391
dqn_original,DQN,Original,245,-49.6696439454453,24.746490478515625,1,0.05,57,57,73.97551020408163,74,0.7691517999999999,1.6647752307959505,23318,0.04244416701840237,148,392
dqn_original,DQN,Original,246,-170.9977924635515,24.827465057373047,0,0.05,60,60,73.91869918699187,77,0.7683895000000001,1.416763000674062,23395,0.043100457987748086,148,393
dqn_original,DQN,Original,247,-78.1111654732704,24.500633239746094,0,0.05,51,51,73.82591093117409,60,0.7677955,1.6715586617588998,23455,0.0333042920101434,148,394
dqn_original,DQN,Original,248,-97.85688712698752,24.617834091186523,0,0.05,73,73,73.8225806451613,95,0.7668550000000001,1.8202420134293407,23550,0.052989916992373765,148,395
dqn_original,DQN,Original,249,-163.88149024217364,24.026744842529297,0,0.05,71,71,73.81124497991968,94,0.7659244,1.5865673093085593,23644,0.0555621660023462,148,396
dqn_original,DQN,Original,250,-62.88990202507208,24.4355525970459,1,0.06,81,81,73.84,103,0.7649047,1.5016912872930175,23747,0.07473508297698572,148,397
dqn_original,DQN,Original,251,-77.97761308668355,25.020450592041016,0,0.06,72,72,73.83266932270917,84,0.7640731000000001,1.897510983404659,23831,0.053279624989954755,148,398
dqn_original,DQN,Original,252,-109.88281659606403,24.10299301147461,0,0.06,60,60,73.77777777777777,84,0.7632415,1.469516480607646,23915,0.047892583010252565,148,399
dqn_original,DQN,Original,253,-59.01662440289577,24.249114990234375,0,0.06,49,49,73.6798418972332,58,0.7626672999999999,1.446086354810616,23973,0.03241370900650509,148,400
dqn_original,DQN,Original,254,-20.94799942174089,23.97371482849121,0,0.06,107,107,73.81102362204724,128,0.7614001,1.8046718908008188,24101,0.07536566600902006,148,401
dqn_original,DQN,Original,255,-83.35866511103987,23.906490325927734,0,0.06,93,93,73.88627450980393,114,0.7602715,1.7865245117430102,24215,0.06538337498204783,148,402
dqn_original,DQN,Original,256,-32.869618866700975,24.194042205810547,1,0.07,99,99,73.984375,126,0.7590241,1.8093940680698744,24341,0.08110937499441206,148,403
dqn_original,DQN,Original,257,-162.54973342575605,24.22217559814453,0,0.07,83,83,74.01945525291829,107,0.7579648,1.610611170251793,24448,0.06192291699699126,148,404
dqn_original,DQN,Original,258,-100.35108865643902,23.75640869140625,0,0.07,67,67,73.9922480620155,85,0.7571232999999999,1.6298446532557993,24533,0.047688999999081716,148,405
dqn_original,DQN,Original,259,-66.23802815955048,24.03240203857422,0,0.07,78,78,74.00772200772201,95,0.7561828,1.776336398563887,24628,0.05156991598778404,148,406
dqn_original,DQN,Original,260,-82.45345002729638,23.58411407470703,0,0.07,69,69,73.98846153846154,93,0.7552620999999999,1.506323195753559,24721,0.04917137499433011,148,407
dqn_original,DQN,Original,261,-64.78250892732554,23.6856746673584,0,0.07,53,53,73.9080459770115,69,0.754579,1.3837174924387448,24790,0.03687854198506102,148,408
dqn_original,DQN,Original,262,-46.313182405385135,23.717485427856445,0,0.07,76,76,73.91603053435115,95,0.7536385,1.5138003496747268,24885,0.05240449999109842,148,409
dqn_original,DQN,Original,263,-40.74396116910458,23.707456588745117,0,0.07,56,56,73.84790874524715,68,0.7529653000000001,1.5206138136632301,24953,0.04368341699591838,148,410
dqn_original,DQN,Original,264,-111.65719316650373,23.579696655273438,0,0.07,92,92,73.91666666666667,111,0.7518664,1.705277605099721,25064,0.06353508299798705,148,411
dqn_original,DQN,Original,265,-90.6058604193989,23.462135314941406,0,0.07,109,109,74.04905660377358,132,0.7505596,1.6134242489933968,25196,0.07150000002002344,148,412
dqn_original,DQN,Original,266,-76.08042531586088,23.02009391784668,0,0.07,103,103,74.15789473684211,123,0.7493418999999999,1.5148398597550585,25319,0.07414654199965298,148,413
dqn_original,DQN,Original,267,-99.76074315894726,22.8380126953125,0,0.07,81,81,74.18352059925094,99,0.7483618,1.69835347057593,25418,0.05287745801615529,148,414
dqn_original,DQN,Original,268,-36.79799170978555,23.478317260742188,1,0.08,50,50,74.09328358208955,62,0.747748,1.926446612323484,25480,0.032176958018681034,148,415
dqn_original,DQN,Original,269,-115.30135844291493,22.34271240234375,0,0.08,71,71,74.0817843866171,87,0.7468867,1.6821322879572025,25567,0.04758449998917058,148,416
dqn_original,DQN,Original,270,-205.80511016058384,22.61737823486328,0,0.08,95,95,74.15925925925926,126,0.7456393,1.358898689822545,25693,0.07204887497937307,148,417
dqn_original,DQN,Original,271,-75.9493925047657,22.939971923828125,1,0.09,72,72,74.15129151291512,94,0.7447087,1.5506143053161336,25787,0.05371766601456329,148,418
dqn_original,DQN,Original,272,-44.38430127409865,22.347415924072266,1,0.1,68,68,74.12867647058823,86,0.7438572999999999,1.583683816846027,25873,0.04525633400771767,148,419
dqn_original,DQN,Original,273,-49.87046978024926,22.631378173828125,0,0.1,82,82,74.15750915750915,98,0.7428871,1.3785087110436693,25971,0.05372466699918732,148,420
dqn_original,DQN,Original,274,-79.9863771742842,22.424861907958984,0,0.09,67,67,74.13138686131387,88,0.7420159,1.8406168906526132,26059,0.0478245000122115,148,421
dqn_original,DQN,Original,275,-85.38486505107096,22.493667602539062,0,0.09,75,75,74.13454545454546,92,0.7411051,1.769358907704768,26151,0.05289500000071712,148,422
dqn_original,DQN,Original,276,-50.49765837297542,22.200206756591797,0,0.09,63,63,74.09420289855072,79,0.7403230000000001,1.159865139028694,26230,0.05939870802103542,148,423
dqn_original,DQN,Original,277,-26.16333319102742,21.957500457763672,1,0.1,91,91,74.15523465703971,113,0.7392042999999999,1.4962078863013106,26343,0.06786920799640939,148,424
dqn_original,DQN,Original,278,-87.2887507858996,22.52019500732422,0,0.1,60,60,74.10431654676259,79,0.7384222,1.7635500370701658,26422,0.045446124975569546,148,425
dqn_original,DQN,Original,279,-116.31481015776353,21.717193603515625,0,0.1,95,95,74.17921146953405,114,0.7372936,1.7021214211719078,26536,0.06508916697930545,148,426
dqn_original,DQN,Original,280,-50.01324236588607,21.682910919189453,0,0.1,57,57,74.11785714285715,75,0.7365511,1.6698390690485636,26611,0.041912499989848584,148,427
dqn_original,DQN,Original,281,-77.81426114075768,21.71986198425293,0,0.1,67,67,74.09252669039147,82,0.7357393,1.8854288738675233,26693,0.06204737498774193,148,428
dqn_original,DQN,Original,282,-240.72813893624766,21.694061279296875,0,0.1,73,73,74.08865248226951,89,0.7348582,1.551954114202703,26782,0.049050417001126334,148,429
dqn_original,DQN,Original,283,-125.46090669264565,22.137008666992188,0,0.1,87,87,74.13427561837456,108,0.733789,1.3783407233379505,26890,0.059722166013671085,148,430
dqn_original,DQN,Original,284,-44.15111904592125,21.066551208496094,0,0.1,99,99,74.22183098591549,130,0.732502,1.7533007603425246,27020,0.07417720800731331,148,431
dqn_original,DQN,Original,285,-89.334239083459,21.526756286621094,0,0.1,77,77,74.23157894736842,92,0.7315912,1.560486840489118,27112,0.04994437500135973,148,432
dqn_original,DQN,Original,286,-81.94969878153142,21.584272384643555,0,0.1,78,78,74.24475524475524,94,0.7306606,1.980042962634817,27206,0.059315417020116,148,433
dqn_original,DQN,Original,287,-33.55779617761583,21.75234603881836,0,0.1,98,98,74.32752613240419,121,0.7294627,1.6451300963882571,27327,0.07118820800678805,148,434
dqn_original,DQN,Original,288,-82.51234713702833,21.704160690307617,0,0.1,69,69,74.30902777777777,84,0.7286311,1.6863766397748674,27411,0.049824415997136384,148,435
dqn_original,DQN,Original,289,-105.21547496152895,21.937253952026367,0,0.1,63,63,74.26989619377163,84,0.7277994999999999,1.8400458892186482,27495,0.048671791999368,148,436
dqn_original,DQN,Original,290,-40.99027508182671,20.329811096191406,0,0.1,80,80,74.28965517241379,98,0.7268293,1.78586545130428,27593,0.05346908300998621,148,437
dqn_original,DQN,Original,291,-19.140596268992397,20.95611572265625,1,0.11,102,102,74.38487972508591,125,0.7255918,1.5760768270492553,27718,0.06872508302330971,148,438
dqn_original,DQN,Original,292,-222.88134112772093,20.32688331604004,0,0.11,118,118,74.53424657534246,143,0.7241761,1.5126809359013618,27861,0.08253858401440084,148,439
dqn_original,DQN,Original,293,-64.71759715287978,20.61764907836914,0,0.11,86,86,74.57337883959045,102,0.7231663,1.6089057156852646,27963,0.06178208300843835,148,440
dqn_original,DQN,Original,294,-108.1181764330675,20.75914764404297,0,0.11,72,72,74.56462585034014,97,0.7222059999999999,1.6285804537768216,28060,0.06299924998893403,148,441
dqn_original,DQN,Original,295,-134.68894376189326,20.590587615966797,0,0.11,75,75,74.56610169491526,102,0.7211962000000001,1.738389283710835,28162,0.05722133399103768,148,442
dqn_original,DQN,Original,296,-64.53519907505955,20.489341735839844,0,0.11,75,75,74.56756756756756,106,0.7201468,1.7808053119564957,28268,0.06101116701029241,148,443
dqn_original,DQN,Original,297,-124.58648280600005,20.163984298706055,0,0.11,66,66,74.53872053872054,77,0.7193845000000001,1.9936324818567797,28345,0.0444772920163814,148,444
dqn_original,DQN,Original,298,-281.731923568487,20.989200592041016,0,0.11,88,88,74.58389261744966,105,0.718345,1.6480667091551282,28450,0.05842087499331683,148,445
dqn_original,DQN,Original,299,-80.71192136449568,19.92646026611328,0,0.11,75,75,74.58528428093645,82,0.7175332,2.074172261648062,28532,0.05247112500364892,148,446
dqn_original,DQN,Original,300,-35.272211302767104,19.425884246826172,1,0.12,96,96,74.65666666666667,125,0.7162957000000001,1.417082331418991,28657,0.06803908399888314,148,447
dqn_original,DQN,Original,301,-32.82007494806156,20.168575286865234,0,0.12,101,101,74.74418604651163,121,0.7150978,2.076161819056046,28778,0.07245558299473487,148,448
dqn_original,DQN,Original,302,-55.22127271845352,20.178401947021484,0,0.12,63,63,74.70529801324503,77,0.7143355,1.8315660701943683,28855,0.05096162497648038,148,449
dqn_original,DQN,Original,303,-50.48307056311789,20.055347442626953,1,0.13,84,84,74.73597359735973,108,0.7132663,1.952184726242666,28963,0.059627041016938165,148,450
dqn_original,DQN,Original,304,-49.003121039731305,19.447498321533203,0,0.13,44,44,74.63486842105263,61,0.7126624,2.0662089263806576,29024,0.04080524999881163,148,451
dqn_original,DQN,Original,305,-143.2881920367277,19.098995208740234,0,0.13,94,94,74.6983606557377,119,0.7114843,1.7353136281506354,29143,0.06723845799569972,148,452
dqn_original,DQN,Original,306,-68.86540784343573,19.143115997314453,0,0.13,78,78,74.70915032679738,89,0.7106032,1.6596848666667938,29232,0.05663687500054948,148,453
dqn_original,DQN,Original,307,-28.659039002117026,19.187801361083984,0,0.13,117,117,74.84690553745928,141,0.7092073,1.70722411668047,29373,0.09113404198433273,148,454
dqn_original,DQN,Original,308,-119.57270265943359,19.221738815307617,0,0.13,74,74,74.84415584415585,88,0.7083361,1.8517444509674201,29461,0.051905624975916,148,455
dqn_original,DQN,Original,309,-44.51791458122726,18.02096939086914,1,0.14,64,64,74.80906148867314,80,0.7075441,1.9360123183578253,29541,0.05097516599926166,148,456
dqn_original,DQN,Original,310,-122.63708534717718,18.770889282226562,0,0.14,57,57,74.7516129032258,66,0.7068907,1.756570873386932,29607,0.04343362498912029,148,457
dqn_original,DQN,Original,311,-62.81294210140386,18.361204147338867,0,0.14,90,90,74.80064308681672,116,0.7057423,1.7918915746027027,29723,0.08833600001526065,148,458
dqn_original,DQN,Original,312,-84.96333674004191,17.931758880615234,0,0.14,51,51,74.72435897435898,62,0.7051285,1.7704061971556755,29785,0.04808087498531677,148,459
dqn_original,DQN,Original,313,-57.513168005993826,18.11349105834961,0,0.14,92,92,74.77955271565496,111,0.7040295999999999,1.5379889709455472,29896,0.07259762502508238,148,460
dqn_original,DQN,Original,314,-57.36714319305174,18.075098037719727,0,0.14,51,51,74.70382165605096,65,0.7033861,1.687235329242853,29961,0.041633375018136576,148,461
dqn_original,DQN,Original,315,-78.11132560797375,18.000431060791016,0,0.13,78,78,74.71428571428571,101,0.7023862000000001,1.8363974666831517,30062,0.06388883400359191,148,462
dqn_original,DQN,Original,316,-69.0750287888173,18.184036254882812,0,0.13,85,85,74.74683544303798,102,0.7013764,1.8618471759791468,30164,0.06542616701335646,148,463
dqn_original,DQN,Original,317,-61.92631819443087,17.526935577392578,0,0.13,53,53,74.6782334384858,74,0.7006438,1.8009275105353948,30238,0.04227295800228603,148,464
dqn_original,DQN,Original,318,-50.22387634067883,17.854290008544922,1,0.14,68,68,74.65723270440252,88,0.6997726,1.455161379142241,30326,0.04997304198332131,148,465
dqn_original,DQN,Original,319,-126.45312109792337,18.244705200195312,0,0.14,59,59,74.60815047021944,76,0.6990202,1.668142756349162,30402,0.041842957987682894,148,466
dqn_original,DQN,Original,320,-59.634466439659136,18.03799819946289,1,0.15,76,76,74.6125,91,0.6981193,1.678668466570613,30493,0.05326020802021958,148,467
dqn_original,DQN,Original,321,-53.400916442894044,17.322961807250977,0,0.15,97,97,74.6822429906542,116,0.6969709,1.746313407760242,30609,0.06531637499574572,148,468
dqn_original,DQN,Original,322,-46.698421166730206,17.005260467529297,0,0.15,106,106,74.77950310559007,125,0.6957334,1.801074160337448,30734,0.07060775000718422,148,469
dqn_original,DQN,Original,323,-58.412278567853974,17.500131607055664,0,0.15,64,64,74.74613003095975,85,0.6948919,1.8710273669046513,30819,0.04734883300261572,148,470
dqn_original,DQN,Original,324,-24.617332759616843,16.582719802856445,0,0.15,80,80,74.76234567901234,103,0.6938721999999999,1.5795880379607377,30922,0.05940825000288896,148,471
dqn_original,DQN,Original,325,-11.014071545943779,16.778783798217773,0,0.15,74,74,74.76,97,0.6929118999999999,1.5916526892136054,31019,0.05555629200534895,148,472
dqn_original,DQN,Original,326,-72.27771538292852,16.749675750732422,0,0.15,42,42,74.65950920245399,59,0.6923277999999999,1.5316342034582364,31078,0.03290975000709295,148,473
dqn_original,DQN,Original,327,-48.80837469411921,17.123886108398438,1,0.16,56,56,74.60244648318043,76,0.6915754000000001,1.3879102374378003,31154,0.0426987920072861,148,474
dqn_original,DQN,Original,328,-116.32327267155686,17.441303253173828,0,0.15,66,66,74.57621951219512,80,0.6907833999999999,1.773860762268305,31234,0.04667108299327083,148,475
dqn_original,DQN,Original,329,-18.86154832159953,17.187917709350586,0,0.14,79,79,74.58966565349544,91,0.6898825,1.8722670556424739,31325,0.050036500004353,148,476
dqn_original,DQN,Original,330,-41.073397144286645,17.17013931274414,0,0.14,88,88,74.63030303030303,114,0.6887539,1.865365905719891,31439,0.06277958300779574,148,477
dqn_original,DQN,Original,331,-42.598310585186994,16.9331111907959,0,0.14,70,70,74.61631419939577,86,0.6879025000000001,1.7540854541368263,31525,0.06425250001484528,148,478
dqn_original,DQN,Original,332,-82.94873258101396,16.280757904052734,0,0.14,83,83,74.64156626506023,107,0.6868432,1.6030058866349337,31632,0.06123816600302234,148,479
dqn_original,DQN,Original,333,-16.43695052535128,16.69275665283203,0,0.14,92,92,74.69369369369369,119,0.6856651,1.7996942596275265,31751,0.07793800000217743,148,480
dqn_original,DQN,Original,334,-46.29399654751026,16.80856704711914,0,0.14,86,86,74.72754491017965,99,0.684685,1.7991443159002247,31850,0.05643237501499243,148,481
dqn_original,DQN,Original,335,-201.85122067868392,16.87512969970703,0,0.14,93,93,74.7820895522388,124,0.6834574,1.9727344695598847,31974,0.06980154200573452,148,482
dqn_original,DQN,Original,336,-22.46355231576692,15.804489135742188,0,0.14,64,64,74.75,76,0.682705,1.535982526054508,32050,0.0476830409897957,148,483
dqn_original,DQN,Original,337,-110.99325450348901,16.6566104888916,0,0.14,59,59,74.70326409495549,76,0.6819526,1.7592432977337586,32126,0.04203762501128949,148,484
dqn_original,DQN,Original,338,-61.396511020808774,15.885499954223633,0,0.14,60,60,74.65976331360947,71,0.6812497,1.9310254899548813,32197,0.03846245800377801,148,485
dqn_original,DQN,Original,339,-122.30845202140429,16.335784912109375,0,0.14,99,99,74.73156342182891,124,0.6800221,1.7414657247643317,32321,0.06864170799963176,148,486
dqn_original,DQN,Original,340,-98.47105572695261,15.835063934326172,0,0.14,68,68,74.71176470588236,87,0.6791608,1.690665838704712,32408,0.049014999996870756,148,487
dqn_original,DQN,Original,341,-62.01509578165782,16.145458221435547,0,0.14,101,101,74.78885630498533,118,0.6779926000000001,1.6723434821528904,32526,0.06386112500331365,148,488
dqn_original,DQN,Original,342,-97.70270054420286,16.081356048583984,0,0.14,92,92,74.8391812865497,110,0.6769035999999999,1.869686734676361,32636,0.06031766699743457,148,489
dqn_original,DQN,Original,343,-25.268037524605404,15.608592987060547,1,0.15,50,50,74.76676384839651,67,0.6762403,1.8345076641929683,32703,0.03477604198269546,148,490
dqn_original,DQN,Original,344,-98.16696165127945,15.579458236694336,0,0.15,90,90,74.81104651162791,108,0.6751711,1.6877990814822692,32811,0.05707700000493787,148,491
dqn_original,DQN,Original,345,-83.79995478638372,16.118316650390625,0,0.14,86,86,74.84347826086956,98,0.6742009,2.0441039359691193,32909,0.05195691701374017,148,492
dqn_original,DQN,Original,346,-106.65778916225024,15.253076553344727,0,0.14,99,99,74.91329479768787,121,0.673003,1.8887827142703633,33030,0.06821762499748729,148,493
dqn_original,DQN,Original,347,-73.39002183386046,15.823896408081055,0,0.14,68,68,74.89337175792507,84,0.6721714000000001,1.757683553511188,33114,0.047585541993612424,148,494
dqn_original,DQN,Original,348,-9.866505755761864,15.224445343017578,0,0.14,59,59,74.84770114942529,74,0.6714388,1.783733056606473,33188,0.04403587500564754,148,495
dqn_original,DQN,Original,349,-54.74369949166186,14.965103149414062,0,0.14,69,69,74.83094555873926,85,0.6705973,1.9555360453970292,33273,0.0502988749940414,148,496
dqn_original,DQN,Original,350,-47.45862797532445,14.868062973022461,0,0.13,94,94,74.88571428571429,121,0.6693994,1.9896403903310949,33394,0.1022418339853175,148,497
dqn_original,DQN,Original,351,-86.4597063962663,15.160595893859863,0,0.13,72,72,74.87749287749288,85,0.6685579,1.896517752198612,33479,0.05463391699595377,148,498
dqn_original,DQN,Original,352,-43.45106857206754,15.143341064453125,0,0.13,103,103,74.95738636363636,126,0.6673104999999999,1.8918658684170435,33605,0.07020320897572674,148,499
dqn_original,DQN,Original,353,-62.3094729342376,15.141277313232422,1,0.14,72,72,74.94900849858357,90,0.6664194999999999,1.926733907394939,33695,0.05063012501341291,148,500
dqn_original,DQN,Original,354,-41.41288996309811,14.94467544555664,0,0.14,75,75,74.94915254237289,92,0.6655087,1.9727403100418008,33787,0.05148129098233767,148,501
dqn_original,DQN,Original,355,-56.193428008258884,14.646411895751953,0,0.14,69,69,74.93239436619719,86,0.6646573,1.8592849013417265,33873,0.05084458299097605,148,502
dqn_original,DQN,Original,356,-29.57537856572992,14.595325469970703,0,0.13,61,61,74.8932584269663,69,0.6639742,1.9353760260602701,33942,0.03802487498614937,148,503
dqn_original,DQN,Original,357,-86.6871290502963,14.419598579406738,0,0.13,83,83,74.91596638655462,100,0.6629842,1.7547901076078416,34042,0.05362662501283921,148,504
dqn_original,DQN,Original,358,16.63939753678585,14.156160354614258,1,0.14,81,81,74.93296089385476,102,0.6619744,1.9057392273463456,34144,0.05535233300179243,148,505
dqn_original,DQN,Original,359,-72.6400834880649,14.474096298217773,0,0.14,71,71,74.92200557103064,82,0.6611625999999999,1.8890997029659224,34226,0.046929042000556365,148,506
dqn_original,DQN,Original,360,-47.72031300648414,14.997955322265625,0,0.14,76,76,74.925,95,0.6602220999999999,1.5644761051002303,34321,0.05201062498963438,148,507
dqn_original,DQN,Original,361,-30.665701888292503,14.673004150390625,0,0.14,75,75,74.92520775623268,90,0.6593311,1.7599310057030784,34411,0.05085500000859611,148,508
dqn_original,DQN,Original,362,-32.847638915741896,15.331302642822266,1,0.15,95,95,74.98066298342542,116,0.6581827,1.7389843862118393,34527,0.06236066698329523,148,509
dqn_original,DQN,Original,363,-109.03826866570269,14.539812088012695,0,0.15,78,78,74.98898071625344,101,0.6571828,1.7471037338865865,34628,0.05491120900842361,148,510
dqn_original,DQN,Original,364,-60.96410580267154,14.672664642333984,0,0.15,61,61,74.95054945054945,73,0.6564601,1.7691591737205035,34701,0.04094783400068991,148,511
dqn_original,DQN,Original,365,-36.60070434565614,14.907140731811523,0,0.15,114,114,75.05753424657534,133,0.6551434,1.621840810193155,34834,0.0702151250152383,148,512
dqn_original,DQN,Original,366,-50.91024399259311,14.999322891235352,0,0.15,119,119,75.1775956284153,144,0.6537178,1.5372548291666641,34978,0.07773766599711962,148,513
dqn_original,DQN,Original,367,-98.73303119820969,14.60013198852539,0,0.15,66,66,75.15258855585832,84,0.6528862,1.7549560062942051,35062,0.045837582991225645,148,514
dqn_original,DQN,Original,368,-174.25543654394366,15.066643714904785,0,0.14,123,123,75.28260869565217,143,0.6514705000000001,1.600035916466813,35205,0.0814630419772584,148,515
dqn_original,DQN,Original,369,-125.68804397175828,14.200923919677734,0,0.14,52,52,75.21951219512195,61,0.6508666000000001,1.744738793763958,35266,0.03358037499128841,148,516
dqn_original,DQN,Original,370,-58.37730489993916,14.04195785522461,0,0.14,69,69,75.20270270270271,88,0.6499954,1.9560675079172307,35354,0.062413625011686236,148,517
dqn_original,DQN,Original,371,-89.23820745012944,14.395648002624512,0,0.13,83,83,75.22371967654986,104,0.6489658,1.681788182602479,35458,0.058914167020702735,148,518
dqn_original,DQN,Original,372,-9.691440449161107,14.58436107635498,0,0.12,111,111,75.31989247311827,129,0.6476887,1.8849431620549786,35587,0.07304254101472907,148,519
dqn_original,DQN,Original,373,-51.268395390247456,14.100508689880371,0,0.12,61,61,75.28150134048258,75,0.6469462,1.660530868768692,35662,0.041899167001247406,148,520
dqn_original,DQN,Original,374,-39.50472169210113,14.36751651763916,1,0.13,91,91,75.32352941176471,111,0.6458473,1.9711748635446704,35773,0.06094908301020041,148,521
dqn_original,DQN,Original,375,-38.57616772225198,14.409858703613281,0,0.13,125,125,75.456,148,0.6443821000000001,1.9262726979481208,35921,0.08648949998314492,148,522
dqn_original,DQN,Original,376,-63.75508527754746,13.403450012207031,0,0.13,85,85,75.4813829787234,103,0.6433624,1.853180364497657,36024,0.05733195898937993,148,523
dqn_original,DQN,Original,377,-52.764755371504464,13.434309005737305,0,0.12,67,67,75.45888594164457,83,0.6425407000000001,1.9747961120433117,36107,0.049260125000728294,148,524
dqn_original,DQN,Original,378,-66.52659000878216,12.230463027954102,0,0.12,74,74,75.45502645502646,86,0.6416893,1.6579123302254566,36193,0.046115208009723574,148,525
dqn_original,DQN,Original,379,-112.8665132176071,13.465652465820312,0,0.12,98,98,75.51451187335093,126,0.6404419,1.86076516409715,36319,0.07170620799297467,148,526
dqn_original,DQN,Original,380,-66.60068094673038,13.377680778503418,0,0.12,68,68,75.49473684210527,87,0.6395805999999999,1.6010878092941196,36406,0.04828799999086186,148,527
dqn_original,DQN,Original,381,-62.87687532144823,13.456456184387207,0,0.12,82,82,75.51181102362204,104,0.6385510000000001,1.7158858902179277,36510,0.05904158399789594,148,528
dqn_original,DQN,Original,382,-43.05157589376504,13.489360809326172,0,0.12,59,59,75.46858638743456,77,0.6377887,2.0879283872517673,36587,0.045371250016614795,148,529
dqn_original,DQN,Original,383,-58.2383538344542,13.75869369506836,0,0.12,106,106,75.54830287206266,125,0.6365512,1.6571676568984985,36712,0.06950387501274236,148,530
dqn_original,DQN,Original,384,-110.15534764596431,13.412942886352539,0,0.12,102,102,75.6171875,123,0.6353335,1.6026852552483721,36835,0.06742754101287574,148,531
dqn_original,DQN,Original,385,-48.221903006004084,13.57126235961914,0,0.12,65,65,75.58961038961039,82,0.6345217000000001,1.99247552381783,36917,0.04566391700063832,148,532
dqn_original,DQN,Original,386,-86.67216222771154,13.524614334106445,0,0.12,82,82,75.60621761658031,107,0.6334624,1.92311998171227,37024,0.06502725000609644,148,533
dqn_original,DQN,Original,387,-70.19518765231103,12.604654312133789,0,0.12,86,86,75.63307493540051,110,0.6323734,1.7521924297917972,37134,0.06438616701052524,148,534
dqn_original,DQN,Original,388,-84.17919391758349,13.415655136108398,0,0.12,68,68,75.61340206185567,86,0.631522,1.9096674281497334,37220,0.04710837500169873,148,535
dqn_original,DQN,Original,389,-61.03711075506207,13.765619277954102,0,0.12,114,114,75.7120822622108,137,0.6301657,1.5058748724251767,37357,0.07816487501258962,148,536
dqn_original,DQN,Original,390,-63.2325477858138,13.20384407043457,0,0.12,88,88,75.74358974358974,107,0.6291064,1.5650028658804493,37464,0.05613254100899212,148,537
dqn_original,DQN,Original,391,-78.0428629143569,12.724000930786133,0,0.11,94,94,75.79028132992327,108,0.6280372000000001,1.9538391265604231,37572,0.06177004100754857,148,538
dqn_original,DQN,Original,392,-13.366384690437215,12.79810905456543,0,0.11,78,78,75.79591836734694,93,0.6271165000000001,1.757620370516213,37665,0.05208925000624731,148,539
dqn_original,DQN,Original,393,-54.910147052127236,12.437094688415527,0,0.11,107,107,75.87531806615776,129,0.6258394,2.0531229143456895,37794,0.07286595902405679,148,540
dqn_original,DQN,Original,394,-47.01644808726583,13.153043746948242,0,0.11,89,89,75.90862944162437,108,0.6247701999999999,1.9607107719337498,37902,0.06067899998743087,148,541
dqn_original,DQN,Original,395,-77.94321969394917,13.200959205627441,0,0.11,73,73,75.90126582278481,91,0.6238693,1.8224828993226145,37993,0.047664707992225885,148,542
dqn_original,DQN,Original,396,11.381194151063113,12.519111633300781,1,0.12,73,73,75.89393939393939,90,0.6229783,2.1526862694157494,38083,0.04885366698727012,148,543
dqn_original,DQN,Original,397,-204.73351015263745,12.53520679473877,0,0.12,99,99,75.95214105793451,123,0.6217606,1.961305325108815,38206,0.06833758298307657,148,544
dqn_original,DQN,Original,398,-43.93609366493733,12.430566787719727,0,0.12,59,59,75.90954773869346,70,0.6210675999999999,1.7169831267424993,38276,0.039808916015317664,148,545
dqn_original,DQN,Original,399,-75.55931076845937,11.86414909362793,0,0.12,60,60,75.86967418546367,76,0.6203152,1.9844642771702063,38352,0.04099608300020918,148,546
dqn_original,DQN,Original,400,-73.87257793426686,12.572102546691895,0,0.11,80,80,75.88,100,0.6193252,1.7868956911563874,38452,0.055770000006305054,148,547
dqn_original,DQN,Original,401,-53.72980962962216,11.3329496383667,0,0.11,52,52,75.82044887780549,62,0.6187114,1.9209793411916303,38514,0.03738637501373887,148,548
dqn_original,DQN,Original,402,-89.36960871293479,11.88654899597168,0,0.11,71,71,75.80845771144278,99,0.6177313,1.943318809523727,38613,0.055215375003172085,148,549
dqn_original,DQN,Original,403,-55.76186421131945,12.511268615722656,0,0.1,58,58,75.76426799007444,67,0.617068,1.7041635344277566,38680,0.036902082996675745,148,550
dqn_original,DQN,Original,404,-28.99499643902,11.649505615234375,1,0.11,52,52,75.70544554455445,67,0.6164047,1.6751943559788947,38747,0.04933316700044088,148,551
dqn_original,DQN,Original,405,-17.3890246255271,12.26878547668457,1,0.12,82,82,75.720987654321,97,0.6154444,1.9912256997885163,38844,0.06193616701057181,148,552
dqn_original,DQN,Original,406,-46.80852270284404,11.9769926071167,0,0.12,60,60,75.68226600985221,77,0.6146821,1.472613848649062,38921,0.04106954199960455,148,553
dqn_original,DQN,Original,407,8.52581702017686,12.358709335327148,1,0.13,97,97,75.73464373464374,116,0.6135337000000001,1.7230152531430638,39037,0.07242729200515896,148,554
dqn_original,DQN,Original,408,-167.14903628999306,12.749763488769531,0,0.13,108,108,75.81372549019608,140,0.6121477,2.0574876949191094,39177,0.09884287501336075,148,555
dqn_original,DQN,Original,409,-135.3191266096845,12.026923179626465,0,0.12,116,116,75.91198044009779,140,0.6107617,1.8962700628808566,39317,0.0864786249876488,148,556
dqn_original,DQN,Original,410,-42.91529346127923,12.494385719299316,0,0.12,85,85,75.93414634146342,115,0.6096231999999999,1.8952922870283542,39432,0.06883062497945502,148,557
dqn_original,DQN,Original,411,-14.331126017951249,11.213125228881836,1,0.13,108,108,76.01216545012166,126,0.6083758,1.8918924624957736,39558,0.07809070899384096,148,558
dqn_original,DQN,Original,412,-21.985187440713773,11.495840072631836,0,0.13,102,102,76.0752427184466,120,0.6071877999999999,1.7499373110632102,39678,0.06730749999405816,148,559
dqn_original,DQN,Original,413,-24.659289413927027,12.104642868041992,1,0.14,105,105,76.1452784503632,121,0.6059899,1.9854960333217273,39799,0.06537133399979211,148,560
dqn_original,DQN,Original,414,-50.44238592558166,11.71414566040039,0,0.14,91,91,76.18115942028986,108,0.6049207000000001,2.1700796162088714,39907,0.05805504199815914,148,561
dqn_original,DQN,Original,415,-22.542931667412603,11.818146705627441,0,0.14,85,85,76.20240963855422,106,0.6038713,1.9082499511961668,40013,0.05771749999257736,148,562
dqn_original,DQN,Original,416,-20.56304916425057,11.57954216003418,0,0.14,75,75,76.19951923076923,90,0.6029803,1.7477384053998524,40103,0.05030033300863579,148,563
dqn_original,DQN,Original,417,-13.57428195511585,11.767776489257812,0,0.14,78,78,76.20383693045564,93,0.6020596,2.0442577520365357,40196,0.05401295798947103,148,564
dqn_original,DQN,Original,418,-62.49582598642459,12.416387557983398,0,0.13,60,60,76.16507177033493,71,0.6013567,1.7608255219291633,40267,0.040395624993834645,148,565
dqn_original,DQN,Original,419,-40.10979486867967,12.056742668151855,0,0.13,87,87,76.1909307875895,105,0.6003172,1.7408835229419526,40372,0.07409849998657592,148,566
dqn_original,DQN,Original,420,-52.61191910081377,11.364327430725098,0,0.12,94,94,76.23333333333333,133,0.5990005,2.1211299094042384,40505,0.07367383301607333,148,567
dqn_original,DQN,Original,421,-60.546030502114135,11.177570343017578,0,0.12,95,95,76.27790973871734,119,0.5978224000000001,1.7962760356794887,40624,0.06804262500372715,148,568
dqn_original,DQN,Original,422,-24.934232232715928,11.316815376281738,0,0.12,63,63,76.24644549763033,79,0.5970403,1.7764421652389477,40703,0.04284549999283627,148,569
dqn_original,DQN,Original,423,-51.1517629435307,11.317383766174316,0,0.12,66,66,76.22222222222223,74,0.5963077,1.8555896411070953,40777,0.048433541000122204,148,570
dqn_original,DQN,Original,424,-49.654117795569604,11.205677032470703,0,0.12,62,62,76.18867924528301,70,0.5956147,1.6429703725235802,40847,0.04293145798146725,148,571
dqn_original,DQN,Original,425,-33.8946122174562,10.905301094055176,0,0.12,124,124,76.30117647058823,138,0.5942485,1.9881687576788059,40985,0.07655195900588296,148,572
dqn_original,DQN,Original,426,-74.02503942028837,11.431499481201172,0,0.12,87,87,76.32629107981221,97,0.5932881999999999,1.8798061348113817,41082,0.05545137499575503,148,573
dqn_original,DQN,Original,427,-40.83274625248897,11.70248794555664,0,0.11,102,102,76.3864168618267,120,0.5921002,1.8325507392485936,41202,0.06446154200239107,148,574
dqn_original,DQN,Original,428,3.223867442066947,12.531249046325684,0,0.11,109,109,76.46261682242991,131,0.5908033,1.968375724008065,41333,0.0752163750003092,148,575
dqn_original,DQN,Original,429,-7.448826224071652,12.049042701721191,0,0.11,106,106,76.53146853146853,128,0.5895361,1.9034188645891845,41461,0.07118287499179132,148,576
dqn_original,DQN,Original,430,-41.22201226782366,12.230131149291992,1,0.12,71,71,76.51860465116279,88,0.5886648999999999,1.6926732744005593,41549,0.05141887499485165,148,577
dqn_original,DQN,Original,431,-27.134433867077675,12.340251922607422,0,0.12,72,72,76.50812064965197,89,0.5877838,2.015875258472528,41638,0.05094154199468903,148,578
dqn_original,DQN,Original,432,-33.22004136652522,11.587935447692871,0,0.12,85,85,76.52777777777777,112,0.5866750000000001,1.7387388212872403,41750,0.06059224999626167,148,579
dqn_original,DQN,Original,433,-1.3160571726002246,12.244658470153809,1,0.13,67,67,76.50577367205543,82,0.5858631999999999,1.7494911845864318,41832,0.0460504169750493,148,580
dqn_original,DQN,Original,434,-63.077483131293135,11.734545707702637,0,0.13,94,94,76.54608294930875,119,0.5846851,1.767781748491175,41951,0.06392879199120216,148,581
dqn_original,DQN,Original,435,-28.345211552178682,12.466238021850586,0,0.13,95,95,76.58850574712643,127,0.5834277999999999,1.71784665429686,42078,0.07742279101512395,148,582
dqn_original,DQN,Original,436,-37.12390228382619,12.880704879760742,0,0.13,106,106,76.6559633027523,121,0.5822299,1.8065830890304786,42199,0.0654797500174027,148,583
dqn_original,DQN,Original,437,-5.4034797501044665,12.300942420959473,1,0.14,100,100,76.70938215102974,128,0.5809626999999999,1.738230481510982,42327,0.07100787499803118,148,584
dqn_original,DQN,Original,438,-23.573431008340464,12.74050235748291,1,0.15,69,69,76.6917808219178,83,0.580141,2.0366481147616744,42410,0.0471762920205947,148,585
dqn_original,DQN,Original,439,-67.87832690759615,12.966032981872559,0,0.15,86,86,76.7129840546697,99,0.5791609,1.9095925727877954,42509,0.05632370800594799,148,586
dqn_original,DQN,Original,440,-82.78736997455418,13.00363540649414,0,0.15,71,71,76.7,87,0.5782996,1.8833154981163727,42596,0.0774534170050174,148,587
dqn_original,DQN,Original,441,-58.961532358181685,12.653240203857422,0,0.15,126,126,76.81179138321995,148,0.5768344000000001,2.0603618708414,42744,0.081396624998888,148,588
dqn_original,DQN,Original,442,-96.90521718004855,12.091939926147461,0,0.15,82,82,76.82352941176471,96,0.5758840000000001,1.958849934861064,42840,0.05280025000683963,148,589
dqn_original,DQN,Original,443,-33.458338295450304,12.306771278381348,0,0.14,78,78,76.82618510158014,100,0.574894,1.7478161844611169,42940,0.06703333399491385,148,590
dqn_original,DQN,Original,444,-27.789941408909826,14.596414566040039,0,0.14,94,94,76.86486486486487,114,0.5737654000000001,1.743750677035566,43054,0.07057604199508205,148,591
dqn_original,DQN,Original,445,-56.46900847503972,13.956003189086914,0,0.14,76,76,76.8629213483146,92,0.5728546,1.867676467999168,43146,0.05379595799604431,148,592
dqn_original,DQN,Original,446,-21.51299344636959,14.320137023925781,0,0.14,108,108,76.93273542600897,132,0.5715478,1.5773613247455973,43278,0.07679783401545137,148,593
dqn_original,DQN,Original,447,-50.340113603449666,13.120999336242676,0,0.14,69,69,76.91498881431767,82,0.570736,1.8371827856796543,43360,0.044759125012205914,148,594
dqn_original,DQN,Original,448,-95.63818714741728,13.367887496948242,0,0.14,97,97,76.95982142857143,112,0.5696272,1.8967117233467954,43472,0.06218587499461137,148,595
dqn_original,DQN,Original,449,15.579519855568478,13.895408630371094,0,0.14,84,84,76.97550111358575,93,0.5687065,1.6887265216278773,43565,0.05402529099956155,148,596
dqn_original,DQN,Original,450,-59.73645899364327,14.683539390563965,0,0.14,93,93,77.0111111111111,115,0.567568,1.8523377348547396,43680,0.062205250025726855,148,597
dqn_original,DQN,Original,451,-16.19990686086929,14.608161926269531,0,0.14,75,75,77.00665188470066,86,0.5667166,1.832541976210683,43766,0.05711683299159631,148,598
dqn_original,DQN,Original,452,-24.655124843367673,13.917717933654785,0,0.14,60,60,76.96902654867256,82,0.5659048,1.4589037048380549,43848,0.048639166983775795,148,599
dqn_original,DQN,Original,453,-53.72300218269963,14.297515869140625,0,0.13,60,60,76.93156732891832,69,0.5652216999999999,1.9116031086963157,43917,0.04126541700679809,148,600
dqn_original,DQN,Original,454,-40.47919095286474,14.183663368225098,0,0.13,686,686,78.27312775330397,820,0.5571037000000001,1.7650848980357008,44737,0.46560283401049674,148,601
dqn_original,DQN,Original,455,-11.45539520606853,14.351914405822754,0,0.13,94,94,78.3076923076923,104,0.5560741,1.9255249666479917,44841,0.0632773750112392,148,602
dqn_original,DQN,Original,456,-30.65844026892607,14.471847534179688,0,0.13,103,103,78.36184210526316,132,0.5547673,1.682301213118163,44973,0.07511475001228973,148,603
dqn_original,DQN,Original,457,-46.25636612040873,14.519821166992188,0,0.13,105,105,78.42013129102844,128,0.5535000999999999,1.651991224149242,45101,0.07553537501371466,148,604
dqn_original,DQN,Original,458,-29.42411654342355,14.908761024475098,0,0.12,107,107,78.4825327510917,128,0.5522328999999999,2.0764284315519035,45229,0.07698754197917879,148,605
dqn_original,DQN,Original,459,-4.957273490952971,15.365560531616211,0,0.12,97,97,78.52287581699346,112,0.5511241,1.8897552229464054,45341,0.06446829199558124,148,606
dqn_original,DQN,Original,460,-40.23190443174475,14.913130760192871,0,0.12,82,82,78.5304347826087,91,0.5502232,1.5432117440543331,45432,0.052788375003729016,148,607
dqn_original,DQN,Original,461,-43.09655013061055,15.740443229675293,0,0.12,105,105,78.587852494577,131,0.5489263,1.8226280371651395,45563,0.07736354199005291,148,608
dqn_original,DQN,Original,462,-0.7219300243876319,15.769362449645996,1,0.12,78,78,78.58658008658008,93,0.5480056,1.69795242240352,45656,0.0856729999941308,148,609
dqn_original,DQN,Original,463,-45.551335810326506,14.717117309570312,0,0.12,95,95,78.62203023758099,117,0.5468473,1.9664122976808467,45773,0.07387300001573749,148,610
dqn_original,DQN,Original,464,-3.5882257706435894,15.699978828430176,0,0.12,116,116,78.70258620689656,131,0.5455504,1.839905033812268,45904,0.0798741250182502,148,611
dqn_original,DQN,Original,465,-53.20080990255417,15.653417587280273,0,0.12,73,73,78.69032258064516,81,0.5447485000000001,1.7305252338633126,45985,0.045468625001376495,148,612
dqn_original,DQN,Original,466,-18.93790826287305,16.18258285522461,0,0.12,73,73,78.67811158798283,84,0.5439169,1.8482351994940214,46069,0.051104457990732044,148,613
dqn_original,DQN,Original,467,-27.30458292714897,16.324310302734375,0,0.12,130,130,78.78800856531049,155,0.5423824,2.062737660831021,46224,0.10608158298418857,148,614
dqn_original,DQN,Original,468,-42.780090946351415,15.67974853515625,0,0.12,77,77,78.78418803418803,86,0.541531,1.7663844955521961,46310,0.060950999992201105,148,615
dqn_original,DQN,Original,469,-16.0996034973286,16.086669921875,0,0.12,71,71,78.76759061833688,89,0.5406499,2.0586231739333507,46399,0.047954582987586036,148,616
dqn_original,DQN,Original,470,-4.157842228775323,16.707508087158203,0,0.12,85,85,78.78085106382979,95,0.5397094,1.7243852201261018,46494,0.05264824998448603,148,617
dqn_original,DQN,Original,471,-73.9960466347378,15.951866149902344,0,0.12,73,73,78.76857749469214,84,0.5388778,1.8120718715446336,46578,0.05153383399010636,148,618
dqn_original,DQN,Original,472,-19.447842318358823,15.195793151855469,0,0.12,91,91,78.79449152542372,107,0.5378185,1.964568784860807,46685,0.06879320798907429,148,619
dqn_original,DQN,Original,473,-2.169143108362789,16.254871368408203,0,0.12,153,153,78.95137420718817,174,0.5360959000000001,1.6872787607469777,46859,0.11218274998827837,148,620
dqn_original,DQN,Original,474,-24.43225262034568,15.90507698059082,0,0.11,111,111,79.01898734177215,139,0.5347198,1.689843405064919,46998,0.07622975000413135,148,621
dqn_original,DQN,Original,475,-46.92894163742454,15.50505256652832,0,0.11,102,102,79.06736842105263,122,0.533512,1.960945343140696,47120,0.06939550000242889,148,622
dqn_original,DQN,Original,476,-21.839546501156818,16.232925415039062,0,0.11,61,61,79.02941176470588,65,0.5328685,1.7382833820122938,47185,0.039488500013248995,148,623
dqn_original,DQN,Original,477,-39.74330514360655,16.266756057739258,0,0.11,63,63,78.9958071278826,71,0.5321656,2.1415199809510943,47256,0.040103084000293165,148,624
dqn_original,DQN,Original,478,-43.63406783614268,16.472396850585938,0,0.11,89,89,79.01673640167364,108,0.5310964,1.8201696618839547,47364,0.059786625002743676,148,625
dqn_original,DQN,Original,479,-11.336614906401635,16.34052276611328,0,0.11,139,139,79.1419624217119,156,0.529552,1.7000669070925467,47520,0.09249316601199098,148,626
dqn_original,DQN,Original,480,27.120765444742943,16.30111312866211,0,0.11,113,113,79.2125,132,0.5282452,1.5953181261817615,47652,0.0786962500133086,148,627
dqn_original,DQN,Original,481,-87.07044231060311,17.404708862304688,0,0.11,171,171,79.4033264033264,195,0.5263147,2.0342318651003715,47847,0.12116191600216553,148,628
dqn_original,DQN,Original,482,11.776280891359491,17.06173324584961,1,0.12,141,141,79.5311203319502,168,0.5246515,1.9641901762002991,48015,0.10350558298523538,148,629
dqn_original,DQN,Original,483,-30.20762255227463,16.54520034790039,0,0.12,75,75,79.52173913043478,85,0.52381,1.8595900542595807,48100,0.04855979201965965,148,630
dqn_original,DQN,Original,484,-57.242236991374895,16.943744659423828,0,0.12,85,85,79.53305785123968,103,0.5227903,1.9487357266898293,48203,0.056106042000465095,148,631
dqn_original,DQN,Original,485,-97.86909571645431,16.936813354492188,0,0.12,84,84,79.54226804123711,98,0.5218201,2.1207032075950076,48301,0.057014542020624503,148,632
dqn_original,DQN,Original,486,-70.79353848890085,17.204225540161133,0,0.12,117,117,79.61934156378601,136,0.5204736999999999,1.66633066951352,48437,0.07754562501213513,148,633
dqn_original,DQN,Original,487,-12.576501044605607,17.384563446044922,0,0.12,77,77,79.61396303901438,97,0.5195134,2.0351496363423536,48534,0.0645472920150496,148,634
dqn_original,DQN,Original,488,-14.415982846792161,18.530311584472656,0,0.12,108,108,79.67213114754098,119,0.5183352999999999,2.0150282448079406,48653,0.06628037500195205,148,635
dqn_original,DQN,Original,489,-127.19455873173362,18.13434600830078,0,0.12,97,97,79.70756646216769,115,0.5171968,1.751507748209912,48768,0.0691620419966057,148,636
dqn_original,DQN,Original,490,-198.636056053248,18.202199935913086,0,0.12,110,110,79.76938775510204,125,0.5159593,1.7707829689979553,48893,0.07041904199286364,148,637
dqn_original,DQN,Original,491,-80.30126696081142,18.294240951538086,0,0.12,857,857,81.35234215885947,1000,0.5060593,1.934575543820858,49893,0.5986669580161106,148,638
dqn_original,DQN,Original,492,0.07070280526586714,18.910709381103516,0,0.12,117,117,81.42479674796748,144,0.5046337000000001,1.8999967868957255,50037,0.07806679198984057,148,639
dqn_original,DQN,Original,493,-43.8197851212631,19.74463653564453,0,0.12,92,92,81.44624746450305,101,0.5036338,1.5773348899761048,50138,0.0555682499834802,148,640
dqn_original,DQN,Original,494,-30.97916610315181,19.644031524658203,0,0.12,89,89,81.46153846153847,102,0.5026240000000001,1.7564548914339029,50240,0.05780133299413137,148,641
dqn_original,DQN,Original,495,-23.34238093351769,18.908794403076172,0,0.12,113,113,81.52525252525253,133,0.5013073,1.6207395904046251,50373,0.06996870797593147,148,642
dqn_original,DQN,Original,496,-31.424283144125496,19.130084991455078,0,0.11,428,428,82.22379032258064,497,0.4963869999999999,1.8431043444984636,50870,0.2827934159722645,148,643
dqn_original,DQN,Original,497,4.249452540598682,19.636497497558594,1,0.12,92,92,82.24346076458752,116,0.4952386,2.1502032886291373,50986,0.06870779101154767,148,644
dqn_original,DQN,Original,498,6.910499900493079,19.18669319152832,0,0.12,125,125,82.3293172690763,136,0.4938922,1.8505688112448244,51122,0.08007787502720021,148,645
dqn_original,DQN,Original,499,-43.0085132672222,19.428327560424805,0,0.12,125,125,82.41482965931864,158,0.492328,1.6620991494082198,51280,0.09086829199804924,148,646
dqn_original,DQN,Original,500,-35.86837389155602,19.283828735351562,0,0.12,116,116,82.482,136,0.4909816,1.8293786745737581,51416,0.07607941600144841,148,647
dqn_original,DQN,Original,501,-17.863254359154737,20.057437896728516,0,0.12,78,78,82.47305389221557,85,0.4901401000000001,1.945463508016923,51501,0.0463015420245938,148,648
dqn_original,DQN,Original,502,-47.8551366159243,20.430408477783203,0,0.12,99,99,82.50597609561753,119,0.488962,1.726128309714694,51620,0.07590683299349621,148,649
dqn_original,DQN,Original,503,-5.187029482899575,19.190385818481445,0,0.12,107,107,82.55467196819086,120,0.48777400000000004,1.985879763464133,51740,0.07403770898235962,148,650
dqn_original,DQN,Original,504,-25.14996279501736,19.405052185058594,0,0.11,122,122,82.6329365079365,156,0.48622960000000004,1.9115230869024227,51896,0.08635662501910701,148,651
dqn_original,DQN,Original,505,-30.268847092477202,19.672683715820312,0,0.1,91,91,82.64950495049504,110,0.48514060000000003,1.9297486473213543,52006,0.06233091600006446,148,652
dqn_original,DQN,Original,506,-27.79339151349143,19.576173782348633,0,0.1,85,85,82.65415019762845,96,0.4841902,1.8512257728725672,52102,0.05264458400779404,148,653
dqn_original,DQN,Original,507,19.617040156161735,19.990161895751953,0,0.09,96,96,82.68047337278107,116,0.4830418000000001,1.6574793237036671,52218,0.08082008297787979,148,654
dqn_original,DQN,Original,508,-36.41166916702197,19.975460052490234,0,0.09,83,83,82.68110236220473,92,0.482131,1.7338311536156612,52310,0.05022191599709913,148,655
dqn_original,DQN,Original,509,-49.372501131666624,19.890281677246094,0,0.09,101,101,82.71709233791749,130,0.48084400000000005,1.8796462737596953,52440,0.07037104200571775,148,656
dqn_original,DQN,Original,510,18.56825333099775,19.891273498535156,0,0.09,139,139,82.82745098039216,154,0.47931940000000006,1.791346209389823,52594,0.0887550409825053,148,657
dqn_original,DQN,Original,511,-3.7428634287986284,19.923673629760742,0,0.08,81,81,82.82387475538161,88,0.4784482000000001,1.8429282057014378,52682,0.04736699999193661,148,658
dqn_original,DQN,Original,512,-70.47326547308674,20.097848892211914,0,0.08,101,101,82.859375,122,0.4772404,1.8529564396279756,52804,0.0630585000035353,148,659
dqn_original,DQN,Original,513,-45.2170513085034,19.355844497680664,0,0.07,78,78,82.84990253411306,89,0.47635930000000004,1.7316701127572005,52893,0.07659445799072273,148,660
dqn_original,DQN,Original,514,40.41768542849525,20.420120239257812,0,0.07,159,159,82.99805447470817,183,0.47454759999999996,1.8645825483759895,53076,0.11223795800469816,148,661
dqn_original,DQN,Original,515,-43.15361304633312,19.89470672607422,0,0.07,129,129,83.0873786407767,147,0.4730923,1.5354193250338237,53223,0.10611316599533893,148,662
dqn_original,DQN,Original,516,-26.45108058572832,19.754915237426758,0,0.07,115,115,83.14922480620154,132,0.4717855000000001,1.845209710751519,53355,0.09319683298235759,148,663
dqn_original,DQN,Original,517,36.16822688665172,20.51786994934082,1,0.08,95,95,83.17214700193423,109,0.47070639999999997,1.8503317778263617,53464,0.06392337501165457,148,664
dqn_original,DQN,Original,518,-112.17219756525608,19.87999725341797,0,0.08,320,320,83.62934362934362,369,0.4670533,1.748150966354825,53833,0.2208262909844052,148,665
dqn_original,DQN,Original,519,-3.014855502496431,19.918315887451172,0,0.08,241,241,83.9325626204239,279,0.4642912,1.6969209234347054,54112,0.15463425000780262,148,666
dqn_original,DQN,Original,520,1.123915794701574,20.91173553466797,0,0.08,90,90,83.94423076923077,107,0.46323190000000003,1.7930967601660257,54219,0.0609553340182174,148,667
dqn_original,DQN,Original,521,-60.03964728344813,19.940834045410156,0,0.08,79,79,83.93474088291747,89,0.46235079999999995,1.6309807193413208,54308,0.04826787501224317,148,668
dqn_original,DQN,Original,522,-27.51486335863484,19.326305389404297,0,0.08,112,112,83.98850574712644,123,0.4611331000000001,1.7552712009689673,54431,0.06841016700491309,148,669
dqn_original,DQN,Original,523,-40.980410145998576,20.995819091796875,0,0.08,77,77,83.97514340344168,88,0.4602619,1.4939236356453462,54519,0.052408874995308,148,670
dqn_original,DQN,Original,524,-192.08164791641306,20.10826873779297,0,0.08,874,874,85.48282442748092,1000,0.4503619000000001,1.7383914389014243,55519,0.5960253329831176,148,671
dqn_original,DQN,Original,525,-9.494843781714806,19.73821258544922,0,0.08,294,294,85.88,339,0.4470058,1.8186392021917663,55858,0.20094933398650028,148,672
dqn_original,DQN,Original,526,-68.0233150664767,19.01059913635254,0,0.08,879,879,87.38783269961978,1000,0.4371058,1.8510081720650196,56858,0.5712814579892438,148,673
dqn_original,DQN,Original,527,17.190574543937217,18.803428649902344,0,0.08,146,146,87.49905123339659,171,0.4354129,1.7231568178238228,57029,0.10790037500555627,148,674
dqn_original,DQN,Original,528,-29.28322567965172,20.009746551513672,0,0.08,100,100,87.52272727272727,114,0.43428429999999996,2.212268149120766,57143,0.06371912499889731,148,675
dqn_original,DQN,Original,529,-26.642364532022853,19.798147201538086,0,0.08,115,115,87.57466918714556,133,0.4329676,1.6848917424230647,57276,0.07708679098868743,148,676
dqn_original,DQN,Original,530,-43.358151688382584,20.334646224975586,0,0.07,665,665,88.66415094339622,742,0.42562179999999994,1.8070520644560657,58018,0.42428483298863284,148,677
dqn_original,DQN,Original,531,-241.18379504189147,20.455162048339844,0,0.07,439,439,89.32391713747646,506,0.4206124,1.838210462934886,58524,0.2866188749903813,148,678
dqn_original,DQN,Original,532,-44.25823106761463,20.19527816772461,0,0.07,858,858,90.7687969924812,1000,0.4107124,1.8738376930952072,59524,0.6189816670084838,148,679
dqn_original,DQN,Original,533,30.602564990837635,20.33307647705078,0,0.06,135,135,90.85178236397749,156,0.409168,1.7951879871961398,59680,0.09642945800442249,148,680
dqn_original,DQN,Original,534,31.002425468564127,20.621246337890625,1,0.07,135,135,90.93445692883896,163,0.40755430000000004,1.8735796597106325,59843,0.0977191669808235,148,681
dqn_original,DQN,Original,535,37.61173722154402,20.634479522705078,0,0.07,109,109,90.96822429906543,132,0.4062475,1.7565726150165906,59975,0.07670637499541044,148,682
dqn_original,DQN,Original,536,23.940801300277272,21.647991180419922,0,0.07,111,111,91.00559701492537,122,0.4050397,2.112042199392788,60097,0.06913195800734684,148,683
dqn_original,DQN,Original,537,-4.180587652122824,20.65484046936035,0,0.06,96,96,91.0148975791434,109,0.4039606,1.7914041909602805,60206,0.0653810829971917,148,684
dqn_original,DQN,Original,538,-41.79474857286471,20.595409393310547,0,0.05,850,850,92.42565055762081,1000,0.3940606,1.913912755727768,61206,0.6035554999834858,148,685
dqn_original,DQN,Original,539,-63.57156022588575,20.26132583618164,0,0.05,76,76,92.3951762523191,86,0.39320920000000004,2.0500556230545044,61292,0.049050417001126334,148,686
dqn_original,DQN,Original,540,-68.38309216172225,21.403881072998047,0,0.05,881,881,93.85555555555555,1000,0.3833092,2.006859706312418,62292,0.5847459160140716,148,687
dqn_original,DQN,Original,541,27.338191218199995,20.870830535888672,0,0.05,119,119,93.90203327171903,135,0.38197270000000005,1.8572657858883892,62427,0.11766200000420213,148,688
dqn_original,DQN,Original,542,-25.946491176273646,21.997764587402344,0,0.05,892,892,95.37453874538745,1000,0.37207270000000003,2.0068110415935516,63427,0.5873586669913493,148,689
dqn_original,DQN,Original,543,4.580268519896961,22.279375076293945,0,0.05,128,128,95.43462246777163,139,0.37069660000000004,1.980499042452668,63566,0.08861599999363534,148,690
dqn_original,DQN,Original,544,-79.68710074825142,24.79458236694336,0,0.05,889,889,96.89338235294117,1000,0.3607966,2.0926179486513137,64566,0.610770125000272,148,691
dqn_original,DQN,Original,545,-15.13848336623799,24.865371704101562,0,0.05,835,835,98.24770642201835,1000,0.3508966,2.070471736639738,65566,0.5904868749785237,148,692
dqn_original,DQN,Original,546,-39.176130500702584,26.760957717895508,0,0.05,850,850,99.62454212454213,1000,0.3409966,2.0944836374521256,66566,0.5922346670122351,148,693
dqn_original,DQN,Original,547,-43.14324756114516,27.6046199798584,0,0.05,874,874,101.04021937842779,1000,0.33109659999999996,2.0887157823443414,67566,0.5595631250180304,148,694
dqn_original,DQN,Original,548,-21.64281580445025,27.912595748901367,0,0.05,842,842,102.39233576642336,1000,0.32119659999999994,2.098295597165823,68566,0.6051969169930089,148,695
dqn_original,DQN,Original,549,34.32543538879179,28.59787368774414,0,0.05,117,117,102.41894353369763,130,0.3199096,1.8908046529843257,68696,0.0717935000138823,148,696
dqn_original,DQN,Original,550,31.459993539629664,28.23149871826172,0,0.05,101,101,102.41636363636364,110,0.3188206,2.0152127032930203,68806,0.08198862499557436,148,697
dqn_original,DQN,Original,551,-74.31294753938954,28.822343826293945,0,0.05,893,893,103.85117967332124,1000,0.3089206,2.2003921418786048,69806,0.5821779579855502,148,698
dqn_original,DQN,Original,552,-64.29762315240916,30.849946975708008,0,0.05,846,846,105.19565217391305,1000,0.29902059999999997,2.0690740070044993,70806,0.6029818340030033,148,699
dqn_original,DQN,Original,553,-39.094882496140414,32.33638000488281,0,0.05,850,850,106.54249547920433,1000,0.28912059999999995,2.0742325865626334,71806,0.5792294580023736,148,700
dqn_original,DQN,Original,554,-37.83670116206235,33.770484924316406,0,0.05,808,808,107.8086642599278,1000,0.27922059999999993,2.089280291557312,72806,0.5563251249841414,148,701
dqn_original,DQN,Original,555,-29.058256518188287,35.86566925048828,0,0.05,852,852,109.14954954954955,1000,0.2693205999999999,2.015394937247038,73806,0.601830166997388,148,702
dqn_original,DQN,Original,556,-4.068544360511574,37.54646682739258,0,0.05,799,799,110.39028776978417,1000,0.2594206000000001,2.140471345514059,74806,0.5602498750085942,148,703
dqn_original,DQN,Original,557,-41.67811764958999,37.87281799316406,0,0.05,809,809,111.64452423698384,1000,0.2495206000000001,2.03118689507246,75806,0.559940834005829,148,704
dqn_original,DQN,Original,558,-9.08970665968133,38.251678466796875,0,0.05,844,844,112.95698924731182,1000,0.23962060000000007,2.135388549387455,76806,0.6807605000212789,148,705
dqn_original,DQN,Original,559,17.48714091246703,38.580318450927734,0,0.05,779,779,114.14847942754919,1000,0.22972060000000005,2.083181968063116,77806,0.5848677500034682,148,706
dqn_original,DQN,Original,560,-3.952388946668691,39.92501449584961,0,0.05,793,793,115.36071428571428,1000,0.21982060000000003,2.0032879092395306,78806,0.5697765000222716,148,707
dqn_original,DQN,Original,561,-158.23350476710874,39.869468688964844,0,0.05,448,448,115.9536541889483,598,0.2139004,1.9711079842171142,79404,0.361761000007391,148,708
dqn_original,DQN,Original,562,-193.70421644960715,40.210391998291016,0,0.04,409,409,116.47508896797153,501,0.20894049999999997,1.9984808708736284,79905,0.3050779580080416,148,709
dqn_original,DQN,Original,563,-43.88617342156513,41.634864807128906,0,0.04,839,839,117.75843694493783,1000,0.19904049999999995,2.099271743863821,80905,0.6186769159976393,148,710
dqn_original,DQN,Original,564,-53.01135558567969,40.71234130859375,0,0.04,846,846,119.04964539007092,1000,0.18914050000000004,2.1014200716912748,81905,0.5791939579939935,148,711
dqn_original,DQN,Original,565,-57.79246219874221,40.83622741699219,0,0.04,812,812,120.27610619469027,1000,0.17924050000000002,2.1167471913695337,82905,0.6292029579926748,148,712
dqn_original,DQN,Original,566,-105.34220401270977,42.88056182861328,0,0.04,855,855,121.57420494699646,1000,0.1693405,2.1496310447752474,83905,0.6290285420254804,148,713
dqn_original,DQN,Original,567,-39.221896690932205,42.72898483276367,0,0.04,920,920,122.98236331569665,1000,0.15944049999999999,2.0917206682264804,84905,0.6161718330113217,148,714
dqn_original,DQN,Original,568,-32.46776358963881,44.20740509033203,0,0.04,867,867,124.29225352112677,1000,0.14954050000000008,2.1022441621124743,85905,0.862049624993233,148,715
dqn_original,DQN,Original,569,-49.98019757843072,42.553375244140625,0,0.04,886,886,125.63093145869948,1000,0.13964050000000006,2.1094973666071892,86905,0.9119953750050627,148,716
dqn_original,DQN,Original,570,-85.06221192773593,43.289878845214844,0,0.04,869,869,126.93508771929825,1000,0.12974050000000004,1.811279143959284,87905,1.061448583001038,148,717
dqn_original,DQN,Original,571,-59.21557855919057,43.355918884277344,0,0.04,946,946,128.36952714535903,1000,0.11984050000000002,2.021152486413717,88905,1.081442791997688,148,718
dqn_original,DQN,Original,572,-75.2786445788571,42.54789733886719,0,0.04,902,902,129.72202797202797,1000,0.1099405,1.953389016419649,89905,0.8243185000028461,148,719
dqn_original,DQN,Original,573,-106.91173862276182,44.337791442871094,0,0.04,847,847,130.9738219895288,1000,0.10004049999999998,1.8455804326236247,90905,0.9618452499853447,148,720
dqn_original,DQN,Original,574,-60.35909137844707,44.684661865234375,0,0.04,849,849,132.22473867595818,1000,0.09014049999999996,1.8432377122938632,91905,1.2163967080123257,148,721
dqn_original,DQN,Original,575,-27.228243531930048,46.78166580200195,0,0.04,861,861,133.49217391304347,1000,0.08024049999999994,1.8998468527197838,92905,1.283138000027975,148,722
dqn_original,DQN,Original,576,-52.5192635245944,44.97834014892578,0,0.04,815,815,134.67534722222223,1000,0.07034049999999992,1.9254846131503582,93905,1.1055831249977928,148,723
dqn_original,DQN,Original,577,-30.54141669066773,44.85285568237305,0,0.04,813,813,135.85095320623915,1000,0.06044050000000001,1.8034908041656017,94905,1.102822874992853,148,724
dqn_original,DQN,Original,578,-40.22733900259849,45.8609619140625,0,0.04,873,873,137.12629757785467,1000,0.0505405000000001,1.9006503314971923,95905,0.7921343340130989,148,725
dqn_original,DQN,Original,579,-98.40090072539637,44.58843231201172,0,0.04,762,762,138.2055267702936,1000,0.04064050000000008,1.870649071753025,96905,0.890632791997632,148,726
dqn_original,DQN,Original,580,-43.08018672295608,45.958251953125,0,0.04,722,722,139.21206896551723,1000,0.03074050000000006,1.8373138757646084,97905,0.7069957919884473,148,727
dqn_original,DQN,Original,581,-41.48130796808269,47.21356964111328,0,0.04,711,711,140.1962134251291,1000,0.02084050000000004,1.8480138941407203,98905,0.6479790000012144,148,728
dqn_original,DQN,Original,582,-59.82320310926189,48.2021484375,0,0.03,737,737,141.22164948453607,1000,0.01094050000000002,1.831935422554612,99905,0.5910156249883585,148,729
dqn_original,DQN,Original,583,-42.92814787308683,47.22355651855469,0,0.03,714,714,142.20411663807892,1000,0.010000000000000009,1.8733291873633862,100905,0.5558568749984261,148,730
dqn_original,DQN,Original,584,-53.05532198656922,48.14777374267578,0,0.03,758,758,143.2585616438356,1000,0.010000000000000009,1.6874187308549882,101905,0.5804747079964727,148,731
dqn_original,DQN,Original,585,-17.255255519175364,48.19972229003906,0,0.03,718,718,144.24102564102563,1000,0.010000000000000009,1.7418907733559608,102905,0.5692322080140002,148,732
dqn_original,DQN,Original,586,-65.64153892725226,46.48638916015625,0,0.03,756,756,145.28498293515358,1000,0.010000000000000009,1.6503247737586497,103905,0.6318286249879748,148,733
dqn_original,DQN,Original,587,-67.98370743931453,48.246498107910156,0,0.03,705,705,146.23850085178876,1000,0.010000000000000009,1.5709828416109084,104905,0.5813320000015665,148,734
dqn_original,DQN,Original,588,-5.248079283506964,48.922550201416016,0,0.03,745,745,147.25680272108843,1000,0.010000000000000009,1.6691041672229767,105905,0.6235605000110809,148,735
dqn_original,DQN,Original,589,23.74696919223671,48.379459381103516,0,0.03,719,719,148.22750424448216,1000,0.010000000000000009,1.4962191832363605,106905,0.5958082919823937,148,736
dqn_original,DQN,Original,590,-48.76176040609489,47.83522033691406,0,0.03,716,716,149.18983050847459,1000,0.010000000000000009,1.5158901547193526,107905,0.6955111249990296,148,737
dqn_original,DQN,Original,591,-6.338108656488058,46.443389892578125,0,0.03,731,731,150.17428087986463,1000,0.010000000000000009,1.4684815920889378,108905,0.5532547499751672,148,738
dqn_original,DQN,Original,592,-12.928514295197491,47.21477127075195,0,0.03,741,741,151.1722972972973,1000,0.010000000000000009,1.509099283874035,109905,0.5721039999916684,148,739
dqn_original,DQN,Original,593,25.701293145418276,48.35643005371094,0,0.03,753,753,152.18718381112984,1000,0.010000000000000009,1.4480357031226159,110905,0.613213500007987,148,740
dqn_original,DQN,Original,594,-18.61333887010632,48.14031982421875,0,0.03,764,764,153.2171717171717,1000,0.010000000000000009,1.3437852311730385,111905,0.5766728750022594,148,741
dqn_original,DQN,Original,595,45.61472681718494,46.72451400756836,0,0.03,807,807,154.31596638655463,1000,0.010000000000000009,1.3532341146469116,112905,0.607847084000241,148,742
dqn_original,DQN,Original,596,-23.827539390779037,47.022254943847656,0,0.03,791,791,155.38422818791946,1000,0.010000000000000009,1.3487257326841355,113905,0.6272834170085844,148,743
dqn_original,DQN,Original,597,9.309918458680714,46.171966552734375,0,0.02,796,796,156.4572864321608,1000,0.010000000000000009,1.3225948418676854,114905,0.6244138340116479,148,744
dqn_original,DQN,Original,598,230.3662639669584,45.78270721435547,1,0.03,231,231,156.5819397993311,321,0.010000000000000009,1.3203125319841122,115226,0.20576724997954443,148,745
dqn_original,DQN,Original,599,-1.362759091890117,45.14921569824219,0,0.03,879,879,157.787979966611,1000,0.010000000000000009,1.226313700199127,116226,0.7751263749960344,148,746
dqn_original,DQN,Original,600,-1.9698974354533065,45.36534118652344,0,0.03,889,889,159.00666666666666,1000,0.010000000000000009,1.2778643004894257,117226,0.6469356660090853,148,747
dqn_original,DQN,Original,601,2.616429586208203,44.71750259399414,0,0.03,787,787,160.05158069883527,1000,0.010000000000000009,1.2967081940770149,118226,0.6542820000031497,148,748
dqn_original,DQN,Original,602,11.539468693304281,45.1706428527832,0,0.03,818,818,161.14451827242524,1000,0.010000000000000009,1.1817352181077003,119226,0.5747669589763973,148,749
dqn_original,DQN,Original,603,15.443445656622757,46.02824020385742,0,0.03,822,822,162.24046434494196,1000,0.010000000000000009,1.1217757439911364,120226,0.6558045420097187,148,750
dqn_original,DQN,Original,604,-12.929770264136074,44.20830535888672,0,0.03,857,857,163.39072847682118,1000,0.010000000000000009,1.2021253325939179,121226,0.6355964579852298,148,751
dqn_original,DQN,Original,605,-8.024522733232553,43.6413459777832,0,0.03,885,885,164.58347107438016,1000,0.010000000000000009,1.1879263806045055,122226,0.5891316249908414,148,752
dqn_original,DQN,Original,606,-2.665704855792442,43.49137878417969,0,0.03,841,841,165.6996699669967,1000,0.010000000000000009,1.1994192391633987,123226,0.6662094169878401,148,753
dqn_original,DQN,Original,607,-14.03662389528331,42.25132751464844,0,0.03,776,776,166.70510708401977,1000,0.010000000000000009,1.2234444876760244,124226,0.7751148749957792,148,754
dqn_original,DQN,Original,608,7.297769118404381,41.94291305541992,0,0.03,764,764,167.6875,1000,0.010000000000000009,1.2038569063842297,125226,0.6823110000113957,148,755
dqn_original,DQN,Original,609,-29.504917422555355,39.768699645996094,0,0.03,751,751,168.64532019704433,1000,0.010000000000000009,1.1452344463318587,126226,0.7277070409909356,148,756
dqn_original,DQN,Original,610,-49.97461926794391,40.22991180419922,0,0.03,775,775,169.63934426229508,1000,0.010000000000000009,1.076229631945491,127226,0.625225916999625,148,757
dqn_original,DQN,Original,611,24.42025765960724,39.713706970214844,0,0.03,782,782,170.6415711947627,1000,0.010000000000000009,1.0497057812213897,128226,0.5853814580186736,148,758
dqn_original,DQN,Original,612,-33.03890696712565,40.055580139160156,0,0.03,734,734,171.56209150326796,1000,0.010000000000000009,1.1218432021439075,129226,0.5825511669972911,148,759
dqn_original,DQN,Original,613,-6.96123852841832,41.29315185546875,0,0.03,752,752,172.5089722675367,1000,0.010000000000000009,1.0905723399072886,130226,0.6002629589929711,148,760
dqn_original,DQN,Original,614,-38.45649471903009,43.027381896972656,0,0.03,757,757,173.46091205211727,1000,0.010000000000000009,1.0538513099253177,131226,0.5915731669811066,148,761
dqn_original,DQN,Original,615,-11.81109162013467,43.72437286376953,0,0.03,746,746,174.3918699186992,1000,0.010000000000000009,1.011193919122219,132226,0.5674124590004794,148,762
dqn_original,DQN,Original,616,-28.98066514193679,43.26261520385742,0,0.03,816,816,175.43344155844156,1000,0.010000000000000009,0.9750855494886637,133226,0.6045544590160716,148,763
dqn_original,DQN,Original,617,56.21534273535189,43.66496658325195,0,0.02,786,786,176.42301458670988,1000,0.010000000000000009,1.0291621702462435,134226,0.614050167001551,148,764
dqn_original,DQN,Original,618,-22.74972673448533,44.77699279785156,0,0.02,837,837,177.49190938511327,1000,0.010000000000000009,1.0029893460571766,135226,0.6140012910182122,148,765
dqn_original,DQN,Original,619,-29.08845893526589,46.68523406982422,0,0.02,845,845,178.5702746365105,1000,0.010000000000000009,0.9140425139069557,136226,0.6995001249888446,148,766
dqn_original,DQN,Original,620,224.61554241667864,47.27519989013672,1,0.03,340,340,178.83064516129033,456,0.010000000000000009,0.8961802411889821,136682,0.2769481249852106,148,767
dqn_original,DQN,Original,621,213.54199907710472,46.76374816894531,1,0.04,627,627,179.5523349436393,740,0.010000000000000009,0.9418972264471892,137422,0.4894816250016447,148,768
dqn_original,DQN,Original,622,-7.053032512242935,47.984859466552734,0,0.04,776,776,180.5112540192926,1000,0.010000000000000009,0.9285573677718639,138422,0.9420108339982107,148,769
dqn_original,DQN,Original,623,156.81950106087106,48.940303802490234,1,0.05,722,722,181.3804173354735,918,0.010000000000000009,0.8941345204779785,139340,0.7654632079938892,148,770
dqn_original,DQN,Original,624,54.82176335639895,48.7032470703125,0,0.05,190,190,181.39423076923077,230,0.010000000000000009,0.8524963740421378,139570,0.19029833399690688,148,771
dqn_original,DQN,Original,625,26.54856848869131,48.34714889526367,0,0.05,846,846,182.4576,1000,0.010000000000000009,0.9065078021734952,140570,0.7577219580125529,148,772
dqn_original,DQN,Original,626,10.01387319396647,49.59721755981445,0,0.05,902,902,183.6070287539936,1000,0.010000000000000009,0.8504739199578762,141570,0.7144560420128983,148,773
dqn_original,DQN,Original,627,0.39059862375879373,49.97311019897461,0,0.05,849,849,184.6682615629984,1000,0.010000000000000009,0.8204224983304739,142570,0.7482645839918405,148,774
dqn_original,DQN,Original,628,215.8891366516617,51.56105041503906,1,0.06,503,503,185.1751592356688,632,0.010000000000000009,0.9006496081953939,143202,0.4906937089981511,148,775
dqn_original,DQN,Original,629,-34.40402278895318,51.487998962402344,0,0.06,858,858,186.24483306836248,1000,0.010000000000000009,0.7942644708678126,144202,0.574869750009384,148,776
dqn_original,DQN,Original,630,-13.805412603219912,47.83347702026367,0,0.06,827,827,187.26190476190476,1000,0.010000000000000009,0.7653835421726107,145202,0.5831392079999205,148,777
dqn_original,DQN,Original,631,-11.656385241467863,52.72093200683594,0,0.06,828,828,188.27733755942947,1000,0.010000000000000009,0.7876920505613089,146202,0.5789024999830872,148,778
dqn_original,DQN,Original,632,22.696605092618057,53.096099853515625,0,0.06,843,843,189.3132911392405,1000,0.010000000000000009,0.7690711258202791,147202,0.5698945420153905,148,779
dqn_original,DQN,Original,633,-21.622702251308525,52.36116027832031,0,0.06,825,825,190.3175355450237,1000,0.010000000000000009,0.7686572815999388,148202,0.5774731249839533,148,780
dqn_original,DQN,Original,634,-26.883476241250598,54.793861389160156,0,0.05,834,834,191.3328075709779,1000,0.010000000000000009,0.7184271761476994,149202,0.5697294999845326,148,781
dqn_original,DQN,Original,635,-13.617626656014982,53.15270233154297,0,0.05,777,777,192.25511811023622,1000,0.010000000000000009,0.666538922637701,150202,0.5729846250033006,148,782
dqn_original,DQN,Original,636,-11.41224618535929,53.94645690917969,0,0.05,801,801,193.21226415094338,1000,0.010000000000000009,0.6405263504385948,151202,0.5879164589860011,148,783
dqn_original,DQN,Original,637,3.9515325343167564,52.6571044921875,0,0.05,796,796,194.1585557299843,1000,0.010000000000000009,0.6227174467816949,152202,0.5848164589842781,148,784
dqn_original,DQN,Original,638,1.9940327545955758,53.376708984375,0,0.05,821,821,195.141065830721,1000,0.010000000000000009,0.5902176984921098,153202,0.5721502499945927,148,785
dqn_original,DQN,Original,639,-53.18371573066774,55.38109588623047,0,0.05,779,779,196.0547730829421,1000,0.010000000000000009,0.5806474099755288,154202,0.623851290991297,148,786
dqn_original,DQN,Original,640,-34.86906894926008,56.81682205200195,0,0.05,824,824,197.0359375,1000,0.010000000000000009,0.5210422517284751,155202,0.5766280419775285,148,787
dqn_original,DQN,Original,641,19.45188558890704,57.11782455444336,0,0.05,856,856,198.06396255850234,1000,0.010000000000000009,0.5721747234985233,156202,0.596654374996433,148,788
dqn_original,DQN,Original,642,224.34948395874434,59.453460693359375,1,0.06,352,352,198.30373831775702,492,0.010000000000000009,0.5905411475133605,156694,0.2941428329795599,148,789
dqn_original,DQN,Original,643,277.85861647597926,57.238616943359375,1,0.07,267,267,198.41057542768274,380,0.010000000000000009,0.5255532613514285,157074,0.23022433399455622,148,790
dqn_original,DQN,Original,644,235.27545377567023,58.29988479614258,1,0.08,529,529,198.92391304347825,718,0.010000000000000009,0.4917897340273459,157792,0.4716331670060754,148,791
dqn_original,DQN,Original,645,229.435510884956,59.61954116821289,1,0.09,463,463,199.33333333333334,564,0.010000000000000009,0.48098749770446025,158356,0.32970016699982807,148,792
dqn_original,DQN,Original,646,232.49939357844497,58.547698974609375,1,0.1,496,496,199.79256965944273,693,0.010000000000000009,0.477189568364603,159049,0.4190018330118619,148,793
dqn_original,DQN,Original,647,201.70707514064765,59.46064758300781,1,0.11,431,431,200.1499227202473,560,0.010000000000000009,0.4590671630842345,159609,0.31993962501292117,148,794
dqn_original,DQN,Original,648,229.52737837597593,59.038299560546875,1,0.12,327,327,200.34567901234567,449,0.010000000000000009,0.47620016241856833,160058,0.26753533401642926,148,795
dqn_original,DQN,Original,649,231.83955479255602,59.22850036621094,1,0.13,230,230,200.39137134052388,345,0.010000000000000009,0.44863007265156596,160403,0.20192808299907483,148,796
dqn_original,DQN,Original,650,297.1275601514038,60.3253173828125,1,0.14,276,276,200.5076923076923,365,0.010000000000000009,0.47171038415742245,160768,0.21273416699841619,148,797
dqn_original,DQN,Original,651,232.35296233124157,60.42863464355469,1,0.15,276,276,200.6236559139785,398,0.010000000000000009,0.41878380972761003,161166,0.22929149999981746,148,798
dqn_original,DQN,Original,652,239.4841241845546,60.47624969482422,1,0.16,304,304,200.78220858895705,399,0.010000000000000009,0.44020271906279085,161565,0.232500957994489,148,799
dqn_original,DQN,Original,653,255.8800661031923,60.16188049316406,1,0.17,462,462,201.1822358346095,605,0.010000000000000009,0.4170998964058466,162170,0.34945637499913573,148,800
dqn_original,DQN,Original,654,197.409511094562,64.84814453125,1,0.18,594,594,201.782874617737,826,0.010000000000000009,0.43090605591457637,162996,0.5299600420112256,148,801
dqn_original,DQN,Original,655,257.3549125806348,65.16719055175781,1,0.19,419,419,202.1145038167939,589,0.010000000000000009,0.43228195015663606,163585,0.3533252920024097,148,802
dqn_original,DQN,Original,656,268.94414835368616,64.82553100585938,1,0.2,345,345,202.33231707317074,461,0.010000000000000009,0.3971271208141993,164046,0.28908750001573935,148,803
dqn_original,DQN,Original,657,229.18902841479348,66.92808532714844,1,0.21,317,317,202.5068493150685,460,0.010000000000000009,0.3423434594565112,164506,0.364962707972154,148,804
dqn_original,DQN,Original,658,197.26186677842855,67.23810577392578,1,0.22,668,668,203.21428571428572,908,0.010000000000000009,0.38164789088497075,165414,0.7674637500022072,148,805
dqn_original,DQN,Original,659,217.65899720622252,67.34894561767578,0,0.22,447,447,203.58421851289833,521,0.010000000000000009,0.36830127034729593,165935,0.6415274159808178,148,806
dqn_original,DQN,Original,660,177.36083552156038,67.81111145019531,1,0.23,741,741,204.39848484848486,976,0.010000000000000009,0.376456202122337,166911,0.8595154999929946,148,807
dqn_original,DQN,Original,661,241.27170062984004,68.27091979980469,1,0.24,381,381,204.66565809379728,488,0.010000000000000009,0.3658919404337152,167399,0.2895874580135569,148,808
dqn_original,DQN,Original,662,-19.266223449192083,69.78421020507812,0,0.24,870,870,205.67069486404833,1000,0.010000000000000009,0.38800747365131977,168399,0.6758903749869205,148,809
dqn_original,DQN,Original,663,246.76394562865448,68.95310974121094,1,0.25,712,712,206.4343891402715,961,0.010000000000000009,0.36434303404342744,169360,0.5616917500155978,148,810
dqn_original,DQN,Original,664,213.61374740041785,68.1297607421875,1,0.26,535,535,206.92921686746988,654,0.010000000000000009,0.3714581164061476,170014,0.4226346659997944,148,811
dqn_original,DQN,Original,665,0.669563584639743,69.27662658691406,0,0.26,922,922,208.00451127819548,1000,0.010000000000000009,0.3425034036487341,171014,0.6783400000131223,148,812
dqn_original,DQN,Original,666,9.22383652794117,67.09088134765625,0,0.26,879,879,209.012012012012,1000,0.010000000000000009,0.324958823390305,172014,0.8220360830018762,148,813
dqn_original,DQN,Original,667,228.00682103529795,67.72828674316406,1,0.27,571,571,209.55472263868066,705,0.010000000000000009,0.3163210816681385,172719,0.5086220829980448,148,814
dqn_original,DQN,Original,668,215.89456395492564,68.42012023925781,1,0.28,373,373,209.7994011976048,433,0.010000000000000009,0.3335548340758055,173152,0.43621262497617863,148,815
dqn_original,DQN,Original,669,222.711142258873,67.21687316894531,1,0.29,370,370,210.03886397608372,445,0.010000000000000009,0.3380305942859543,173597,0.438343417015858,148,816
dqn_original,DQN,Original,670,224.40392268102562,67.61860656738281,1,0.3,295,295,210.16567164179105,373,0.010000000000000009,0.3286433248972925,173970,0.3296754999901168,148,817
dqn_original,DQN,Original,671,195.3212535498817,66.73109436035156,1,0.31,625,625,210.7839046199702,734,0.010000000000000009,0.35222182966951454,174704,0.4843948750058189,148,818
dqn_original,DQN,Original,672,7.477713741641547,67.10362243652344,0,0.31,850,850,211.73511904761904,1000,0.010000000000000009,0.3291574921756983,175704,0.5830102079780772,148,819
dqn_original,DQN,Original,673,5.295323803716829,66.81605529785156,0,0.31,856,856,212.6924219910847,1000,0.010000000000000009,0.3514339197091758,176704,0.5801526670111343,148,820
dqn_original,DQN,Original,674,-40.87619105823421,65.19715881347656,0,0.31,893,893,213.70178041543028,1000,0.010000000000000009,0.3204734164699912,177704,0.8091788750025444,148,821
dqn_original,DQN,Original,675,22.52191254392903,64.36619567871094,0,0.31,775,775,214.53333333333333,1000,0.010000000000000009,0.30574138183519245,178704,0.7620357910054736,148,822
dqn_original,DQN,Original,676,31.216556546631477,66.07213592529297,0,0.31,825,825,215.43639053254438,1000,0.010000000000000009,0.3219663002230227,179704,0.748222500027623,148,823
dqn_original,DQN,Original,677,208.38951326948495,66.3524169921875,1,0.32,703,703,216.15657311669128,962,0.010000000000000009,0.30526118110981526,180666,0.7478801670076791,148,824
dqn_original,DQN,Original,678,20.13136005135016,66.36216735839844,0,0.32,783,783,216.99262536873155,1000,0.010000000000000009,0.3017547187209129,181666,0.64793412500876,148,825
dqn_original,DQN,Original,679,190.81362300143707,68.85974884033203,1,0.33,709,709,217.71723122238586,993,0.010000000000000009,0.3166616069188591,182659,0.6011788339819759,148,826
dqn_original,DQN,Original,680,225.7089793342843,70.00370788574219,1,0.34,480,480,218.10294117647058,669,0.010000000000000009,0.306581892067586,183328,0.41591799998423085,148,827
dqn_original,DQN,Original,681,246.16702613845155,69.70831298828125,0,0.34,379,379,218.33920704845815,545,0.010000000000000009,0.3204024804773134,183873,0.31304595901747234,148,828
dqn_original,DQN,Original,682,-0.8259664331067258,68.1995849609375,0,0.34,811,811,219.20821114369502,1000,0.010000000000000009,0.33943266309797765,184873,0.5808240420010407,148,829
dqn_original,DQN,Original,683,140.99887242228368,67.49767303466797,0,0.34,766,766,220.00878477306003,832,0.010000000000000009,0.33561576223627737,185705,0.4988187920243945,148,830
dqn_original,DQN,Original,684,-34.15374698466791,67.86065673828125,0,0.34,783,783,220.83187134502924,1000,0.010000000000000009,0.3642991230264306,186705,0.5913208329875488,148,831
dqn_original,DQN,Original,685,53.73580590107697,67.02318572998047,0,0.34,782,782,221.65109489051096,1000,0.010000000000000009,0.3528256291039288,187705,0.7269446669961326,148,832
dqn_original,DQN,Original,686,-95.71557119079971,71.04486846923828,0,0.34,846,846,222.5612244897959,1000,0.010000000000000009,0.3516526094228029,188705,0.6255408330180217,148,833
dqn_original,DQN,Original,687,280.66562324702056,69.69676971435547,1,0.35,415,415,222.84133915574964,588,0.010000000000000009,0.37086789904250983,189293,0.38102929200977087,148,834
dqn_original,DQN,Original,688,-96.02214081478674,68.29148864746094,0,0.35,826,826,223.71802325581396,1000,0.010000000000000009,0.36880944422259926,190293,0.5842274170136079,148,835
dqn_original,DQN,Original,689,-111.93473891460326,67.19290161132812,0,0.35,819,819,224.5820029027576,1000,0.010000000000000009,0.35118333161622284,191293,0.5706474579928908,148,836
dqn_original,DQN,Original,690,-77.72242726393878,68.43181610107422,0,0.35,811,811,225.43188405797102,1000,0.010000000000000009,0.3723074851371348,192293,0.5579761659901123,148,837
dqn_original,DQN,Original,691,26.388905679306404,69.94132232666016,0,0.35,806,806,226.27206946454413,1000,0.010000000000000009,0.4044719731025398,193293,0.5767871249991003,148,838
dqn_original,DQN,Original,692,-86.18352179368632,70.58013916015625,0,0.35,858,858,227.1849710982659,1000,0.010000000000000009,0.4098159444406629,194293,0.5572566670016386,148,839
dqn_original,DQN,Original,693,-2.936106760606228,69.4410171508789,0,0.35,848,848,228.08080808080808,1000,0.010000000000000009,0.42100001545622945,195293,0.5523072500072885,148,840
dqn_original,DQN,Original,694,116.43204528303394,71.48883056640625,0,0.35,664,664,228.70893371757924,1000,0.010000000000000009,0.43702209132164715,196293,0.584732042014366,148,841
dqn_original,DQN,Original,695,-39.573453165629545,69.97903442382812,0,0.35,816,816,229.55395683453239,1000,0.010000000000000009,0.38362371880188584,197293,0.5658478749974165,148,842
dqn_original,DQN,Original,696,255.35081116481825,70.19468688964844,1,0.36,273,273,229.61637931034483,355,0.010000000000000009,0.3736850499896936,197648,0.20696433301782236,148,843
dqn_original,DQN,Original,697,1.090354650094072,72.50166320800781,0,0.36,748,748,230.36011477761838,1000,0.010000000000000009,0.38403835882991555,198648,0.5946895419911016,148,844
dqn_original,DQN,Original,698,111.273098798347,71.65005493164062,0,0.35,610,610,230.90401146131805,1000,0.010000000000000009,0.416128788754344,199648,0.6694916659907904,148,845
dqn_original,DQN,Original,699,-27.008002917547056,70.15640258789062,0,0.35,758,758,231.65808297567955,1000,0.010000000000000009,0.43063960555940867,200648,0.569568334001815,148,846
dqn_original,DQN,Original,700,218.9253930201061,68.87687683105469,0,0.35,684,684,232.30428571428573,791,0.010000000000000009,0.41211815567406934,201439,0.4705602090107277,148,847
dqn_original,DQN,Original,701,235.1165262213197,70.40937805175781,0,0.35,722,722,233.00285306704708,895,0.010000000000000009,0.3978445655224044,202334,0.5103809169959277,148,848
dqn_original,DQN,Original,702,141.6659888256225,67.74546813964844,0,0.35,606,606,233.53418803418805,1000,0.010000000000000009,0.4157216899693012,203334,0.5725319999910425,148,849
dqn_original,DQN,Original,703,276.59838082309875,67.9894790649414,1,0.36,170,170,233.4438122332859,245,0.010000000000000009,0.4142782529701992,203579,0.15427541700773872,148,850
dqn_original,DQN,Original,704,60.26220908700315,68.92594909667969,0,0.36,712,712,234.12357954545453,1000,0.010000000000000009,0.36772469787672163,204579,0.5836065829789732,148,851
dqn_original,DQN,Original,705,222.13037373214962,70.63233947753906,1,0.37,537,537,234.5531914893617,765,0.010000000000000009,0.4297500118759333,205344,0.4460976670088712,148,852
dqn_original,DQN,Original,706,280.97853810161496,71.05586242675781,1,0.38,377,377,234.75495750708214,591,0.010000000000000009,0.39653592559866696,205935,0.3514310840109829,148,853
dqn_original,DQN,Original,707,216.28790628759128,71.515869140625,1,0.39,408,408,235.0,533,0.010000000000000009,0.40081838635102224,206468,0.3091000830172561,148,854
dqn_original,DQN,Original,708,142.53940618549026,71.74757385253906,0,0.39,812,812,235.81497175141243,1000,0.010000000000000009,0.40142383467406034,207468,0.5725304169754963,148,855
dqn_original,DQN,Original,709,259.23924266052495,72.33358001708984,1,0.4,327,327,235.94358251057827,457,0.010000000000000009,0.4101283685742374,207925,0.26298058399697766,148,856
dqn_original,DQN,Original,710,139.3042940115342,73.874267578125,0,0.4,678,678,236.56619718309858,1000,0.010000000000000009,0.4081303513199091,208925,0.5468634590215515,148,857
dqn_original,DQN,Original,711,61.450946869553874,72.05094146728516,0,0.4,768,768,237.31364275668074,1000,0.010000000000000009,0.4068339984752238,209925,0.5537183749838732,148,858
dqn_original,DQN,Original,712,213.32729476679162,74.21643829345703,1,0.41,491,491,237.66994382022472,637,0.010000000000000009,0.4202848391744836,210562,0.35137112499796785,148,859
dqn_original,DQN,Original,713,163.38908517413915,74.01099395751953,0,0.41,615,615,238.1991584852735,1000,0.010000000000000009,0.4191132324710488,211562,0.573797207995085,148,860
dqn_original,DQN,Original,714,95.2371773221883,76.3532485961914,0,0.41,584,584,238.68347338935575,1000,0.010000000000000009,0.40754276599921285,212562,0.5891188749810681,148,861
dqn_original,DQN,Original,715,234.98943652026097,76.15977478027344,1,0.42,341,341,238.82657342657342,527,0.010000000000000009,0.41501882553552993,213089,0.3012790409848094,148,862
dqn_original,DQN,Original,716,171.17987745211536,75.2215576171875,1,0.43,680,680,239.4427374301676,845,0.010000000000000009,0.36903565127468674,213934,0.48325604101410136,148,863
dqn_original,DQN,Original,717,232.6742546980967,77.69300079345703,1,0.44,278,278,239.49651324965131,401,0.010000000000000009,0.3785498458474057,214335,0.23183595898444764,148,864
dqn_original,DQN,Original,718,55.22604259897025,76.9061279296875,0,0.44,71,71,239.26183844011143,84,0.010000000000000009,0.36839150437819107,214419,0.04935716697946191,148,865
dqn_original,DQN,Original,719,81.04310435427774,77.84764099121094,0,0.44,638,638,239.81641168289292,1000,0.010000000000000009,0.38400684817507863,215419,0.5791425000061281,148,866
dqn_original,DQN,Original,720,209.5357423075884,81.02127075195312,1,0.44,612,612,240.33333333333334,781,0.010000000000000009,0.392039414528619,216200,0.4635156669828575,148,867
dqn_original,DQN,Original,721,-1.543669658874478,80.6502685546875,0,0.43,71,71,240.0984743411928,82,0.010000000000000009,0.388404617222344,216282,0.044623708992730826,148,868
dqn_original,DQN,Original,722,80.6956809055549,81.14411926269531,0,0.43,688,688,240.71883656509695,1000,0.010000000000000009,0.36555888345092535,217282,0.5653454590064939,148,869
dqn_original,DQN,Original,723,4.031890211123397,81.3506088256836,0,0.42,66,66,240.47717842323652,77,0.010000000000000009,0.30821999462393973,217359,0.04359899999690242,148,870
dqn_original,DQN,Original,724,0.2987822304078662,81.19770812988281,0,0.42,77,77,240.25138121546962,97,0.010000000000000009,0.36328533645143213,217456,0.055748082988429815,148,871
dqn_original,DQN,Original,725,176.74815948986816,82.4962387084961,0,0.42,573,573,240.7103448275862,1000,0.010000000000000009,0.3628664977457374,218456,0.5542534590058494,148,872
dqn_original,DQN,Original,726,250.68891277044372,83.77608489990234,1,0.43,174,174,240.61845730027548,248,0.010000000000000009,0.3554692096978186,218704,0.1404513329907786,148,873
dqn_original,DQN,Original,727,252.81743948186192,82.53880310058594,1,0.44,469,469,240.93259972489685,605,0.010000000000000009,0.3702426192312201,219309,0.3435480830084998,148,874
dqn_original,DQN,Original,728,-92.58798772012855,83.47005462646484,0,0.43,101,101,240.7403846153846,125,0.010000000000000009,0.3673408322632313,219434,0.07157141700736247,148,875
dqn_original,DQN,Original,729,-17.76878980102007,83.32119750976562,0,0.43,899,899,241.64334705075447,1000,0.010000000000000009,0.35188540491089226,220434,0.5574642079882324,148,876
dqn_original,DQN,Original,730,122.29004731323506,83.27179718017578,0,0.43,574,574,242.0986301369863,1000,0.010000000000000009,0.3433332782499492,221434,0.5902828749967739,148,877
dqn_original,DQN,Original,731,223.17438107852524,84.81826782226562,1,0.44,430,430,242.35567715458276,572,0.010000000000000009,0.3830312003896057,222006,0.3357774159812834,148,878
dqn_original,DQN,Original,732,254.25681429669305,83.78303527832031,1,0.45,182,182,242.27322404371586,293,0.010000000000000009,0.3522199182532753,222299,0.18002970900852233,148,879
dqn_original,DQN,Original,733,303.2947827755817,83.03546142578125,1,0.46,192,192,242.20463847203274,309,0.010000000000000009,0.37698611902814466,222608,0.1833374589914456,148,880
dqn_original,DQN,Original,734,153.97904921131203,82.16167449951172,0,0.46,535,535,242.60354223433242,1000,0.010000000000000009,0.347208141297102,223608,0.5685462499968708,148,881
dqn_original,DQN,Original,735,268.42670876799957,83.48825073242188,1,0.47,443,443,242.8761904761905,786,0.010000000000000009,0.36172114520715243,224394,0.45481862500309944,148,882
dqn_original,DQN,Original,736,-10.101800591203187,84.25670623779297,0,0.47,69,69,242.6399456521739,85,0.010000000000000009,0.38261806732591463,224479,0.05101358299725689,148,883
dqn_original,DQN,Original,737,253.2634811132845,83.79656982421875,1,0.48,253,253,242.65400271370422,371,0.010000000000000009,0.41259498961992824,224850,0.21364512501168065,148,884
dqn_original,DQN,Original,738,153.57784830361356,82.87692260742188,0,0.48,558,558,243.08130081300814,1000,0.010000000000000009,0.33589758565835653,225850,0.5583257499965839,148,885
dqn_original,DQN,Original,739,254.0247632384127,81.80738830566406,1,0.49,554,554,243.5020297699594,935,0.010000000000000009,0.3525829390946397,226785,0.5455699170124717,148,886
dqn_original,DQN,Original,740,137.12050925169487,80.73334503173828,0,0.49,630,630,244.0243243243243,1000,0.010000000000000009,0.36542895337194203,227785,0.5423468749795575,148,887
dqn_original,DQN,Original,741,127.86058963715189,79.297119140625,0,0.49,738,738,244.69095816464238,1000,0.010000000000000009,0.3440468133054674,228785,0.5752924580010585,148,888
dqn_original,DQN,Original,742,167.1952165800147,82.05522155761719,0,0.48,653,653,245.2412398921833,1000,0.010000000000000009,0.3695562735386193,229785,0.5954445420065895,148,889
dqn_original,DQN,Original,743,21.506395327175042,82.2215576171875,0,0.47,896,896,246.1170928667564,1000,0.010000000000000009,0.34599780454672874,230785,0.5615435829968192,148,890
dqn_original,DQN,Original,744,217.74049477375183,80.33517456054688,1,0.47,688,688,246.71102150537635,980,0.010000000000000009,0.35943435487926617,231765,0.5444338749803137,148,891
dqn_original,DQN,Original,745,211.5524119644274,81.02368927001953,1,0.47,391,391,246.9046979865772,611,0.010000000000000009,0.3832724862190881,232376,0.3392740419949405,148,892
dqn_original,DQN,Original,746,97.00007393175443,79.3573989868164,0,0.46,689,689,247.49731903485255,1000,0.010000000000000009,0.3791599236615002,233376,0.567324292002013,148,893
dqn_original,DQN,Original,747,240.4364928541708,79.24143981933594,1,0.46,394,394,247.6934404283802,725,0.010000000000000009,0.39011606049434894,234101,0.42143958300584927,148,894
dqn_original,DQN,Original,748,285.0630402662906,77.08583068847656,1,0.46,329,329,247.80213903743316,480,0.010000000000000009,0.37408783042337745,234581,0.26650570798665285,148,895
dqn_original,DQN,Original,749,244.52123648032213,77.26158142089844,1,0.46,199,199,247.7369826435247,271,0.010000000000000009,0.36776262822791217,234852,0.15009083299082704,148,896
dqn_original,DQN,Original,750,-18.888036836990267,77.60942840576172,0,0.45,122,122,247.56933333333333,146,0.010000000000000009,0.3834765099550355,234998,0.08216624998021871,148,897
dqn_original,DQN,Original,751,-274.51545879685455,77.35538482666016,0,0.44,229,229,247.5446071904128,245,0.010000000000000009,0.3953191646811913,235243,0.13628020900068805,148,898
dqn_original,DQN,Original,752,74.09541303824898,75.83534240722656,0,0.43,727,727,248.18218085106383,1000,0.010000000000000009,0.4058818883858621,236243,0.5570901659957599,148,899
dqn_original,DQN,Original,753,267.40573562351767,74.17737579345703,1,0.43,428,428,248.42098273572378,528,0.010000000000000009,0.39729010585385066,236771,0.30417387501802295,148,900
dqn_original,DQN,Original,754,143.67946820366336,70.91146850585938,0,0.42,760,760,249.09946949602121,1000,0.010000000000000009,0.4283676105029881,237771,0.5646181250049267,148,901
dqn_original,DQN,Original,755,175.88730757206133,69.81095123291016,0,0.41,640,640,249.61721854304636,1000,0.010000000000000009,0.405076015278697,238771,0.5537074579915497,148,902
dqn_original,DQN,Original,756,255.09384286134957,69.96585083007812,0,0.4,565,565,250.03439153439155,771,0.010000000000000009,0.4274814665104938,239542,0.4289325830177404,148,903
dqn_original,DQN,Original,757,290.7986400510968,69.56969451904297,1,0.4,283,283,250.0779392338177,392,0.010000000000000009,0.42962742972244716,239934,0.22951433301204816,148,904
dqn_original,DQN,Original,758,292.26438009255315,68.15640258789062,1,0.4,430,430,250.31530343007915,799,0.010000000000000009,0.39337532729078295,240733,0.4562805419845972,148,905
dqn_original,DQN,Original,759,177.5577694292631,67.73497009277344,0,0.4,509,509,250.65612648221344,1000,0.010000000000000009,0.36236160819604996,241733,0.5758742909820285,148,906
dqn_original,DQN,Original,760,251.7925225751934,65.27654266357422,0,0.39,648,648,251.17894736842106,869,0.010000000000000009,0.4103043670578505,242602,0.5156414170050994,148,907
dqn_original,DQN,Original,761,262.7717678077756,65.9278793334961,0,0.38,289,289,251.2286465177398,306,0.010000000000000009,0.40744065316820066,242908,0.21986487501999363,148,908
dqn_original,DQN,Original,762,293.93174313825904,65.35283660888672,1,0.39,336,336,251.33989501312337,649,0.010000000000000009,0.360780550353516,243557,0.4217998340027407,148,909
dqn_original,DQN,Original,763,241.61699015801707,64.02081298828125,1,0.39,415,415,251.55439056356488,872,0.010000000000000009,0.40024408443463505,244429,0.49648075000732206,148,910
dqn_original,DQN,Original,764,244.83274266017506,62.398128509521484,1,0.39,347,347,251.67931937172776,736,0.010000000000000009,0.37219529643999005,245165,0.3992784580041189,148,911
dqn_original,DQN,Original,765,127.36093314956884,59.7693977355957,0,0.39,511,511,252.01830065359476,1000,0.010000000000000009,0.3851820221059024,246165,0.5542910840013064,148,912
dqn_original,DQN,Original,766,64.4512230775021,56.88547897338867,0,0.39,673,673,252.56788511749346,1000,0.010000000000000009,0.38105205141380427,247165,0.5629059160128236,148,913
dqn_original,DQN,Original,767,178.0014025562991,56.76850891113281,0,0.38,702,702,253.15384615384616,1000,0.010000000000000009,0.37877836980298163,248165,0.5635155419877265,148,914
dqn_original,DQN,Original,768,163.89614640780067,54.96348571777344,0,0.37,572,572,253.56901041666666,1000,0.010000000000000009,0.36578861228376625,249165,0.5704685839882586,148,915
dqn_original,DQN,Original,769,121.68915703221325,54.71958541870117,0,0.36,612,612,254.03511053315995,1000,0.010000000000000009,0.4109695811867714,250165,0.5578146250045393,148,916
dqn_original,DQN,Original,770,235.362332527972,53.9411735534668,1,0.36,372,372,254.1883116883117,618,0.010000000000000009,0.3874321266900278,250783,0.35013533299206756,148,917
dqn_original,DQN,Original,771,187.08917380587218,54.78936767578125,0,0.35,554,554,254.57717250324254,1000,0.010000000000000009,0.3655744346641004,251783,0.5768466249865014,148,918
dqn_original,DQN,Original,772,121.9414482187697,52.6687126159668,0,0.35,536,536,254.9417098445596,1000,0.010000000000000009,0.3589678570833057,252783,0.564064000005601,148,919
dqn_original,DQN,Original,773,154.4601633585313,51.20869445800781,0,0.35,536,536,255.3053040103493,1000,0.010000000000000009,0.3965736900530756,253783,0.5531612910272088,148,920
dqn_original,DQN,Original,774,285.75677622836315,52.421791076660156,0,0.35,272,272,255.32687338501293,535,0.010000000000000009,0.4240738474320028,254318,0.29856020800070837,148,921
dqn_original,DQN,Original,775,289.85348145521243,54.24085998535156,1,0.36,335,335,255.42967741935485,586,0.010000000000000009,0.3475946424776885,254904,0.33046658302191645,148,922
dqn_original,DQN,Original,776,274.7847525311686,56.53484344482422,0,0.36,242,242,255.41237113402062,430,0.010000000000000009,0.41351445162192335,255334,0.25067362500703894,148,923
dqn_original,DQN,Original,777,290.3075379199249,56.3558464050293,0,0.35,174,174,255.3075933075933,256,0.010000000000000009,0.36431713456113357,255590,0.14614774999790825,148,924
dqn_original,DQN,Original,778,157.66049377382234,55.21210479736328,0,0.35,792,792,255.9974293059126,1000,0.010000000000000009,0.38447267862036827,256590,0.5639455420023296,148,925
dqn_original,DQN,Original,779,243.19866475169002,56.727699279785156,1,0.35,250,250,255.98973042362002,473,0.010000000000000009,0.4176626559740708,257063,0.26510925000184216,148,926
dqn_original,DQN,Original,780,201.7518495523709,55.385581970214844,0,0.34,849,849,256.75,921,0.010000000000000009,0.37006638602765196,257984,0.5303858330007643,148,927
dqn_original,DQN,Original,781,17.32736585821071,54.72071838378906,1,0.35,99,99,256.54801536491675,117,0.010000000000000009,0.43994218798784107,258101,0.07338045799406245,148,928
dqn_original,DQN,Original,782,52.09775211616312,56.70256423950195,1,0.36,134,134,256.39130434782606,152,0.010000000000000009,0.3754280356347169,258253,0.08572295799967833,148,929
dqn_original,DQN,Original,783,251.39484564241073,53.645660400390625,0,0.36,450,450,256.63856960408685,613,0.010000000000000009,0.4212147417807949,258866,0.3502782080031466,148,930
dqn_original,DQN,Original,784,260.39713911465356,54.37399673461914,0,0.36,196,196,256.5612244897959,356,0.010000000000000009,0.36251933805728226,259222,0.20399370801169425,148,931
dqn_original,DQN,Original,785,29.571471383355515,52.785194396972656,0,0.36,96,96,256.35668789808915,125,0.010000000000000009,0.4302931787967682,259347,0.07377245798124932,148,932
dqn_original,DQN,Original,786,43.61733642733802,53.79882049560547,0,0.36,68,68,256.117048346056,104,0.010000000000000009,0.29691940037390363,259451,0.060968499979935586,148,933
dqn_original,DQN,Original,787,-8.201476904591203,53.07585144042969,0,0.35,58,58,255.86531130876747,77,0.010000000000000009,0.3351596434201513,259528,0.04705637498409487,148,934
dqn_original,DQN,Original,788,12.63853626319299,53.395198822021484,0,0.35,149,149,255.7296954314721,193,0.010000000000000009,0.35288157553407196,259721,0.10851204200298525,148,935
dqn_original,DQN,Original,789,52.41782155792126,52.220455169677734,0,0.35,99,99,255.53105196451205,115,0.010000000000000009,0.4183904280481131,259836,0.0657915839983616,148,936
dqn_original,DQN,Original,790,284.0375938055441,52.279205322265625,1,0.36,318,318,255.61012658227847,520,0.010000000000000009,0.3848712673625694,260356,0.29241745799663477,148,937
dqn_original,DQN,Original,791,18.527127750692287,51.4974479675293,0,0.36,118,118,255.4361567635904,136,0.010000000000000009,0.42319553616621036,260492,0.0734625409822911,148,938
dqn_original,DQN,Original,792,-68.19040898832888,51.49132537841797,0,0.36,55,55,255.1830808080808,74,0.010000000000000009,0.48932454875997594,260566,0.039655208005569875,148,939
dqn_original,DQN,Original,793,-11.650277372428306,53.05937194824219,0,0.36,47,47,254.92055485498108,64,0.010000000000000009,0.45980393438367173,260630,0.03607733399257995,148,940
dqn_original,DQN,Original,794,-3.8573448233796057,52.88799285888672,0,0.36,77,77,254.69647355163727,110,0.010000000000000009,0.3847393297674981,260740,0.06220604199916124,148,941
dqn_original,DQN,Original,795,302.3515331892769,47.137447357177734,1,0.37,266,266,254.71069182389937,397,0.010000000000000009,0.3887931344941521,261137,0.21467491600196809,148,942
dqn_original,DQN,Original,796,-22.98387787446582,49.35429000854492,0,0.36,62,62,254.46859296482413,83,0.010000000000000009,0.3198178533060723,261220,0.04620870799408294,148,943
dqn_original,DQN,Original,797,-17.39553833955739,50.334686279296875,0,0.36,66,66,254.23212045169385,97,0.010000000000000009,0.4537512957281673,261317,0.05375862499931827,148,944
dqn_original,DQN,Original,798,21.899502125126943,50.4153938293457,0,0.36,89,89,254.0250626566416,101,0.010000000000000009,0.4465966306921869,261418,0.05629787500947714,148,945
dqn_original,DQN,Original,799,148.52098620258283,47.93305969238281,0,0.36,797,797,254.70463078848562,836,0.010000000000000009,0.4093395817276251,262254,0.4575200830004178,148,946
dqn_original,DQN,Original,800,41.603816491683915,49.11587142944336,0,0.36,84,84,254.49125,91,0.010000000000000009,0.43000599516780824,262345,0.051539165986469015,148,947
